patient_id,sex,birth_date,race,ethnicity,index_site
P00001,M,1980-11-17,American Indian/Alaska Native,Not Hispanic or Latino,B
P00002,F,1969-12-02,White,Not Hispanic or Latino,A
P00003,M,1991-01-17,American Indian/Alaska Native,Not Hispanic or Latino,B
P00004,M,1978-10-16,Asian,Not Hispanic or Latino,B
P00005,M,1989-10-21,Native Hawaiian/Pacific Islander,Not Hispanic or Latino,A
P00006,F,1947-02-04,Black,Not Hispanic or Latino,A
P00007,F,1980-02-22,American Indian/Alaska Native,Not Hispanic or Latino,A
P00008,F,1977-01-09,Black,Hispanic or Latino,C
P00009,F,1946-10-20,American Indian/Alaska Native,Not Hispanic or Latino,A
P00010,M,1976-10-11,White,Not Hispanic or Latino,A
P00011,F,1954-07-13,White,Not Hispanic or Latino,C
P00012,F,1981-04-11,Asian,Not Hispanic or Latino,A
P00013,M,1950-08-06,Asian,Hispanic or Latino,A
P00014,F,1949-06-03,Black,Not Hispanic or Latino,C
P00015,F,1963-10-09,American Indian/Alaska Native,Not Hispanic or Latino,A
P00016,F,1951-11-25,Native Hawaiian/Pacific Islander,Not Hispanic or Latino,A
P00017,F,1987-10-18,White,Not Hispanic or Latino,A
P00018,F,1998-10-10,Native Hawaiian/Pacific Islander,Not Hispanic or Latino,A
P00019,M,1998-12-04,Black,Not Hispanic or Latino,B
P00020,F,1952-07-16,Asian,Not Hispanic or Latino,A
P00021,M,1957-03-17,White,Not Hispanic or Latino,B
P00022,F,1959-01-18,Black,Not Hispanic or Latino,A
P00023,F,1968-09-10,Asian,Not Hispanic or Latino,C
P00024,M,1974-09-06,White,Not Hispanic or Latino,B
P00025,M,1958-07-05,Black,Hispanic or Latino,C
P00026,M,1981-11-26,White,Not Hispanic or Latino,A
P00027,F,1965-11-08,Asian,Hispanic or Latino,B
P00028,M,1988-04-30,Asian,Hispanic or Latino,C
P00029,M,1970-05-06,American Indian/Alaska Native,Not Hispanic or Latino,A
P00030,M,1975-06-04,Native Hawaiian/Pacific Islander,Hispanic or Latino,B
P00031,F,1958-05-19,White,Not Hispanic or Latino,A
P00032,F,1985-01-25,American Indian/Alaska Native,Not Hispanic or Latino,C
P00033,M,1942-08-17,Native Hawaiian/Pacific Islander,Not Hispanic or Latino,A
P00034,M,1979-01-17,White,Not Hispanic or Latino,B
P00035,M,1983-04-14,Black,Not Hispanic or Latino,B
P00036,M,2001-01-21,Native Hawaiian/Pacific Islander,Not Hispanic or Latino,B
P00037,F,1969-07-31,White,Not Hispanic or Latino,C
P00038,F,1963-08-04,American Indian/Alaska Native,Not Hispanic or Latino,B
P00039,F,1977-02-01,American Indian/Alaska Native,Not Hispanic or Latino,B
P00040,M,1983-06-13,White,Hispanic or Latino,A
P00041,M,1991-11-11,American Indian/Alaska Native,Hispanic or Latino,B
P00042,M,1988-05-17,Asian,Hispanic or Latino,B
P00043,F,1952-03-10,White,Not Hispanic or Latino,A
P00044,F,1980-09-15,Native Hawaiian/Pacific Islander,Not Hispanic or Latino,A
P00045,M,2001-12-16,Asian,Not Hispanic or Latino,C
P00046,F,1985-09-28,Native Hawaiian/Pacific Islander,Not Hispanic or Latino,B
P00047,F,1954-03-06,American Indian/Alaska Native,Not Hispanic or Latino,B
P00048,F,1976-10-08,Native Hawaiian/Pacific Islander,Not Hispanic or Latino,A
P00049,M,1953-06-27,White,Not Hispanic or Latino,A
P00050,F,1940-02-12,Asian,Not Hispanic or Latino,A
P00051,M,1979-02-18,White,Not Hispanic or Latino,A
P00052,M,1952-12-13,Black,Not Hispanic or Latino,A
P00053,F,2002-05-11,American Indian/Alaska Native,Not Hispanic or Latino,C
P00054,F,1982-09-29,White,Not Hispanic or Latino,A
P00055,F,1969-03-11,Asian,Not Hispanic or Latino,A
P00056,F,1975-04-25,White,Not Hispanic or Latino,B
P00057,M,1987-10-21,Black,Not Hispanic or Latino,B
P00058,F,1961-07-28,Native Hawaiian/Pacific Islander,Hispanic or Latino,A
P00059,F,1982-10-02,Asian,Not Hispanic or Latino,A
P00060,M,1943-06-13,Native Hawaiian/Pacific Islander,Not Hispanic or Latino,B
P00061,F,1963-11-11,American Indian/Alaska Native,Not Hispanic or Latino,A
P00062,M,1950-12-06,American Indian/Alaska Native,Not Hispanic or Latino,A
P00063,F,1941-12-21,White,Not Hispanic or Latino,B
P00064,M,2000-12-23,Black,Not Hispanic or Latino,C
P00065,F,1971-11-03,American Indian/Alaska Native,Not Hispanic or Latino,A
P00066,F,1977-11-27,Native Hawaiian/Pacific Islander,Not Hispanic or Latino,B
P00067,F,1966-08-03,White,Not Hispanic or Latino,B
P00068,F,1996-10-15,Asian,Not Hispanic or Latino,B
P00069,F,1988-02-02,Asian,Not Hispanic or Latino,B
P00070,F,1977-02-05,American Indian/Alaska Native,Not Hispanic or Latino,B
P00071,M,1973-08-03,Black,Not Hispanic or Latino,B
P00072,F,1962-08-16,American Indian/Alaska Native,Not Hispanic or Latino,C
P00073,M,1989-12-26,Asian,Not Hispanic or Latino,A
P00074,F,1946-02-11,Black,Not Hispanic or Latino,B
P00075,M,1998-02-08,Asian,Not Hispanic or Latino,B
P00076,M,1992-03-08,Black,Not Hispanic or Latino,A
P00077,F,1941-03-10,American Indian/Alaska Native,Hispanic or Latino,B
P00078,M,1953-12-25,Native Hawaiian/Pacific Islander,Not Hispanic or Latino,C
P00079,F,1948-03-04,Asian,Not Hispanic or Latino,C
P00080,M,1956-02-06,Asian,Not Hispanic or Latino,B
P00081,F,1984-10-21,Black,Not Hispanic or Latino,A
P00082,M,1986-04-11,Asian,Hispanic or Latino,A
P00083,F,1988-09-16,Native Hawaiian/Pacific Islander,Not Hispanic or Latino,A
P00084,M,1998-01-28,White,Hispanic or Latino,A
P00085,F,1962-05-25,Black,Hispanic or Latino,C
P00086,F,1969-10-26,White,Not Hispanic or Latino,C
P00087,F,1978-03-26,Native Hawaiian/Pacific Islander,Hispanic or Latino,C
P00088,M,1942-05-20,Asian,Not Hispanic or Latino,B
P00089,F,1946-06-26,American Indian/Alaska Native,Not Hispanic or Latino,B
P00090,M,1967-09-29,Native Hawaiian/Pacific Islander,Not Hispanic or Latino,A
P00091,M,1984-03-12,White,Not Hispanic or Latino,B
P00092,F,1978-11-20,White,Hispanic or Latino,B
P00093,M,1982-09-07,Asian,Not Hispanic or Latino,A
P00094,F,1970-03-31,Asian,Not Hispanic or Latino,B
P00095,F,1947-06-22,White,Not Hispanic or Latino,B
P00096,M,1950-12-01,White,Not Hispanic or Latino,C
P00097,F,1997-03-14,American Indian/Alaska Native,Not Hispanic or Latino,C
P00098,M,1971-05-23,Asian,Not Hispanic or Latino,C
P00099,M,1977-03-08,White,Not Hispanic or Latino,A
P00100,F,1976-06-20,Asian,Not Hispanic or Latino,C
P00101,F,1946-06-27,American Indian/Alaska Native,Not Hispanic or Latino,A
P00102,M,1998-06-14,Native Hawaiian/Pacific Islander,Hispanic or Latino,A
P00103,F,1991-03-06,Black,Not Hispanic or Latino,A
P00104,M,1980-09-17,Asian,Not Hispanic or Latino,C
P00105,M,1984-09-09,American Indian/Alaska Native,Not Hispanic or Latino,A
P00106,F,1958-05-29,Asian,Not Hispanic or Latino,C
P00107,F,1959-10-30,American Indian/Alaska Native,Not Hispanic or Latino,B
P00108,F,2000-08-27,White,Not Hispanic or Latino,B
P00109,F,1985-11-04,Native Hawaiian/Pacific Islander,Hispanic or Latino,B
P00110,F,1960-05-15,Black,Not Hispanic or Latino,B
P00111,F,1948-10-22,American Indian/Alaska Native,Not Hispanic or Latino,C
P00112,M,1996-08-08,American Indian/Alaska Native,Not Hispanic or Latino,A
P00113,F,1950-07-05,Native Hawaiian/Pacific Islander,Not Hispanic or Latino,A
P00114,F,1969-05-20,American Indian/Alaska Native,Not Hispanic or Latino,B
P00115,M,1974-04-02,Black,Not Hispanic or Latino,A
P00116,M,2000-03-10,White,Not Hispanic or Latino,B
P00117,M,1990-12-31,White,Hispanic or Latino,A
P00118,F,1971-12-20,Native Hawaiian/Pacific Islander,Hispanic or Latino,B
P00119,M,1964-04-08,Native Hawaiian/Pacific Islander,Not Hispanic or Latino,C
P00120,M,2001-01-30,American Indian/Alaska Native,Not Hispanic or Latino,B
P00121,M,1994-04-22,Asian,Hispanic or Latino,A
P00122,F,1970-11-25,Native Hawaiian/Pacific Islander,Not Hispanic or Latino,C
P00123,M,1967-01-07,Asian,Not Hispanic or Latino,A
P00124,M,1958-05-27,Native Hawaiian/Pacific Islander,Not Hispanic or Latino,B
P00125,F,1980-07-01,Asian,Not Hispanic or Latino,A
P00126,M,1963-11-04,American Indian/Alaska Native,Not Hispanic or Latino,B
P00127,F,1944-12-04,American Indian/Alaska Native,Not Hispanic or Latino,C
P00128,F,1942-05-25,White,Not Hispanic or Latino,B
P00129,F,1941-01-31,Native Hawaiian/Pacific Islander,Not Hispanic or Latino,B
P00130,M,1973-08-10,White,Hispanic or Latino,B
P00131,M,1973-01-26,Black,Not Hispanic or Latino,A
P00132,F,1954-05-04,American Indian/Alaska Native,Not Hispanic or Latino,C
P00133,M,1973-07-24,Native Hawaiian/Pacific Islander,Not Hispanic or Latino,C
P00134,M,1941-01-11,White,Not Hispanic or Latino,B
P00135,F,1977-12-08,American Indian/Alaska Native,Not Hispanic or Latino,B
P00136,F,1984-01-02,Asian,Not Hispanic or Latino,A
P00137,F,1984-02-10,American Indian/Alaska Native,Hispanic or Latino,A
P00138,M,1958-01-06,Native Hawaiian/Pacific Islander,Not Hispanic or Latino,A
P00139,M,1982-01-24,Black,Not Hispanic or Latino,C
P00140,F,1943-03-04,Asian,Hispanic or Latino,A
P00141,F,1948-11-10,Black,Hispanic or Latino,C
P00142,F,1941-01-20,White,Not Hispanic or Latino,A
P00143,F,2000-05-30,Asian,Not Hispanic or Latino,A
P00144,M,1996-06-05,Asian,Not Hispanic or Latino,A
P00145,F,1995-10-29,Native Hawaiian/Pacific Islander,Not Hispanic or Latino,B
P00146,F,1971-10-29,Asian,Hispanic or Latino,A
P00147,F,1984-01-08,Native Hawaiian/Pacific Islander,Not Hispanic or Latino,B
P00148,M,1989-01-16,White,Not Hispanic or Latino,A
P00149,M,1982-10-19,American Indian/Alaska Native,Not Hispanic or Latino,B
P00150,M,1949-07-23,American Indian/Alaska Native,Hispanic or Latino,A
P00151,M,1973-11-13,Native Hawaiian/Pacific Islander,Not Hispanic or Latino,C
P00152,F,1940-05-05,Native Hawaiian/Pacific Islander,Not Hispanic or Latino,B
P00153,M,1951-05-23,Black,Not Hispanic or Latino,B
P00154,F,1946-10-27,White,Not Hispanic or Latino,A
P00155,F,1959-05-06,White,Not Hispanic or Latino,B
P00156,M,1967-06-21,White,Not Hispanic or Latino,A
P00157,F,1998-08-13,White,Not Hispanic or Latino,A
P00158,M,1991-05-08,American Indian/Alaska Native,Hispanic or Latino,A
P00159,F,1984-08-16,Asian,Not Hispanic or Latino,B
P00160,M,1941-09-25,Black,Not Hispanic or Latino,A
P00161,M,1975-09-29,Asian,Not Hispanic or Latino,C
P00162,F,1996-03-28,Native Hawaiian/Pacific Islander,Not Hispanic or Latino,B
P00163,M,1983-10-03,Black,Not Hispanic or Latino,A
P00164,F,1951-03-06,White,Hispanic or Latino,A
P00165,F,2000-12-05,American Indian/Alaska Native,Not Hispanic or Latino,A
P00166,M,1955-06-07,Asian,Not Hispanic or Latino,C
P00167,F,1973-08-05,White,Not Hispanic or Latino,A
P00168,M,1954-10-07,American Indian/Alaska Native,Not Hispanic or Latino,A
P00169,M,1972-07-17,White,Hispanic or Latino,A
P00170,F,1968-03-12,Black,Hispanic or Latino,B
P00171,M,1952-02-06,Black,Not Hispanic or Latino,B
P00172,F,1959-11-24,Asian,Not Hispanic or Latino,C
P00173,F,1984-02-23,American Indian/Alaska Native,Not Hispanic or Latino,B
P00174,F,1969-02-21,Black,Not Hispanic or Latino,A
P00175,F,1948-06-28,White,Not Hispanic or Latino,A
P00176,M,1942-03-30,Asian,Not Hispanic or Latino,B
P00177,M,1964-03-19,Black,Not Hispanic or Latino,B
P00178,F,1973-02-03,Native Hawaiian/Pacific Islander,Not Hispanic or Latino,B
P00179,F,1960-05-13,Black,Not Hispanic or Latino,A
P00180,M,1986-08-24,American Indian/Alaska Native,Not Hispanic or Latino,A
P00181,F,1979-11-30,Native Hawaiian/Pacific Islander,Hispanic or Latino,B
P00182,M,1946-06-14,Native Hawaiian/Pacific Islander,Not Hispanic or Latino,C
P00183,M,1977-08-01,Native Hawaiian/Pacific Islander,Hispanic or Latino,B
P00184,M,1941-07-17,White,Not Hispanic or Latino,C
P00185,M,1973-03-30,American Indian/Alaska Native,Not Hispanic or Latino,A
P00186,F,1967-05-13,Asian,Not Hispanic or Latino,A
P00187,F,1993-08-17,White,Not Hispanic or Latino,B
P00188,M,1964-05-16,Black,Not Hispanic or Latino,C
P00189,F,1970-11-22,Black,Not Hispanic or Latino,C
P00190,M,1967-05-07,American Indian/Alaska Native,Hispanic or Latino,A
P00191,F,1988-03-07,Asian,Not Hispanic or Latino,C
P00192,M,1984-05-29,Native Hawaiian/Pacific Islander,Not Hispanic or Latino,B
P00193,M,1959-12-04,Asian,Not Hispanic or Latino,C
P00194,M,1978-01-30,Native Hawaiian/Pacific Islander,Not Hispanic or Latino,A
P00195,F,2000-09-02,American Indian/Alaska Native,Not Hispanic or Latino,A
P00196,F,1985-09-22,Native Hawaiian/Pacific Islander,Hispanic or Latino,C
P00197,F,1978-09-17,Black,Not Hispanic or Latino,A
P00198,M,2002-05-30,Black,Not Hispanic or Latino,A
P00199,M,1984-12-10,Native Hawaiian/Pacific Islander,Not Hispanic or Latino,B
P00200,M,1942-03-21,American Indian/Alaska Native,Hispanic or Latino,C
P00201,F,1965-08-27,Black,Not Hispanic or Latino,A
P00202,M,1984-09-12,Asian,Not Hispanic or Latino,B
P00203,M,1984-08-30,Native Hawaiian/Pacific Islander,Not Hispanic or Latino,A
P00204,M,1977-08-11,Native Hawaiian/Pacific Islander,Hispanic or Latino,A
P00205,M,1988-11-30,American Indian/Alaska Native,Not Hispanic or Latino,C
P00206,M,1975-03-19,Black,Not Hispanic or Latino,B
P00207,F,1968-01-15,White,Hispanic or Latino,B
P00208,M,1944-05-12,Asian,Not Hispanic or Latino,B
P00209,F,1950-03-04,Asian,Hispanic or Latino,A
P00210,F,1971-01-17,White,Not Hispanic or Latino,B
P00211,F,1977-04-12,Black,Not Hispanic or Latino,A
P00212,F,1990-09-30,Asian,Not Hispanic or Latino,C
P00213,F,1990-02-27,American Indian/Alaska Native,Not Hispanic or Latino,A
P00214,F,2001-07-20,American Indian/Alaska Native,Not Hispanic or Latino,B
P00215,M,1958-01-21,Black,Not Hispanic or Latino,A
P00216,M,2002-07-01,Asian,Not Hispanic or Latino,B
P00217,F,1987-02-13,Native Hawaiian/Pacific Islander,Not Hispanic or Latino,A
P00218,M,1972-05-14,Black,Hispanic or Latino,B
P00219,F,1977-03-10,White,Not Hispanic or Latino,A
P00220,F,1959-10-24,Native Hawaiian/Pacific Islander,Hispanic or Latino,B
P00221,F,1995-10-23,White,Hispanic or Latino,A
P00222,M,1950-10-04,Black,Not Hispanic or Latino,A
P00223,F,1947-01-12,White,Not Hispanic or Latino,A
P00224,M,1948-02-18,Asian,Not Hispanic or Latino,B
P00225,M,2001-06-18,White,Not Hispanic or Latino,B
P00226,F,1993-09-23,Native Hawaiian/Pacific Islander,Not Hispanic or Latino,B
P00227,M,1947-12-23,Asian,Not Hispanic or Latino,A
P00228,M,1975-02-09,Black,Not Hispanic or Latino,B
P00229,M,2000-09-11,Asian,Not Hispanic or Latino,A
P00230,F,1974-03-06,American Indian/Alaska Native,Hispanic or Latino,B
P00231,F,1974-09-05,Asian,Hispanic or Latino,B
P00232,F,1963-05-22,American Indian/Alaska Native,Hispanic or Latino,B
P00233,F,1962-10-13,Black,Not Hispanic or Latino,B
P00234,F,1988-12-24,White,Not Hispanic or Latino,B
P00235,F,1960-08-27,White,Not Hispanic or Latino,C
P00236,F,1963-12-27,Native Hawaiian/Pacific Islander,Not Hispanic or Latino,A
P00237,M,1956-01-12,White,Hispanic or Latino,B
P00238,M,1998-05-22,Native Hawaiian/Pacific Islander,Not Hispanic or Latino,C
P00239,F,1965-02-16,White,Not Hispanic or Latino,A
P00240,F,1990-06-10,American Indian/Alaska Native,Hispanic or Latino,C
P00241,F,1958-11-21,Asian,Hispanic or Latino,C
P00242,F,1968-11-13,Asian,Not Hispanic or Latino,A
P00243,F,1943-07-26,Black,Not Hispanic or Latino,B
P00244,M,1941-08-08,Black,Not Hispanic or Latino,B
P00245,M,1949-06-07,Black,Not Hispanic or Latino,B
P00246,F,1957-09-23,White,Hispanic or Latino,A
P00247,F,1980-04-18,Asian,Hispanic or Latino,C
P00248,F,1945-11-17,Black,Not Hispanic or Latino,C
P00249,F,1974-09-12,Native Hawaiian/Pacific Islander,Not Hispanic or Latino,C
P00250,F,1971-08-31,American Indian/Alaska Native,Hispanic or Latino,A
P00251,F,1977-09-14,White,Not Hispanic or Latino,A
P00252,F,1996-05-18,American Indian/Alaska Native,Not Hispanic or Latino,A
P00253,F,1997-01-21,White,Not Hispanic or Latino,B
P00254,F,1941-04-30,White,Not Hispanic or Latino,A
P00255,M,1957-11-20,Native Hawaiian/Pacific Islander,Hispanic or Latino,A
P00256,F,1977-04-22,American Indian/Alaska Native,Not Hispanic or Latino,C
P00257,M,1946-08-14,American Indian/Alaska Native,Not Hispanic or Latino,B
P00258,M,1990-10-26,Asian,Not Hispanic or Latino,B
P00259,F,1955-10-09,White,Not Hispanic or Latino,A
P00260,F,1961-04-05,White,Not Hispanic or Latino,B
P00261,F,1956-05-01,Black,Hispanic or Latino,B
P00262,F,1960-10-07,Black,Not Hispanic or Latino,B
P00263,F,1995-06-25,Black,Not Hispanic or Latino,A
P00264,F,1963-10-23,Native Hawaiian/Pacific Islander,Not Hispanic or Latino,C
P00265,M,1949-03-18,Asian,Not Hispanic or Latino,A
P00266,F,1945-07-20,White,Hispanic or Latino,B
P00267,M,1950-08-22,Asian,Not Hispanic or Latino,A
P00268,F,1967-03-12,Asian,Not Hispanic or Latino,C
P00269,M,1973-05-02,Black,Not Hispanic or Latino,B
P00270,M,1987-03-06,American Indian/Alaska Native,Hispanic or Latino,A
P00271,M,1972-08-31,American Indian/Alaska Native,Not Hispanic or Latino,B
P00272,F,1971-06-26,Native Hawaiian/Pacific Islander,Not Hispanic or Latino,A
P00273,M,1952-01-27,Asian,Not Hispanic or Latino,A
P00274,F,1999-08-31,White,Hispanic or Latino,B
P00275,M,1995-10-03,Native Hawaiian/Pacific Islander,Not Hispanic or Latino,A
P00276,F,1985-02-01,White,Not Hispanic or Latino,A
P00277,F,1954-11-12,American Indian/Alaska Native,Hispanic or Latino,B
P00278,F,1943-02-22,Black,Not Hispanic or Latino,A
P00279,M,1976-03-14,Asian,Not Hispanic or Latino,C
P00280,M,1944-09-27,White,Not Hispanic or Latino,C
P00281,F,1985-03-24,American Indian/Alaska Native,Hispanic or Latino,C
P00282,M,1996-06-06,Asian,Not Hispanic or Latino,A
P00283,F,1978-08-14,White,Hispanic or Latino,B
P00284,F,1983-07-02,American Indian/Alaska Native,Hispanic or Latino,A
P00285,F,1944-05-13,Black,Not Hispanic or Latino,C
P00286,F,1971-09-24,White,Not Hispanic or Latino,B
P00287,M,1949-01-30,Asian,Not Hispanic or Latino,C
P00288,M,1988-04-11,Black,Not Hispanic or Latino,A
P00289,F,1969-12-25,Black,Not Hispanic or Latino,A
P00290,F,1973-02-07,American Indian/Alaska Native,Hispanic or Latino,B
P00291,M,1985-04-18,American Indian/Alaska Native,Not Hispanic or Latino,B
P00292,F,1961-09-21,Black,Not Hispanic or Latino,C
P00293,F,1941-01-04,Asian,Not Hispanic or Latino,C
P00294,M,1945-09-18,Asian,Not Hispanic or Latino,B
P00295,F,1948-07-12,White,Not Hispanic or Latino,A
P00296,F,1983-02-11,American Indian/Alaska Native,Not Hispanic or Latino,C
P00297,M,1980-07-13,White,Not Hispanic or Latino,B
P00298,F,2000-08-13,White,Hispanic or Latino,A
P00299,M,1955-06-23,Black,Not Hispanic or Latino,B
P00300,F,1999-06-27,White,Not Hispanic or Latino,C
P00301,M,1994-04-17,Black,Not Hispanic or Latino,B
P00302,F,1961-05-19,Black,Not Hispanic or Latino,C
P00303,F,1982-12-07,Asian,Not Hispanic or Latino,B
P00304,M,1983-06-02,American Indian/Alaska Native,Not Hispanic or Latino,A
P00305,M,1943-09-12,Asian,Not Hispanic or Latino,B
P00306,M,1952-09-22,White,Hispanic or Latino,A
P00307,M,1941-08-09,Black,Not Hispanic or Latino,A
P00308,M,1942-07-20,Black,Not Hispanic or Latino,A
P00309,M,1999-05-23,Asian,Not Hispanic or Latino,B
P00310,F,1987-08-14,American Indian/Alaska Native,Not Hispanic or Latino,C
P00311,M,1940-04-20,White,Hispanic or Latino,A
P00312,F,1988-01-01,Black,Not Hispanic or Latino,B
P00313,F,1950-02-24,White,Not Hispanic or Latino,C
P00314,M,1984-12-29,White,Not Hispanic or Latino,A
P00315,F,1968-11-08,Native Hawaiian/Pacific Islander,Not Hispanic or Latino,A
P00316,M,1976-11-13,Native Hawaiian/Pacific Islander,Not Hispanic or Latino,C
P00317,F,1962-11-19,Black,Not Hispanic or Latino,C
P00318,F,1952-03-20,White,Hispanic or Latino,A
P00319,M,1972-05-09,Black,Hispanic or Latino,B
P00320,F,1940-02-29,Native Hawaiian/Pacific Islander,Not Hispanic or Latino,A
P00321,M,1966-04-11,Asian,Not Hispanic or Latino,B
P00322,F,1960-09-16,White,Not Hispanic or Latino,C
P00323,M,1968-12-30,Native Hawaiian/Pacific Islander,Not Hispanic or Latino,A
P00324,F,1983-05-07,White,Not Hispanic or Latino,A
P00325,F,1973-02-17,White,Not Hispanic or Latino,B
P00326,M,1965-09-04,Native Hawaiian/Pacific Islander,Not Hispanic or Latino,B
P00327,M,1996-04-27,Native Hawaiian/Pacific Islander,Not Hispanic or Latino,A
P00328,F,1991-04-05,Black,Not Hispanic or Latino,A
P00329,F,1950-04-23,Native Hawaiian/Pacific Islander,Not Hispanic or Latino,B
P00330,M,1978-12-07,White,Not Hispanic or Latino,C
P00331,M,1946-01-17,White,Not Hispanic or Latino,B
P00332,F,1974-12-05,White,Not Hispanic or Latino,A
P00333,M,1975-08-19,White,Not Hispanic or Latino,A
P00334,M,1983-01-10,Native Hawaiian/Pacific Islander,Not Hispanic or Latino,C
P00335,M,1968-04-08,Native Hawaiian/Pacific Islander,Not Hispanic or Latino,C
P00336,F,1944-01-11,Native Hawaiian/Pacific Islander,Not Hispanic or Latino,B
P00337,M,1968-02-16,Native Hawaiian/Pacific Islander,Not Hispanic or Latino,A
P00338,F,1972-04-27,American Indian/Alaska Native,Hispanic or Latino,A
P00339,M,1971-04-09,Asian,Not Hispanic or Latino,C
P00340,M,1976-08-13,White,Not Hispanic or Latino,C
P00341,F,1995-11-20,White,Hispanic or Latino,A
P00342,M,1995-10-13,Asian,Not Hispanic or Latino,C
P00343,M,1988-08-23,Native Hawaiian/Pacific Islander,Not Hispanic or Latino,A
P00344,F,1999-05-04,Asian,Hispanic or Latino,C
P00345,M,1980-05-20,White,Not Hispanic or Latino,C
P00346,F,1965-02-12,Black,Not Hispanic or Latino,C
P00347,M,1980-09-18,American Indian/Alaska Native,Not Hispanic or Latino,A
P00348,M,1963-03-17,White,Not Hispanic or Latino,B
P00349,M,1947-09-02,American Indian/Alaska Native,Not Hispanic or Latino,B
P00350,F,1958-11-10,Asian,Not Hispanic or Latino,A
P00351,M,1984-05-07,American Indian/Alaska Native,Hispanic or Latino,C
P00352,F,1952-04-03,Native Hawaiian/Pacific Islander,Not Hispanic or Latino,B
P00353,M,1956-12-28,Native Hawaiian/Pacific Islander,Not Hispanic or Latino,C
P00354,M,1972-11-08,Asian,Not Hispanic or Latino,C
P00355,F,1998-05-30,White,Not Hispanic or Latino,A
P00356,M,1978-12-08,American Indian/Alaska Native,Not Hispanic or Latino,C
P00357,F,1977-06-26,Native Hawaiian/Pacific Islander,Not Hispanic or Latino,A
P00358,F,1978-07-11,Native Hawaiian/Pacific Islander,Not Hispanic or Latino,B
P00359,F,1949-03-31,White,Not Hispanic or Latino,B
P00360,M,1974-01-16,White,Hispanic or Latino,A
P00361,M,1996-12-29,White,Not Hispanic or Latino,B
P00362,M,2002-08-19,White,Not Hispanic or Latino,C
P00363,M,1961-02-13,Asian,Not Hispanic or Latino,B
P00364,F,1940-01-05,Asian,Not Hispanic or Latino,B
P00365,M,1970-04-22,Native Hawaiian/Pacific Islander,Not Hispanic or Latino,C
P00366,M,1960-05-27,Asian,Hispanic or Latino,B
P00367,M,1969-10-07,American Indian/Alaska Native,Not Hispanic or Latino,B
P00368,M,1960-07-12,White,Not Hispanic or Latino,B
P00369,M,1963-06-09,Asian,Not Hispanic or Latino,C
P00370,M,1947-02-18,Black,Not Hispanic or Latino,A
P00371,F,1949-05-28,Native Hawaiian/Pacific Islander,Not Hispanic or Latino,B
P00372,F,1945-12-27,Native Hawaiian/Pacific Islander,Not Hispanic or Latino,A
P00373,M,1985-10-24,Asian,Not Hispanic or Latino,A
P00374,M,1968-02-04,Native Hawaiian/Pacific Islander,Not Hispanic or Latino,B
P00375,F,1985-10-26,Native Hawaiian/Pacific Islander,Not Hispanic or Latino,B
P00376,F,1978-06-07,White,Not Hispanic or Latino,C
P00377,M,1969-12-09,Asian,Not Hispanic or Latino,A
P00378,F,1983-04-14,American Indian/Alaska Native,Not Hispanic or Latino,C
P00379,F,1969-12-03,Native Hawaiian/Pacific Islander,Hispanic or Latino,C
P00380,M,1949-12-29,Asian,Not Hispanic or Latino,A
P00381,F,1976-09-01,American Indian/Alaska Native,Hispanic or Latino,C
P00382,M,1950-09-17,Asian,Not Hispanic or Latino,B
P00383,M,1956-08-03,White,Not Hispanic or Latino,A
P00384,F,2002-09-29,Asian,Not Hispanic or Latino,B
P00385,F,1986-09-15,American Indian/Alaska Native,Hispanic or Latino,A
P00386,M,1975-11-11,White,Not Hispanic or Latino,B
P00387,F,1997-09-29,Native Hawaiian/Pacific Islander,Not Hispanic or Latino,B
P00388,F,1947-03-11,Black,Hispanic or Latino,A
P00389,M,1983-11-13,American Indian/Alaska Native,Not Hispanic or Latino,B
P00390,F,1953-02-23,Native Hawaiian/Pacific Islander,Not Hispanic or Latino,A
P00391,F,1984-12-02,American Indian/Alaska Native,Not Hispanic or Latino,C
P00392,M,1981-04-10,Black,Not Hispanic or Latino,A
P00393,F,1985-05-16,Asian,Not Hispanic or Latino,A
P00394,F,1957-06-10,American Indian/Alaska Native,Hispanic or Latino,A
P00395,F,1963-11-29,Native Hawaiian/Pacific Islander,Not Hispanic or Latino,A
P00396,M,1999-01-25,Black,Not Hispanic or Latino,C
P00397,M,1960-02-03,Asian,Hispanic or Latino,B
P00398,M,1984-04-04,Asian,Not Hispanic or Latino,A
P00399,F,1995-06-18,Asian,Not Hispanic or Latino,A
P00400,M,1951-01-27,Black,Not Hispanic or Latino,A
P00401,F,1962-09-20,White,Not Hispanic or Latino,A
P00402,M,1962-03-31,White,Not Hispanic or Latino,A
P00403,F,1948-05-22,American Indian/Alaska Native,Not Hispanic or Latino,B
P00404,F,1964-10-25,White,Not Hispanic or Latino,C
P00405,M,1987-08-19,White,Hispanic or Latino,A
P00406,F,1985-03-26,American Indian/Alaska Native,Not Hispanic or Latino,B
P00407,M,1966-05-19,American Indian/Alaska Native,Not Hispanic or Latino,A
P00408,F,1961-01-22,Black,Not Hispanic or Latino,A
P00409,M,1953-07-06,American Indian/Alaska Native,Not Hispanic or Latino,B
P00410,F,1948-07-10,Asian,Not Hispanic or Latino,B
P00411,M,1980-10-28,Asian,Not Hispanic or Latino,C
P00412,M,1966-11-20,American Indian/Alaska Native,Not Hispanic or Latino,B
P00413,F,1962-03-20,Asian,Hispanic or Latino,B
P00414,F,1954-06-23,Native Hawaiian/Pacific Islander,Not Hispanic or Latino,C
P00415,F,1951-01-07,Asian,Not Hispanic or Latino,C
P00416,F,1986-06-06,Black,Hispanic or Latino,A
P00417,M,1940-09-12,American Indian/Alaska Native,Not Hispanic or Latino,A
P00418,M,1996-12-02,Asian,Not Hispanic or Latino,C
P00419,F,1940-10-13,American Indian/Alaska Native,Not Hispanic or Latino,C
P00420,M,1989-09-24,Native Hawaiian/Pacific Islander,Not Hispanic or Latino,C
P00421,F,1997-02-16,Black,Not Hispanic or Latino,C
P00422,M,1974-07-29,Native Hawaiian/Pacific Islander,Hispanic or Latino,B
P00423,M,1962-01-16,White,Not Hispanic or Latino,A
P00424,F,1985-01-10,Black,Not Hispanic or Latino,B
P00425,F,1969-08-18,American Indian/Alaska Native,Not Hispanic or Latino,C
P00426,M,1983-09-25,Asian,Not Hispanic or Latino,B
P00427,M,1973-04-01,Black,Not Hispanic or Latino,B
P00428,M,1983-06-30,American Indian/Alaska Native,Not Hispanic or Latino,B
P00429,F,1991-09-25,American Indian/Alaska Native,Hispanic or Latino,C
P00430,F,1972-06-11,White,Not Hispanic or Latino,B
P00431,F,1971-03-13,Asian,Not Hispanic or Latino,C
P00432,F,1944-05-20,Native Hawaiian/Pacific Islander,Hispanic or Latino,B
P00433,F,1995-03-15,Native Hawaiian/Pacific Islander,Not Hispanic or Latino,A
P00434,M,1997-12-26,Black,Not Hispanic or Latino,B
P00435,M,1993-11-22,Black,Not Hispanic or Latino,B
P00436,F,1969-12-14,Native Hawaiian/Pacific Islander,Hispanic or Latino,B
P00437,M,1942-06-19,Black,Hispanic or Latino,C
P00438,F,1978-01-09,Native Hawaiian/Pacific Islander,Hispanic or Latino,B
P00439,F,1998-12-11,White,Not Hispanic or Latino,B
P00440,M,1997-04-10,Native Hawaiian/Pacific Islander,Hispanic or Latino,B
P00441,F,1979-04-21,American Indian/Alaska Native,Hispanic or Latino,B
P00442,F,1962-11-02,Black,Not Hispanic or Latino,A
P00443,F,1965-08-29,White,Not Hispanic or Latino,A
P00444,M,1958-03-14,White,Hispanic or Latino,C
P00445,F,1997-04-05,White,Not Hispanic or Latino,C
P00446,M,1963-12-03,Black,Not Hispanic or Latino,B
P00447,F,1976-01-04,Asian,Not Hispanic or Latino,A
P00448,M,1979-05-07,American Indian/Alaska Native,Hispanic or Latino,A
P00449,F,1976-01-25,American Indian/Alaska Native,Not Hispanic or Latino,A
P00450,M,1954-04-01,Asian,Hispanic or Latino,B
P00451,F,1944-12-18,White,Not Hispanic or Latino,B
P00452,M,1988-09-18,Black,Not Hispanic or Latino,C
P00453,F,1997-09-03,Black,Hispanic or Latino,A
P00454,F,2001-10-04,Native Hawaiian/Pacific Islander,Hispanic or Latino,A
P00455,F,1980-02-09,American Indian/Alaska Native,Not Hispanic or Latino,A
P00456,F,1943-08-27,Black,Hispanic or Latino,B
P00457,M,1983-01-18,American Indian/Alaska Native,Hispanic or Latino,A
P00458,F,1972-11-07,Native Hawaiian/Pacific Islander,Hispanic or Latino,C
P00459,F,1975-04-22,Asian,Not Hispanic or Latino,A
P00460,M,1988-11-15,Native Hawaiian/Pacific Islander,Not Hispanic or Latino,B
P00461,M,1985-03-04,Native Hawaiian/Pacific Islander,Not Hispanic or Latino,A
P00462,F,1984-12-30,Native Hawaiian/Pacific Islander,Not Hispanic or Latino,B
P00463,F,1970-01-19,White,Hispanic or Latino,A
P00464,M,1951-08-30,American Indian/Alaska Native,Not Hispanic or Latino,A
P00465,F,1952-09-13,American Indian/Alaska Native,Not Hispanic or Latino,B
P00466,F,1991-04-26,American Indian/Alaska Native,Not Hispanic or Latino,C
P00467,F,1961-07-09,Black,Not Hispanic or Latino,C
P00468,M,1983-12-08,Native Hawaiian/Pacific Islander,Not Hispanic or Latino,A
P00469,M,1999-04-07,Native Hawaiian/Pacific Islander,Not Hispanic or Latino,C
P00470,M,1998-04-23,Asian,Not Hispanic or Latino,A
P00471,F,1994-06-14,Native Hawaiian/Pacific Islander,Not Hispanic or Latino,C
P00472,F,1962-09-28,Black,Hispanic or Latino,C
P00473,M,1987-04-23,White,Hispanic or Latino,B
P00474,F,1992-08-09,Asian,Hispanic or Latino,C
P00475,F,1988-11-08,Asian,Not Hispanic or Latino,B
P00476,F,1993-09-25,American Indian/Alaska Native,Not Hispanic or Latino,A
P00477,F,1968-08-29,Black,Not Hispanic or Latino,C
P00478,F,1990-12-31,White,Hispanic or Latino,A
P00479,M,1962-12-17,Asian,Not Hispanic or Latino,C
P00480,F,1962-09-16,American Indian/Alaska Native,Not Hispanic or Latino,C
P00481,M,1995-07-07,American Indian/Alaska Native,Hispanic or Latino,A
P00482,F,1940-05-12,Native Hawaiian/Pacific Islander,Hispanic or Latino,B
P00483,M,1964-08-04,Black,Hispanic or Latino,B
P00484,F,1960-07-17,White,Not Hispanic or Latino,B
P00485,M,1966-06-18,American Indian/Alaska Native,Not Hispanic or Latino,C
P00486,F,1950-04-29,Black,Not Hispanic or Latino,A
P00487,F,1984-01-12,American Indian/Alaska Native,Not Hispanic or Latino,B
P00488,F,1982-07-05,Native Hawaiian/Pacific Islander,Not Hispanic or Latino,B
P00489,M,1999-02-10,American Indian/Alaska Native,Not Hispanic or Latino,C
P00490,M,1981-04-07,Asian,Not Hispanic or Latino,A
P00491,F,1986-07-29,White,Hispanic or Latino,A
P00492,F,1990-03-01,Native Hawaiian/Pacific Islander,Not Hispanic or Latino,A
P00493,F,1967-11-23,Native Hawaiian/Pacific Islander,Not Hispanic or Latino,B
P00494,M,1953-11-22,Black,Not Hispanic or Latino,A
P00495,M,1975-09-08,American Indian/Alaska Native,Not Hispanic or Latino,A
P00496,F,1977-04-08,Native Hawaiian/Pacific Islander,Not Hispanic or Latino,C
P00497,F,1983-10-15,Black,Hispanic or Latino,B
P00498,M,1985-02-17,American Indian/Alaska Native,Not Hispanic or Latino,C
P00499,M,1959-08-18,Native Hawaiian/Pacific Islander,Not Hispanic or Latino,B
P00500,M,1998-02-08,Asian,Not Hispanic or Latino,A
P00501,F,2000-06-20,White,Not Hispanic or Latino,B
P00502,M,1967-03-05,American Indian/Alaska Native,Not Hispanic or Latino,B
P00503,F,1980-10-23,White,Hispanic or Latino,C
P00504,F,1944-09-10,Black,Not Hispanic or Latino,A
P00505,M,1950-06-10,Black,Not Hispanic or Latino,B
P00506,M,1993-08-05,Black,Not Hispanic or Latino,A
P00507,F,1987-11-26,American Indian/Alaska Native,Not Hispanic or Latino,A
P00508,M,1994-11-28,White,Not Hispanic or Latino,A
P00509,F,1988-05-07,Native Hawaiian/Pacific Islander,Not Hispanic or Latino,A
P00510,F,1967-07-21,Asian,Not Hispanic or Latino,A
P00511,F,1973-03-01,Black,Not Hispanic or Latino,B
P00512,M,1940-11-03,Asian,Not Hispanic or Latino,A
P00513,M,1945-07-23,Native Hawaiian/Pacific Islander,Not Hispanic or Latino,A
P00514,M,1961-03-17,White,Not Hispanic or Latino,A
P00515,M,1982-12-30,Asian,Not Hispanic or Latino,C
P00516,F,1976-08-07,White,Not Hispanic or Latino,C
P00517,F,1976-05-04,Black,Not Hispanic or Latino,A
P00518,M,1996-04-20,White,Not Hispanic or Latino,C
P00519,M,1957-01-26,Black,Not Hispanic or Latino,C
P00520,M,1950-05-08,American Indian/Alaska Native,Not Hispanic or Latino,A
P00521,M,1985-09-27,Native Hawaiian/Pacific Islander,Not Hispanic or Latino,C
P00522,M,1940-11-08,American Indian/Alaska Native,Not Hispanic or Latino,A
P00523,F,1986-08-16,White,Not Hispanic or Latino,A
P00524,F,1968-10-05,Asian,Not Hispanic or Latino,B
P00525,M,1950-06-18,Black,Not Hispanic or Latino,B
P00526,M,1967-08-22,Black,Hispanic or Latino,C
P00527,M,1985-02-13,Black,Not Hispanic or Latino,A
P00528,M,1999-01-09,Black,Not Hispanic or Latino,B
P00529,F,1983-08-06,American Indian/Alaska Native,Not Hispanic or Latino,A
P00530,F,1960-06-13,American Indian/Alaska Native,Not Hispanic or Latino,A
P00531,M,1998-07-01,White,Not Hispanic or Latino,B
P00532,M,1988-05-04,Asian,Not Hispanic or Latino,C
P00533,M,1982-04-01,Asian,Not Hispanic or Latino,B
P00534,M,1997-10-15,Asian,Not Hispanic or Latino,A
P00535,F,1967-02-26,White,Not Hispanic or Latino,B
P00536,M,1961-10-06,American Indian/Alaska Native,Not Hispanic or Latino,A
P00537,F,1998-10-19,Black,Not Hispanic or Latino,B
P00538,F,1977-05-14,American Indian/Alaska Native,Not Hispanic or Latino,A
P00539,F,1977-07-28,Asian,Not Hispanic or Latino,C
P00540,M,1975-02-25,Native Hawaiian/Pacific Islander,Not Hispanic or Latino,C
P00541,F,1994-05-25,White,Not Hispanic or Latino,C
P00542,F,1988-02-20,Black,Not Hispanic or Latino,A
P00543,M,1998-03-08,Native Hawaiian/Pacific Islander,Not Hispanic or Latino,B
P00544,M,1968-06-17,Black,Not Hispanic or Latino,A
P00545,F,1959-05-12,Asian,Not Hispanic or Latino,C
P00546,F,1984-01-17,Asian,Not Hispanic or Latino,A
P00547,M,1956-04-26,Black,Not Hispanic or Latino,B
P00548,F,1945-12-07,White,Not Hispanic or Latino,A
P00549,F,1944-01-31,White,Not Hispanic or Latino,B
P00550,M,1985-07-27,Native Hawaiian/Pacific Islander,Hispanic or Latino,A
P00551,F,2001-01-02,American Indian/Alaska Native,Not Hispanic or Latino,A
P00552,M,1944-07-26,American Indian/Alaska Native,Not Hispanic or Latino,B
P00553,M,1940-12-29,Asian,Not Hispanic or Latino,B
P00554,F,1973-07-07,American Indian/Alaska Native,Not Hispanic or Latino,B
P00555,M,1965-05-25,Native Hawaiian/Pacific Islander,Not Hispanic or Latino,B
P00556,F,1946-05-28,Asian,Hispanic or Latino,B
P00557,M,1982-09-05,American Indian/Alaska Native,Not Hispanic or Latino,A
P00558,M,1956-10-31,Native Hawaiian/Pacific Islander,Not Hispanic or Latino,C
P00559,F,1992-02-28,White,Not Hispanic or Latino,B
P00560,F,1961-12-04,Native Hawaiian/Pacific Islander,Hispanic or Latino,A
P00561,F,1960-05-29,Black,Not Hispanic or Latino,A
P00562,M,1959-04-16,Native Hawaiian/Pacific Islander,Not Hispanic or Latino,B
P00563,M,1954-11-26,American Indian/Alaska Native,Not Hispanic or Latino,C
P00564,M,1944-05-08,Black,Hispanic or Latino,B
P00565,M,1969-12-10,American Indian/Alaska Native,Not Hispanic or Latino,A
P00566,M,1941-10-19,Black,Not Hispanic or Latino,C
P00567,F,1953-12-10,Black,Hispanic or Latino,C
P00568,M,1959-06-16,American Indian/Alaska Native,Not Hispanic or Latino,A
P00569,F,1978-04-29,Native Hawaiian/Pacific Islander,Not Hispanic or Latino,A
P00570,F,1972-02-29,White,Not Hispanic or Latino,A
P00571,M,1987-07-10,Native Hawaiian/Pacific Islander,Not Hispanic or Latino,A
P00572,M,1973-08-18,White,Not Hispanic or Latino,B
P00573,M,1975-12-28,Asian,Hispanic or Latino,B
P00574,F,1961-12-29,Native Hawaiian/Pacific Islander,Not Hispanic or Latino,B
P00575,F,1984-03-15,Asian,Hispanic or Latino,B
P00576,F,1941-05-19,Native Hawaiian/Pacific Islander,Not Hispanic or Latino,B
P00577,F,1942-12-06,White,Not Hispanic or Latino,C
P00578,F,1981-07-21,American Indian/Alaska Native,Hispanic or Latino,C
P00579,F,1959-11-17,American Indian/Alaska Native,Hispanic or Latino,C
P00580,F,1971-09-16,Asian,Not Hispanic or Latino,B
P00581,M,2002-11-20,Asian,Not Hispanic or Latino,B
P00582,F,1956-10-19,Asian,Not Hispanic or Latino,B
P00583,F,1941-11-10,Black,Hispanic or Latino,A
P00584,F,1962-06-19,American Indian/Alaska Native,Hispanic or Latino,B
P00585,M,1958-12-28,Native Hawaiian/Pacific Islander,Not Hispanic or Latino,B
P00586,M,1969-06-08,Asian,Not Hispanic or Latino,C
P00587,F,1957-06-14,Native Hawaiian/Pacific Islander,Not Hispanic or Latino,A
P00588,F,1995-08-16,Native Hawaiian/Pacific Islander,Not Hispanic or Latino,B
P00589,M,1990-02-08,Native Hawaiian/Pacific Islander,Not Hispanic or Latino,A
P00590,F,1975-07-01,White,Not Hispanic or Latino,B
P00591,M,1949-11-11,Native Hawaiian/Pacific Islander,Not Hispanic or Latino,A
P00592,F,1941-02-14,Black,Not Hispanic or Latino,A
P00593,F,1996-01-20,Asian,Not Hispanic or Latino,C
P00594,F,1998-10-03,Asian,Not Hispanic or Latino,B
P00595,M,2001-09-22,American Indian/Alaska Native,Hispanic or Latino,C
P00596,M,1969-02-06,Native Hawaiian/Pacific Islander,Not Hispanic or Latino,B
P00597,F,1948-01-02,Native Hawaiian/Pacific Islander,Not Hispanic or Latino,A
P00598,M,2000-03-23,White,Not Hispanic or Latino,A
P00599,F,1959-12-04,Black,Not Hispanic or Latino,A
P00600,F,1979-10-09,White,Not Hispanic or Latino,B
P00601,F,1942-12-30,White,Hispanic or Latino,A
P00602,M,1985-07-25,Black,Not Hispanic or Latino,A
P00603,M,1984-09-01,Black,Not Hispanic or Latino,B
P00604,F,1962-11-04,Asian,Not Hispanic or Latino,A
P00605,M,1984-03-06,American Indian/Alaska Native,Not Hispanic or Latino,C
P00606,F,1965-12-11,Asian,Not Hispanic or Latino,A
P00607,M,1977-09-17,American Indian/Alaska Native,Not Hispanic or Latino,B
P00608,F,1949-02-06,White,Not Hispanic or Latino,B
P00609,M,1982-05-04,American Indian/Alaska Native,Not Hispanic or Latino,B
P00610,F,1965-05-01,White,Not Hispanic or Latino,A
P00611,F,2001-04-16,Native Hawaiian/Pacific Islander,Not Hispanic or Latino,B
P00612,M,1968-09-10,White,Hispanic or Latino,A
P00613,M,1949-03-04,Asian,Hispanic or Latino,A
P00614,M,1980-05-25,Black,Not Hispanic or Latino,B
P00615,M,1962-10-24,White,Hispanic or Latino,A
P00616,F,1967-07-01,Black,Not Hispanic or Latino,C
P00617,M,1955-10-29,Black,Not Hispanic or Latino,C
P00618,M,1966-11-11,Black,Not Hispanic or Latino,A
P00619,F,1996-04-28,Asian,Not Hispanic or Latino,B
P00620,F,1995-02-01,Black,Not Hispanic or Latino,B
P00621,F,1993-01-30,American Indian/Alaska Native,Not Hispanic or Latino,B
P00622,M,1960-04-16,Native Hawaiian/Pacific Islander,Not Hispanic or Latino,A
P00623,F,1947-07-15,White,Not Hispanic or Latino,C
P00624,M,1992-11-24,White,Not Hispanic or Latino,B
P00625,M,1986-12-29,Black,Not Hispanic or Latino,A
P00626,M,1975-11-30,Native Hawaiian/Pacific Islander,Not Hispanic or Latino,A
P00627,M,1962-12-17,White,Not Hispanic or Latino,B
P00628,F,1965-10-17,American Indian/Alaska Native,Not Hispanic or Latino,B
P00629,F,1977-02-06,White,Hispanic or Latino,B
P00630,M,1996-03-14,American Indian/Alaska Native,Not Hispanic or Latino,C
P00631,F,1975-02-16,Black,Not Hispanic or Latino,B
P00632,M,1966-10-17,Asian,Not Hispanic or Latino,A
P00633,F,1948-11-01,Asian,Hispanic or Latino,B
P00634,F,1951-01-22,White,Not Hispanic or Latino,B
P00635,M,1973-01-22,American Indian/Alaska Native,Not Hispanic or Latino,A
P00636,M,1957-01-27,Native Hawaiian/Pacific Islander,Hispanic or Latino,B
P00637,M,1971-05-30,White,Not Hispanic or Latino,A
P00638,F,2000-02-13,Black,Not Hispanic or Latino,A
P00639,M,1964-04-19,Native Hawaiian/Pacific Islander,Not Hispanic or Latino,A
P00640,F,1948-04-09,Black,Not Hispanic or Latino,B
P00641,F,1963-07-01,Black,Not Hispanic or Latino,C
P00642,F,1988-07-06,Black,Not Hispanic or Latino,B
P00643,M,1951-08-01,Native Hawaiian/Pacific Islander,Hispanic or Latino,A
P00644,F,1978-02-28,Asian,Hispanic or Latino,A
P00645,M,1981-05-29,White,Not Hispanic or Latino,C
P00646,F,1982-12-13,Asian,Not Hispanic or Latino,B
P00647,M,2002-06-13,White,Not Hispanic or Latino,A
P00648,F,1953-11-16,Native Hawaiian/Pacific Islander,Not Hispanic or Latino,C
P00649,F,1940-01-31,American Indian/Alaska Native,Hispanic or Latino,B
P00650,F,1947-06-22,White,Not Hispanic or Latino,B
P00651,F,1950-06-28,Native Hawaiian/Pacific Islander,Hispanic or Latino,B
P00652,F,1958-03-23,White,Not Hispanic or Latino,B
P00653,M,1986-06-05,Black,Not Hispanic or Latino,B
P00654,F,1957-06-11,Asian,Not Hispanic or Latino,C
P00655,F,1975-05-22,Native Hawaiian/Pacific Islander,Not Hispanic or Latino,A
P00656,F,1968-05-20,White,Not Hispanic or Latino,A
P00657,F,1987-02-18,Native Hawaiian/Pacific Islander,Not Hispanic or Latino,A
P00658,M,1972-11-20,White,Not Hispanic or Latino,A
P00659,F,1967-11-13,Black,Not Hispanic or Latino,A
P00660,F,1964-06-29,American Indian/Alaska Native,Hispanic or Latino,A
P00661,F,1965-10-07,Native Hawaiian/Pacific Islander,Hispanic or Latino,C
P00662,F,1993-10-23,Black,Not Hispanic or Latino,B
P00663,M,1963-07-25,American Indian/Alaska Native,Hispanic or Latino,A
P00664,M,1949-06-17,White,Not Hispanic or Latino,A
P00665,M,1971-09-24,Asian,Not Hispanic or Latino,A
P00666,F,1980-01-27,Asian,Hispanic or Latino,B
P00667,M,1949-09-05,Native Hawaiian/Pacific Islander,Hispanic or Latino,A
P00668,F,1985-12-11,Native Hawaiian/Pacific Islander,Not Hispanic or Latino,C
P00669,M,1941-11-23,White,Not Hispanic or Latino,A
P00670,F,1975-03-01,Black,Not Hispanic or Latino,B
P00671,F,1974-01-29,American Indian/Alaska Native,Hispanic or Latino,A
P00672,F,2002-04-04,American Indian/Alaska Native,Not Hispanic or Latino,B
P00673,F,1997-08-18,Black,Not Hispanic or Latino,B
P00674,M,1968-10-06,American Indian/Alaska Native,Hispanic or Latino,C
P00675,F,1949-10-22,Native Hawaiian/Pacific Islander,Not Hispanic or Latino,A
P00676,F,1944-07-12,Asian,Not Hispanic or Latino,A
P00677,F,1984-01-27,Black,Not Hispanic or Latino,A
P00678,F,1990-06-29,Native Hawaiian/Pacific Islander,Not Hispanic or Latino,A
P00679,F,1963-07-04,Black,Not Hispanic or Latino,B
P00680,M,1982-02-02,Native Hawaiian/Pacific Islander,Hispanic or Latino,B
P00681,F,2000-09-06,Native Hawaiian/Pacific Islander,Not Hispanic or Latino,A
P00682,M,1992-08-05,Native Hawaiian/Pacific Islander,Not Hispanic or Latino,A
P00683,M,1988-08-01,White,Not Hispanic or Latino,A
P00684,M,1981-02-25,Native Hawaiian/Pacific Islander,Not Hispanic or Latino,A
P00685,M,1997-06-19,White,Not Hispanic or Latino,B
P00686,M,1970-08-22,Native Hawaiian/Pacific Islander,Not Hispanic or Latino,C
P00687,M,1958-03-12,Native Hawaiian/Pacific Islander,Not Hispanic or Latino,B
P00688,M,1950-06-12,Black,Hispanic or Latino,A
P00689,M,1960-11-25,Native Hawaiian/Pacific Islander,Hispanic or Latino,C
P00690,F,1946-01-22,Native Hawaiian/Pacific Islander,Not Hispanic or Latino,A
P00691,M,1985-01-17,American Indian/Alaska Native,Not Hispanic or Latino,B
P00692,F,1940-03-02,White,Not Hispanic or Latino,C
P00693,M,1946-11-13,Black,Hispanic or Latino,B
P00694,M,1982-08-11,Native Hawaiian/Pacific Islander,Not Hispanic or Latino,B
P00695,F,1968-05-15,American Indian/Alaska Native,Not Hispanic or Latino,A
P00696,F,1997-07-30,White,Not Hispanic or Latino,B
P00697,F,1940-07-29,Asian,Not Hispanic or Latino,C
P00698,F,1967-07-23,White,Not Hispanic or Latino,B
P00699,F,1973-06-01,Black,Not Hispanic or Latino,B
P00700,M,1961-06-11,Native Hawaiian/Pacific Islander,Not Hispanic or Latino,B
P00701,F,1967-08-20,White,Not Hispanic or Latino,A
P00702,M,1975-01-26,Native Hawaiian/Pacific Islander,Not Hispanic or Latino,A
P00703,M,1972-07-29,American Indian/Alaska Native,Not Hispanic or Latino,A
P00704,M,1941-06-06,Native Hawaiian/Pacific Islander,Not Hispanic or Latino,C
P00705,M,1966-03-17,Native Hawaiian/Pacific Islander,Not Hispanic or Latino,C
P00706,M,1981-02-08,Asian,Not Hispanic or Latino,B
P00707,F,1990-11-24,Native Hawaiian/Pacific Islander,Not Hispanic or Latino,B
P00708,M,1987-08-28,Native Hawaiian/Pacific Islander,Not Hispanic or Latino,C
P00709,M,1953-07-07,White,Not Hispanic or Latino,A
P00710,F,1950-11-08,White,Not Hispanic or Latino,B
P00711,F,1989-02-25,American Indian/Alaska Native,Not Hispanic or Latino,B
P00712,F,1987-03-03,Asian,Not Hispanic or Latino,A
P00713,M,1965-04-13,Native Hawaiian/Pacific Islander,Hispanic or Latino,A
P00714,F,1969-07-23,Black,Not Hispanic or Latino,A
P00715,F,1940-07-23,Asian,Not Hispanic or Latino,B
P00716,F,1973-09-26,American Indian/Alaska Native,Not Hispanic or Latino,C
P00717,F,1963-06-21,American Indian/Alaska Native,Not Hispanic or Latino,B
P00718,M,1944-07-04,Black,Not Hispanic or Latino,A
P00719,M,1997-04-17,Black,Not Hispanic or Latino,A
P00720,F,1987-08-06,White,Not Hispanic or Latino,A
P00721,M,1994-10-26,Asian,Not Hispanic or Latino,C
P00722,F,1972-01-16,American Indian/Alaska Native,Not Hispanic or Latino,B
P00723,M,1979-03-01,White,Not Hispanic or Latino,A
P00724,M,1972-03-21,Black,Not Hispanic or Latino,B
P00725,F,2002-03-08,Native Hawaiian/Pacific Islander,Not Hispanic or Latino,B
P00726,M,1966-09-02,Asian,Hispanic or Latino,A
P00727,M,1992-10-30,Asian,Not Hispanic or Latino,A
P00728,M,1994-08-06,White,Not Hispanic or Latino,A
P00729,F,1950-12-03,Native Hawaiian/Pacific Islander,Not Hispanic or Latino,A
P00730,M,1948-01-15,Asian,Not Hispanic or Latino,B
P00731,F,1990-03-15,Asian,Not Hispanic or Latino,B
P00732,M,1953-11-08,Asian,Hispanic or Latino,C
P00733,F,1959-09-18,Native Hawaiian/Pacific Islander,Hispanic or Latino,C
P00734,F,1961-03-28,Black,Not Hispanic or Latino,A
P00735,M,1991-07-15,American Indian/Alaska Native,Hispanic or Latino,C
P00736,F,1969-09-05,American Indian/Alaska Native,Not Hispanic or Latino,C
P00737,M,1983-07-02,Black,Not Hispanic or Latino,B
P00738,F,1972-11-28,Asian,Not Hispanic or Latino,A
P00739,M,1954-07-18,White,Not Hispanic or Latino,A
P00740,M,1967-08-19,Asian,Not Hispanic or Latino,A
P00741,F,1956-10-01,Native Hawaiian/Pacific Islander,Not Hispanic or Latino,A
P00742,M,1952-03-21,White,Not Hispanic or Latino,B
P00743,F,1968-09-23,American Indian/Alaska Native,Not Hispanic or Latino,B
P00744,M,1946-09-17,Black,Not Hispanic or Latino,A
P00745,F,1949-01-21,Asian,Not Hispanic or Latino,B
P00746,F,1959-05-18,Asian,Not Hispanic or Latino,C
P00747,M,1999-08-02,Asian,Not Hispanic or Latino,A
P00748,M,1978-06-10,White,Hispanic or Latino,C
P00749,M,1983-12-26,Black,Not Hispanic or Latino,B
P00750,F,1951-12-10,White,Not Hispanic or Latino,C
P00751,F,1985-10-04,White,Not Hispanic or Latino,A
P00752,M,1964-05-27,Black,Not Hispanic or Latino,C
P00753,F,1974-11-24,Black,Not Hispanic or Latino,C
P00754,F,1986-04-16,Asian,Not Hispanic or Latino,A
P00755,M,1991-03-16,White,Not Hispanic or Latino,A
P00756,F,1973-11-16,Asian,Not Hispanic or Latino,B
P00757,F,1972-08-16,Asian,Not Hispanic or Latino,A
P00758,F,1992-08-10,Black,Not Hispanic or Latino,B
P00759,F,1964-12-27,Native Hawaiian/Pacific Islander,Not Hispanic or Latino,B
P00760,M,1979-11-19,Black,Not Hispanic or Latino,B
P00761,F,1963-09-24,White,Hispanic or Latino,C
P00762,M,1980-03-31,White,Hispanic or Latino,C
P00763,F,1974-02-13,Native Hawaiian/Pacific Islander,Not Hispanic or Latino,A
P00764,F,1962-12-24,Black,Not Hispanic or Latino,A
P00765,F,1969-08-30,American Indian/Alaska Native,Not Hispanic or Latino,C
P00766,F,1941-02-05,White,Not Hispanic or Latino,C
P00767,M,1958-01-18,Black,Not Hispanic or Latino,B
P00768,F,1956-11-21,Asian,Not Hispanic or Latino,C
P00769,F,1974-11-26,White,Not Hispanic or Latino,C
P00770,M,1984-07-12,White,Not Hispanic or Latino,B
P00771,F,1949-02-28,White,Not Hispanic or Latino,B
P00772,M,2001-04-14,American Indian/Alaska Native,Hispanic or Latino,C
P00773,M,1982-08-25,Asian,Not Hispanic or Latino,A
P00774,F,1945-10-02,White,Hispanic or Latino,C
P00775,F,1999-07-04,Native Hawaiian/Pacific Islander,Not Hispanic or Latino,B
P00776,F,1995-06-22,Native Hawaiian/Pacific Islander,Not Hispanic or Latino,B
P00777,F,2001-11-26,Asian,Not Hispanic or Latino,A
P00778,M,1993-07-29,Native Hawaiian/Pacific Islander,Not Hispanic or Latino,B
P00779,F,1947-01-22,Asian,Not Hispanic or Latino,C
P00780,M,1968-08-14,Asian,Not Hispanic or Latino,C
P00781,F,1985-06-28,American Indian/Alaska Native,Not Hispanic or Latino,C
P00782,F,1992-09-08,Black,Hispanic or Latino,C
P00783,F,1940-03-04,American Indian/Alaska Native,Not Hispanic or Latino,C
P00784,F,1974-02-19,Black,Not Hispanic or Latino,C
P00785,M,1987-01-13,American Indian/Alaska Native,Hispanic or Latino,A
P00786,F,1970-12-05,Black,Not Hispanic or Latino,B
P00787,F,1952-12-10,White,Hispanic or Latino,B
P00788,M,1961-08-26,Black,Not Hispanic or Latino,B
P00789,F,1947-05-21,American Indian/Alaska Native,Not Hispanic or Latino,C
P00790,F,1972-04-19,White,Not Hispanic or Latino,B
P00791,F,1949-01-24,American Indian/Alaska Native,Not Hispanic or Latino,A
P00792,M,2001-05-14,Black,Not Hispanic or Latino,B
P00793,F,1976-08-08,White,Not Hispanic or Latino,B
P00794,M,1976-02-02,American Indian/Alaska Native,Not Hispanic or Latino,C
P00795,F,1953-11-11,Black,Hispanic or Latino,B
P00796,F,1947-08-22,American Indian/Alaska Native,Not Hispanic or Latino,A
P00797,F,1953-04-27,Native Hawaiian/Pacific Islander,Not Hispanic or Latino,B
P00798,M,1987-07-11,American Indian/Alaska Native,Not Hispanic or Latino,C
P00799,M,1977-12-13,Asian,Not Hispanic or Latino,B
P00800,F,1942-11-09,Asian,Hispanic or Latino,C
P00801,M,1989-06-02,Asian,Hispanic or Latino,A
P00802,F,1956-02-27,Native Hawaiian/Pacific Islander,Not Hispanic or Latino,C
P00803,F,1943-05-18,Native Hawaiian/Pacific Islander,Not Hispanic or Latino,A
P00804,M,1966-02-25,Asian,Not Hispanic or Latino,C
P00805,M,1997-09-12,American Indian/Alaska Native,Not Hispanic or Latino,B
P00806,F,1965-12-20,White,Not Hispanic or Latino,C
P00807,F,1996-12-12,Black,Not Hispanic or Latino,C
P00808,F,1978-03-29,American Indian/Alaska Native,Not Hispanic or Latino,A
P00809,F,1995-06-06,Native Hawaiian/Pacific Islander,Not Hispanic or Latino,A
P00810,F,1968-11-28,Asian,Not Hispanic or Latino,B
P00811,F,1969-10-27,Asian,Not Hispanic or Latino,C
P00812,F,1982-04-20,Asian,Not Hispanic or Latino,C
P00813,F,1945-05-04,White,Not Hispanic or Latino,A
P00814,F,1960-01-01,Asian,Hispanic or Latino,C
P00815,M,1966-11-14,Black,Not Hispanic or Latino,A
P00816,F,1999-09-13,American Indian/Alaska Native,Not Hispanic or Latino,A
P00817,F,1999-01-08,Asian,Not Hispanic or Latino,B
P00818,F,1958-12-09,Native Hawaiian/Pacific Islander,Not Hispanic or Latino,C
P00819,F,1940-06-18,Native Hawaiian/Pacific Islander,Not Hispanic or Latino,A
P00820,M,1992-08-15,Native Hawaiian/Pacific Islander,Not Hispanic or Latino,B
P00821,F,1987-09-19,Native Hawaiian/Pacific Islander,Not Hispanic or Latino,C
P00822,M,1992-10-25,Native Hawaiian/Pacific Islander,Hispanic or Latino,A
P00823,M,1983-04-14,Black,Not Hispanic or Latino,C
P00824,F,1997-12-11,White,Not Hispanic or Latino,B
P00825,M,1951-09-17,American Indian/Alaska Native,Not Hispanic or Latino,C
P00826,M,1942-06-10,Black,Not Hispanic or Latino,A
P00827,F,1955-05-02,White,Not Hispanic or Latino,B
P00828,M,1941-08-22,Asian,Not Hispanic or Latino,B
P00829,F,1951-03-05,Asian,Not Hispanic or Latino,A
P00830,M,1997-11-30,American Indian/Alaska Native,Not Hispanic or Latino,C
P00831,M,1971-08-19,Asian,Not Hispanic or Latino,C
P00832,M,1944-01-16,Asian,Hispanic or Latino,A
P00833,M,1992-04-13,Native Hawaiian/Pacific Islander,Not Hispanic or Latino,A
P00834,F,1980-04-04,Asian,Not Hispanic or Latino,A
P00835,F,1951-11-23,Black,Hispanic or Latino,A
P00836,F,1959-04-02,American Indian/Alaska Native,Not Hispanic or Latino,C
P00837,F,1942-06-04,White,Not Hispanic or Latino,A
P00838,F,1966-08-29,American Indian/Alaska Native,Not Hispanic or Latino,A
P00839,M,2002-05-20,Asian,Not Hispanic or Latino,B
P00840,M,1987-04-25,Native Hawaiian/Pacific Islander,Not Hispanic or Latino,A
P00841,F,1955-07-03,Black,Not Hispanic or Latino,B
P00842,F,2002-03-05,Asian,Hispanic or Latino,A
P00843,M,1982-01-04,White,Not Hispanic or Latino,C
P00844,M,1955-09-27,Asian,Not Hispanic or Latino,C
P00845,M,1962-01-09,Black,Not Hispanic or Latino,B
P00846,F,1948-04-29,Native Hawaiian/Pacific Islander,Hispanic or Latino,B
P00847,M,1984-11-08,Black,Not Hispanic or Latino,B
P00848,M,1994-05-27,American Indian/Alaska Native,Hispanic or Latino,A
P00849,M,1961-03-22,Black,Hispanic or Latino,B
P00850,F,1994-07-02,Black,Not Hispanic or Latino,A
P00851,M,1944-11-02,White,Not Hispanic or Latino,A
P00852,M,1947-12-29,American Indian/Alaska Native,Not Hispanic or Latino,A
P00853,M,1971-06-16,Native Hawaiian/Pacific Islander,Not Hispanic or Latino,A
P00854,M,1978-04-11,Native Hawaiian/Pacific Islander,Not Hispanic or Latino,C
P00855,F,1969-11-19,Native Hawaiian/Pacific Islander,Not Hispanic or Latino,A
P00856,F,1957-01-24,Native Hawaiian/Pacific Islander,Not Hispanic or Latino,B
P00857,F,1968-11-27,White,Not Hispanic or Latino,B
P00858,M,1960-01-14,White,Not Hispanic or Latino,C
P00859,F,1977-12-15,Native Hawaiian/Pacific Islander,Not Hispanic or Latino,B
P00860,F,1944-04-09,White,Not Hispanic or Latino,B
P00861,F,1943-07-08,Black,Hispanic or Latino,A
P00862,F,1976-08-11,Black,Not Hispanic or Latino,B
P00863,M,1949-03-30,American Indian/Alaska Native,Hispanic or Latino,C
P00864,F,1956-02-21,Asian,Hispanic or Latino,B
P00865,M,1973-09-26,Black,Hispanic or Latino,A
P00866,F,1950-08-16,Black,Hispanic or Latino,C
P00867,F,1961-05-25,White,Not Hispanic or Latino,B
P00868,F,1961-03-29,Black,Hispanic or Latino,C
P00869,F,1954-09-17,Native Hawaiian/Pacific Islander,Not Hispanic or Latino,B
P00870,M,1981-06-03,American Indian/Alaska Native,Not Hispanic or Latino,A
P00871,M,1947-07-09,White,Hispanic or Latino,B
P00872,M,1985-12-06,White,Not Hispanic or Latino,C
P00873,M,1956-08-15,Native Hawaiian/Pacific Islander,Not Hispanic or Latino,A
P00874,F,1999-04-28,Asian,Not Hispanic or Latino,A
P00875,F,1992-09-20,White,Not Hispanic or Latino,B
P00876,F,1985-12-09,Black,Not Hispanic or Latino,A
P00877,F,1952-12-02,Black,Not Hispanic or Latino,A
P00878,M,2000-01-18,American Indian/Alaska Native,Not Hispanic or Latino,B
P00879,M,1983-02-19,Asian,Not Hispanic or Latino,C
P00880,F,1959-08-28,American Indian/Alaska Native,Not Hispanic or Latino,B
P00881,M,1996-09-05,Native Hawaiian/Pacific Islander,Not Hispanic or Latino,A
P00882,F,2000-01-29,Black,Not Hispanic or Latino,A
P00883,M,1959-05-22,Black,Not Hispanic or Latino,C
P00884,F,1958-09-08,Black,Not Hispanic or Latino,C
P00885,M,1946-01-23,American Indian/Alaska Native,Not Hispanic or Latino,B
P00886,M,2002-07-02,Black,Not Hispanic or Latino,B
P00887,F,2002-04-19,Black,Hispanic or Latino,A
P00888,M,1941-08-04,Native Hawaiian/Pacific Islander,Not Hispanic or Latino,A
P00889,F,1966-07-31,Black,Hispanic or Latino,C
P00890,M,1992-09-26,Asian,Not Hispanic or Latino,B
P00891,F,1955-12-02,Native Hawaiian/Pacific Islander,Not Hispanic or Latino,A
P00892,F,1997-03-22,White,Not Hispanic or Latino,A
P00893,F,1964-08-22,Native Hawaiian/Pacific Islander,Hispanic or Latino,A
P00894,F,1954-06-10,Asian,Not Hispanic or Latino,C
P00895,F,1964-09-30,American Indian/Alaska Native,Not Hispanic or Latino,A
P00896,F,1947-01-25,Black,Not Hispanic or Latino,A
P00897,F,1970-01-05,Asian,Not Hispanic or Latino,B
P00898,F,1968-07-13,American Indian/Alaska Native,Not Hispanic or Latino,A
P00899,M,1985-11-01,Black,Not Hispanic or Latino,A
P00900,M,1971-12-15,Asian,Not Hispanic or Latino,A
P00901,M,1979-12-09,Asian,Hispanic or Latino,B
P00902,F,1949-01-06,Asian,Not Hispanic or Latino,B
P00903,M,1996-11-27,American Indian/Alaska Native,Hispanic or Latino,C
P00904,M,1994-04-17,Asian,Not Hispanic or Latino,B
P00905,M,1965-09-23,White,Hispanic or Latino,A
P00906,F,1976-05-13,American Indian/Alaska Native,Not Hispanic or Latino,A
P00907,F,1996-05-05,American Indian/Alaska Native,Not Hispanic or Latino,A
P00908,F,1951-05-30,Black,Not Hispanic or Latino,B
P00909,F,1982-11-27,Black,Hispanic or Latino,A
P00910,F,1961-02-20,Asian,Not Hispanic or Latino,A
P00911,M,1999-05-21,Asian,Not Hispanic or Latino,A
P00912,F,1943-04-19,American Indian/Alaska Native,Not Hispanic or Latino,C
P00913,F,1989-01-17,Asian,Hispanic or Latino,A
P00914,F,1977-01-24,Native Hawaiian/Pacific Islander,Not Hispanic or Latino,A
P00915,M,1943-09-23,Native Hawaiian/Pacific Islander,Not Hispanic or Latino,B
P00916,F,1991-12-15,White,Not Hispanic or Latino,A
P00917,F,1951-09-16,Asian,Not Hispanic or Latino,C
P00918,M,1943-05-15,American Indian/Alaska Native,Not Hispanic or Latino,B
P00919,M,1989-10-25,Native Hawaiian/Pacific Islander,Hispanic or Latino,A
P00920,M,1950-03-08,Native Hawaiian/Pacific Islander,Not Hispanic or Latino,B
P00921,M,1950-12-03,Black,Hispanic or Latino,C
P00922,M,1972-09-07,Native Hawaiian/Pacific Islander,Not Hispanic or Latino,C
P00923,F,1996-06-17,Native Hawaiian/Pacific Islander,Hispanic or Latino,A
P00924,F,1995-03-01,White,Hispanic or Latino,A
P00925,F,1962-10-25,Black,Hispanic or Latino,A
P00926,M,1943-02-26,Asian,Not Hispanic or Latino,C
P00927,F,1991-10-03,Black,Not Hispanic or Latino,B
P00928,M,1961-08-01,Asian,Not Hispanic or Latino,B
P00929,F,1989-10-23,Black,Not Hispanic or Latino,A
P00930,M,1966-10-01,White,Not Hispanic or Latino,A
P00931,F,1992-12-01,American Indian/Alaska Native,Not Hispanic or Latino,B
P00932,M,1993-02-28,American Indian/Alaska Native,Not Hispanic or Latino,A
P00933,F,1967-11-14,Black,Not Hispanic or Latino,B
P00934,F,1987-09-29,White,Not Hispanic or Latino,A
P00935,M,1945-10-09,American Indian/Alaska Native,Not Hispanic or Latino,B
P00936,F,1993-11-25,Native Hawaiian/Pacific Islander,Not Hispanic or Latino,A
P00937,F,1956-08-23,American Indian/Alaska Native,Hispanic or Latino,C
P00938,M,1959-07-03,White,Not Hispanic or Latino,A
P00939,F,1948-07-13,American Indian/Alaska Native,Not Hispanic or Latino,C
P00940,F,1986-06-01,White,Not Hispanic or Latino,B
P00941,M,1947-11-19,Black,Not Hispanic or Latino,B
P00942,F,1982-11-22,White,Not Hispanic or Latino,B
P00943,F,1971-06-24,Black,Not Hispanic or Latino,C
P00944,M,1960-10-09,Native Hawaiian/Pacific Islander,Not Hispanic or Latino,B
P00945,M,1945-08-06,Black,Not Hispanic or Latino,B
P00946,F,1981-09-13,Asian,Hispanic or Latino,B
P00947,F,2002-07-26,American Indian/Alaska Native,Not Hispanic or Latino,B
P00948,M,1999-09-15,Asian,Not Hispanic or Latino,A
P00949,F,1974-10-07,American Indian/Alaska Native,Not Hispanic or Latino,C
P00950,F,1941-08-10,Native Hawaiian/Pacific Islander,Not Hispanic or Latino,C
P00951,F,1970-04-27,Black,Not Hispanic or Latino,C
P00952,M,1988-03-20,Native Hawaiian/Pacific Islander,Not Hispanic or Latino,B
P00953,F,1997-03-07,White,Not Hispanic or Latino,A
P00954,M,1950-10-05,Native Hawaiian/Pacific Islander,Not Hispanic or Latino,B
P00955,F,1997-04-18,Asian,Not Hispanic or Latino,C
P00956,M,1991-02-19,Asian,Not Hispanic or Latino,C
P00957,M,1967-06-30,Asian,Not Hispanic or Latino,A
P00958,F,1997-01-08,American Indian/Alaska Native,Hispanic or Latino,A
P00959,F,1984-10-29,White,Not Hispanic or Latino,A
P00960,M,1967-02-25,Native Hawaiian/Pacific Islander,Not Hispanic or Latino,B
P00961,F,1947-02-18,American Indian/Alaska Native,Hispanic or Latino,C
P00962,F,2000-12-02,Asian,Hispanic or Latino,C
P00963,M,1965-08-19,American Indian/Alaska Native,Hispanic or Latino,A
P00964,F,1988-07-31,Asian,Hispanic or Latino,B
P00965,F,1967-04-09,Black,Not Hispanic or Latino,A
P00966,F,1966-09-05,Black,Not Hispanic or Latino,C
P00967,M,1964-08-02,White,Hispanic or Latino,A
P00968,F,1969-10-12,Native Hawaiian/Pacific Islander,Not Hispanic or Latino,C
P00969,M,1976-01-16,White,Hispanic or Latino,C
P00970,F,1956-02-01,American Indian/Alaska Native,Not Hispanic or Latino,C
P00971,M,1979-05-19,Native Hawaiian/Pacific Islander,Hispanic or Latino,A
P00972,F,1985-01-04,Native Hawaiian/Pacific Islander,Not Hispanic or Latino,B
P00973,M,1976-06-04,Black,Not Hispanic or Latino,A
P00974,F,1968-10-22,American Indian/Alaska Native,Not Hispanic or Latino,C
P00975,M,1957-05-22,Black,Hispanic or Latino,B
P00976,F,1940-02-27,Asian,Not Hispanic or Latino,C
P00977,M,1996-07-03,Native Hawaiian/Pacific Islander,Not Hispanic or Latino,B
P00978,F,1963-04-22,American Indian/Alaska Native,Not Hispanic or Latino,A
P00979,M,2000-01-07,Black,Not Hispanic or Latino,C
P00980,F,1975-10-29,Asian,Not Hispanic or Latino,A
P00981,F,1943-09-18,White,Not Hispanic or Latino,B
P00982,M,1966-06-27,Asian,Not Hispanic or Latino,A
P00983,M,1948-01-25,Black,Not Hispanic or Latino,A
P00984,M,1961-05-10,White,Not Hispanic or Latino,A
P00985,M,1997-03-24,Native Hawaiian/Pacific Islander,Not Hispanic or Latino,A
P00986,F,1962-11-20,Asian,Not Hispanic or Latino,C
P00987,M,1941-06-17,White,Not Hispanic or Latino,B
P00988,M,1954-12-31,Black,Not Hispanic or Latino,A
P00989,M,1956-05-10,Native Hawaiian/Pacific Islander,Not Hispanic or Latino,B
P00990,M,2000-03-06,Black,Hispanic or Latino,A
P00991,M,2001-03-05,White,Not Hispanic or Latino,A
P00992,M,1958-11-25,Native Hawaiian/Pacific Islander,Not Hispanic or Latino,C
P00993,M,2001-10-18,Native Hawaiian/Pacific Islander,Not Hispanic or Latino,B
P00994,F,1953-02-07,Asian,Not Hispanic or Latino,C
P00995,F,1992-08-09,American Indian/Alaska Native,Not Hispanic or Latino,A
P00996,M,1969-11-30,American Indian/Alaska Native,Not Hispanic or Latino,A
P00997,F,1947-10-09,American Indian/Alaska Native,Not Hispanic or Latino,B
P00998,M,1978-11-10,Black,Not Hispanic or Latino,B
P00999,M,1953-07-10,White,Not Hispanic or Latino,A
P01000,M,1987-04-25,American Indian/Alaska Native,Not Hispanic or Latino,C
P01001,F,1952-02-29,Black,Not Hispanic or Latino,B
P01002,F,1949-09-12,Asian,Not Hispanic or Latino,A
P01003,F,1976-12-19,Asian,Not Hispanic or Latino,C
P01004,M,1995-03-11,Black,Not Hispanic or Latino,A
P01005,M,1967-03-07,American Indian/Alaska Native,Not Hispanic or Latino,B
P01006,F,1965-03-19,Native Hawaiian/Pacific Islander,Not Hispanic or Latino,C
P01007,F,1994-04-13,Black,Not Hispanic or Latino,B
P01008,F,1986-04-20,Black,Not Hispanic or Latino,A
P01009,F,1963-11-21,American Indian/Alaska Native,Not Hispanic or Latino,C
P01010,M,1991-08-30,Asian,Not Hispanic or Latino,A
P01011,M,1981-10-29,Black,Not Hispanic or Latino,A
P01012,M,1941-11-12,White,Not Hispanic or Latino,C
P01013,F,1983-10-25,Asian,Not Hispanic or Latino,B
P01014,F,1968-11-14,Asian,Not Hispanic or Latino,C
P01015,M,1953-01-06,Black,Not Hispanic or Latino,A
P01016,F,2002-07-04,Black,Hispanic or Latino,C
P01017,M,1976-05-20,American Indian/Alaska Native,Hispanic or Latino,B
P01018,M,1969-02-16,American Indian/Alaska Native,Not Hispanic or Latino,C
P01019,F,1952-07-21,Native Hawaiian/Pacific Islander,Not Hispanic or Latino,B
P01020,F,1964-01-09,Native Hawaiian/Pacific Islander,Hispanic or Latino,B
P01021,M,1976-04-14,American Indian/Alaska Native,Not Hispanic or Latino,A
P01022,F,1971-02-04,Native Hawaiian/Pacific Islander,Not Hispanic or Latino,B
P01023,M,1983-12-17,Black,Hispanic or Latino,B
P01024,F,1944-04-30,Asian,Hispanic or Latino,A
P01025,M,1990-07-20,Asian,Not Hispanic or Latino,B
P01026,M,1958-02-11,Native Hawaiian/Pacific Islander,Not Hispanic or Latino,C
P01027,M,2000-09-28,Asian,Not Hispanic or Latino,B
P01028,M,1995-12-15,Black,Not Hispanic or Latino,A
P01029,M,1968-04-15,White,Not Hispanic or Latino,A
P01030,F,1948-01-28,Asian,Not Hispanic or Latino,B
P01031,M,1967-05-26,Black,Not Hispanic or Latino,A
P01032,F,1993-05-23,Asian,Not Hispanic or Latino,C
P01033,M,1984-06-17,Native Hawaiian/Pacific Islander,Not Hispanic or Latino,B
P01034,F,1989-02-01,American Indian/Alaska Native,Not Hispanic or Latino,B
P01035,M,1998-06-04,Black,Not Hispanic or Latino,C
P01036,F,1965-02-09,Black,Not Hispanic or Latino,C
P01037,F,1964-02-22,Black,Not Hispanic or Latino,B
P01038,F,1975-08-15,American Indian/Alaska Native,Not Hispanic or Latino,A
P01039,F,1993-01-02,Black,Not Hispanic or Latino,A
P01040,M,1962-11-16,Asian,Not Hispanic or Latino,B
P01041,F,1949-12-16,Asian,Not Hispanic or Latino,A
P01042,M,1988-05-01,Black,Not Hispanic or Latino,B
P01043,M,1990-04-16,American Indian/Alaska Native,Not Hispanic or Latino,B
P01044,F,1998-10-01,Black,Not Hispanic or Latino,C
P01045,M,1950-03-24,Asian,Hispanic or Latino,A
P01046,M,1959-08-02,American Indian/Alaska Native,Not Hispanic or Latino,C
P01047,F,1961-02-04,Native Hawaiian/Pacific Islander,Not Hispanic or Latino,C
P01048,M,1950-05-30,Native Hawaiian/Pacific Islander,Hispanic or Latino,A
P01049,F,1940-04-08,Asian,Not Hispanic or Latino,A
P01050,M,1978-02-20,Black,Not Hispanic or Latino,A
P01051,F,1969-09-17,White,Hispanic or Latino,B
P01052,F,1985-06-10,Black,Not Hispanic or Latino,A
P01053,M,1944-04-14,Black,Not Hispanic or Latino,B
P01054,F,1964-10-09,Black,Not Hispanic or Latino,A
P01055,M,1987-07-06,Asian,Hispanic or Latino,B
P01056,M,1980-03-30,Black,Not Hispanic or Latino,B
P01057,F,1962-02-25,Black,Not Hispanic or Latino,A
P01058,M,1954-10-06,Native Hawaiian/Pacific Islander,Not Hispanic or Latino,B
P01059,M,1977-03-31,Native Hawaiian/Pacific Islander,Hispanic or Latino,B
P01060,M,1967-07-16,White,Not Hispanic or Latino,A
P01061,M,2000-07-27,American Indian/Alaska Native,Not Hispanic or Latino,B
P01062,F,1980-08-10,White,Not Hispanic or Latino,A
P01063,F,1978-04-18,Black,Not Hispanic or Latino,C
P01064,M,1946-01-23,Asian,Not Hispanic or Latino,A
P01065,F,1963-06-07,Native Hawaiian/Pacific Islander,Hispanic or Latino,A
P01066,F,1956-12-16,Native Hawaiian/Pacific Islander,Not Hispanic or Latino,B
P01067,F,1946-05-31,Native Hawaiian/Pacific Islander,Not Hispanic or Latino,A
P01068,F,1946-05-11,Black,Hispanic or Latino,C
P01069,F,1968-09-20,White,Not Hispanic or Latino,A
P01070,F,1957-11-05,American Indian/Alaska Native,Hispanic or Latino,C
P01071,M,1963-12-15,Asian,Not Hispanic or Latino,A
P01072,M,1981-03-30,White,Not Hispanic or Latino,B
P01073,F,1987-08-13,White,Not Hispanic or Latino,C
P01074,F,1969-09-06,Native Hawaiian/Pacific Islander,Not Hispanic or Latino,A
P01075,F,1992-07-30,Native Hawaiian/Pacific Islander,Not Hispanic or Latino,A
P01076,F,1994-06-04,American Indian/Alaska Native,Not Hispanic or Latino,C
P01077,M,1956-08-02,Asian,Not Hispanic or Latino,B
P01078,F,1958-03-24,American Indian/Alaska Native,Not Hispanic or Latino,C
P01079,F,1976-03-03,White,Not Hispanic or Latino,B
P01080,F,1984-05-15,Asian,Not Hispanic or Latino,A
P01081,F,1989-06-18,American Indian/Alaska Native,Not Hispanic or Latino,A
P01082,F,1983-03-27,White,Not Hispanic or Latino,B
P01083,M,1998-07-24,American Indian/Alaska Native,Not Hispanic or Latino,C
P01084,F,1975-10-31,Asian,Hispanic or Latino,A
P01085,F,1974-06-29,Black,Not Hispanic or Latino,B
P01086,M,1970-06-11,White,Not Hispanic or Latino,B
P01087,F,1996-10-01,White,Hispanic or Latino,A
P01088,F,1942-07-18,Asian,Not Hispanic or Latino,C
P01089,M,1963-01-22,American Indian/Alaska Native,Not Hispanic or Latino,A
P01090,M,1949-06-05,White,Not Hispanic or Latino,A
P01091,F,1977-05-10,Black,Not Hispanic or Latino,C
P01092,M,1950-01-29,American Indian/Alaska Native,Not Hispanic or Latino,A
P01093,F,1957-11-14,White,Not Hispanic or Latino,B
P01094,F,1944-10-28,Black,Not Hispanic or Latino,B
P01095,F,1976-01-16,Black,Hispanic or Latino,A
P01096,F,1943-08-14,White,Not Hispanic or Latino,A
P01097,M,1950-10-24,American Indian/Alaska Native,Hispanic or Latino,B
P01098,F,1997-03-22,White,Not Hispanic or Latino,A
P01099,F,1955-09-09,Black,Hispanic or Latino,A
P01100,F,1984-07-24,Native Hawaiian/Pacific Islander,Not Hispanic or Latino,A
P01101,F,1945-08-24,Native Hawaiian/Pacific Islander,Not Hispanic or Latino,A
P01102,M,1963-12-31,Black,Hispanic or Latino,C
P01103,F,1949-03-16,Asian,Not Hispanic or Latino,A
P01104,F,1955-08-12,Asian,Not Hispanic or Latino,A
P01105,F,1950-03-24,White,Not Hispanic or Latino,C
P01106,F,1950-02-24,American Indian/Alaska Native,Not Hispanic or Latino,B
P01107,F,1975-03-22,Native Hawaiian/Pacific Islander,Not Hispanic or Latino,B
P01108,M,1951-09-29,White,Hispanic or Latino,B
P01109,M,1944-05-08,White,Hispanic or Latino,B
P01110,M,1954-06-14,White,Not Hispanic or Latino,B
P01111,M,1981-07-28,White,Not Hispanic or Latino,B
P01112,M,1979-10-16,Black,Hispanic or Latino,C
P01113,M,1993-12-03,Asian,Hispanic or Latino,A
P01114,M,1975-06-16,Asian,Not Hispanic or Latino,C
P01115,F,2000-01-23,Black,Hispanic or Latino,A
P01116,F,1989-01-13,Native Hawaiian/Pacific Islander,Not Hispanic or Latino,A
P01117,F,1977-10-13,Asian,Hispanic or Latino,C
P01118,M,1942-09-05,Native Hawaiian/Pacific Islander,Hispanic or Latino,C
P01119,M,1983-03-03,Black,Not Hispanic or Latino,C
P01120,F,1951-08-25,Native Hawaiian/Pacific Islander,Hispanic or Latino,C
P01121,F,1947-08-04,Native Hawaiian/Pacific Islander,Not Hispanic or Latino,B
P01122,M,1999-05-08,Native Hawaiian/Pacific Islander,Not Hispanic or Latino,A
P01123,M,2001-08-17,White,Not Hispanic or Latino,A
P01124,F,1948-03-27,Asian,Not Hispanic or Latino,B
P01125,F,1994-02-04,Asian,Not Hispanic or Latino,C
P01126,M,1990-12-17,American Indian/Alaska Native,Not Hispanic or Latino,A
P01127,F,1978-08-03,American Indian/Alaska Native,Not Hispanic or Latino,A
P01128,F,2002-09-23,Asian,Not Hispanic or Latino,B
P01129,M,1961-01-13,Asian,Not Hispanic or Latino,C
P01130,F,1957-04-16,American Indian/Alaska Native,Not Hispanic or Latino,B
P01131,M,1992-03-29,Black,Not Hispanic or Latino,A
P01132,F,1948-11-24,Native Hawaiian/Pacific Islander,Hispanic or Latino,B
P01133,M,1950-09-27,Black,Not Hispanic or Latino,B
P01134,F,1960-12-05,Asian,Hispanic or Latino,C
P01135,M,1981-11-21,American Indian/Alaska Native,Not Hispanic or Latino,B
P01136,F,1961-04-03,White,Not Hispanic or Latino,B
P01137,M,2001-06-03,White,Not Hispanic or Latino,A
P01138,M,1965-03-08,White,Hispanic or Latino,C
P01139,F,1951-11-14,American Indian/Alaska Native,Not Hispanic or Latino,C
P01140,F,2002-07-28,Black,Not Hispanic or Latino,A
P01141,M,1973-04-23,Native Hawaiian/Pacific Islander,Not Hispanic or Latino,A
P01142,F,1968-01-23,Asian,Not Hispanic or Latino,A
P01143,M,1979-01-02,American Indian/Alaska Native,Not Hispanic or Latino,A
P01144,F,1971-02-02,American Indian/Alaska Native,Not Hispanic or Latino,C
P01145,M,1994-10-08,White,Not Hispanic or Latino,A
P01146,F,1959-08-24,White,Not Hispanic or Latino,B
P01147,F,2000-08-31,American Indian/Alaska Native,Not Hispanic or Latino,A
P01148,F,1961-08-23,Asian,Hispanic or Latino,A
P01149,M,1981-11-11,Black,Not Hispanic or Latino,B
P01150,F,1956-04-19,Black,Not Hispanic or Latino,C
P01151,M,1957-12-21,Black,Not Hispanic or Latino,B
P01152,F,1951-10-12,American Indian/Alaska Native,Not Hispanic or Latino,B
P01153,F,1970-08-15,White,Hispanic or Latino,C
P01154,M,1972-08-29,Native Hawaiian/Pacific Islander,Not Hispanic or Latino,B
P01155,M,1963-05-13,American Indian/Alaska Native,Not Hispanic or Latino,B
P01156,F,1945-02-07,Asian,Not Hispanic or Latino,C
P01157,F,1950-03-01,Black,Not Hispanic or Latino,A
P01158,F,1992-08-14,Native Hawaiian/Pacific Islander,Not Hispanic or Latino,C
P01159,F,1998-04-08,Asian,Not Hispanic or Latino,B
P01160,M,1959-12-16,White,Not Hispanic or Latino,A
P01161,F,1945-07-29,Native Hawaiian/Pacific Islander,Not Hispanic or Latino,B
P01162,M,1985-07-26,American Indian/Alaska Native,Not Hispanic or Latino,A
P01163,M,1975-05-08,Asian,Not Hispanic or Latino,C
P01164,M,1965-05-08,Asian,Not Hispanic or Latino,B
P01165,F,1987-12-26,Asian,Not Hispanic or Latino,B
P01166,M,1992-02-27,Asian,Not Hispanic or Latino,B
P01167,M,1990-01-05,Native Hawaiian/Pacific Islander,Not Hispanic or Latino,B
P01168,M,1956-12-28,White,Not Hispanic or Latino,A
P01169,M,1966-10-08,Black,Not Hispanic or Latino,A
P01170,F,1982-07-06,Native Hawaiian/Pacific Islander,Not Hispanic or Latino,B
P01171,M,1956-07-11,Asian,Not Hispanic or Latino,B
P01172,M,1972-03-25,Native Hawaiian/Pacific Islander,Not Hispanic or Latino,C
P01173,M,1942-10-27,American Indian/Alaska Native,Not Hispanic or Latino,B
P01174,F,1959-01-06,Native Hawaiian/Pacific Islander,Not Hispanic or Latino,C
P01175,F,1976-11-01,White,Not Hispanic or Latino,C
P01176,F,1956-04-11,Black,Not Hispanic or Latino,A
P01177,M,2000-05-29,Asian,Hispanic or Latino,A
P01178,M,1961-09-26,Black,Not Hispanic or Latino,A
P01179,F,1948-04-15,White,Not Hispanic or Latino,C
P01180,M,1956-10-06,Black,Not Hispanic or Latino,C
P01181,M,1945-10-17,American Indian/Alaska Native,Not Hispanic or Latino,C
P01182,M,1972-12-20,Asian,Not Hispanic or Latino,A
P01183,M,2001-04-06,Asian,Not Hispanic or Latino,B
P01184,F,1959-09-03,Native Hawaiian/Pacific Islander,Not Hispanic or Latino,B
P01185,M,1991-08-22,Asian,Not Hispanic or Latino,C
P01186,F,1963-08-02,White,Hispanic or Latino,A
P01187,M,1954-08-31,White,Not Hispanic or Latino,C
P01188,F,1940-09-19,Native Hawaiian/Pacific Islander,Hispanic or Latino,A
P01189,F,1948-08-10,Asian,Hispanic or Latino,A
P01190,F,1992-09-13,American Indian/Alaska Native,Not Hispanic or Latino,B
P01191,M,1956-09-05,Asian,Hispanic or Latino,A
P01192,F,1964-07-25,American Indian/Alaska Native,Not Hispanic or Latino,B
P01193,F,1987-03-26,American Indian/Alaska Native,Not Hispanic or Latino,A
P01194,M,1960-03-06,American Indian/Alaska Native,Hispanic or Latino,A
P01195,F,1974-10-13,White,Not Hispanic or Latino,A
P01196,M,1985-03-30,Black,Not Hispanic or Latino,A
P01197,M,1990-10-04,American Indian/Alaska Native,Not Hispanic or Latino,A
P01198,F,1962-05-25,American Indian/Alaska Native,Not Hispanic or Latino,B
P01199,F,1964-04-06,American Indian/Alaska Native,Not Hispanic or Latino,B
P01200,F,1973-03-06,White,Not Hispanic or Latino,A
P01201,F,1991-09-28,American Indian/Alaska Native,Not Hispanic or Latino,B
P01202,F,1954-08-27,American Indian/Alaska Native,Not Hispanic or Latino,C
P01203,F,2002-10-12,Asian,Not Hispanic or Latino,C
P01204,F,1984-04-22,Black,Not Hispanic or Latino,B
P01205,F,1956-12-31,Black,Not Hispanic or Latino,B
P01206,F,1957-07-17,American Indian/Alaska Native,Not Hispanic or Latino,A
P01207,F,1968-03-24,Black,Not Hispanic or Latino,A
P01208,F,2001-03-04,Asian,Hispanic or Latino,B
P01209,M,1999-01-15,Asian,Not Hispanic or Latino,A
P01210,M,1943-07-22,American Indian/Alaska Native,Not Hispanic or Latino,B
P01211,F,1989-08-06,Native Hawaiian/Pacific Islander,Hispanic or Latino,C
P01212,F,1966-09-24,Native Hawaiian/Pacific Islander,Not Hispanic or Latino,C
P01213,M,1959-03-31,White,Hispanic or Latino,B
P01214,F,1942-04-05,Native Hawaiian/Pacific Islander,Not Hispanic or Latino,C
P01215,M,2000-01-12,Black,Hispanic or Latino,B
P01216,M,1955-05-19,American Indian/Alaska Native,Not Hispanic or Latino,A
P01217,F,1980-10-26,American Indian/Alaska Native,Not Hispanic or Latino,C
P01218,F,1976-02-10,White,Hispanic or Latino,A
P01219,F,1967-05-25,Black,Hispanic or Latino,C
P01220,M,1971-10-31,White,Not Hispanic or Latino,A
P01221,F,1984-05-29,Asian,Not Hispanic or Latino,A
P01222,M,1957-10-27,American Indian/Alaska Native,Not Hispanic or Latino,C
P01223,M,1975-03-30,White,Hispanic or Latino,A
P01224,M,1975-05-14,White,Not Hispanic or Latino,B
P01225,F,1943-09-30,White,Not Hispanic or Latino,C
P01226,M,1963-08-26,White,Not Hispanic or Latino,B
P01227,F,1968-01-05,Native Hawaiian/Pacific Islander,Not Hispanic or Latino,B
P01228,M,1944-03-26,Black,Not Hispanic or Latino,A
P01229,F,1972-08-04,Native Hawaiian/Pacific Islander,Not Hispanic or Latino,C
P01230,M,1985-04-27,Black,Not Hispanic or Latino,B
P01231,F,1984-06-09,Native Hawaiian/Pacific Islander,Not Hispanic or Latino,A
P01232,M,1953-04-20,Native Hawaiian/Pacific Islander,Not Hispanic or Latino,A
P01233,M,1974-09-09,Black,Not Hispanic or Latino,C
P01234,F,1986-10-31,Black,Not Hispanic or Latino,B
P01235,M,1992-01-05,American Indian/Alaska Native,Not Hispanic or Latino,B
P01236,M,1981-03-25,Native Hawaiian/Pacific Islander,Not Hispanic or Latino,A
P01237,F,1958-10-16,White,Hispanic or Latino,C
P01238,M,1962-05-20,Asian,Hispanic or Latino,B
P01239,F,1966-01-23,Native Hawaiian/Pacific Islander,Not Hispanic or Latino,B
P01240,M,1988-05-03,American Indian/Alaska Native,Not Hispanic or Latino,C
P01241,M,1995-06-09,Black,Not Hispanic or Latino,C
P01242,M,1971-07-07,Asian,Not Hispanic or Latino,A
P01243,M,1951-06-15,Asian,Not Hispanic or Latino,A
P01244,M,1993-03-16,Asian,Not Hispanic or Latino,C
P01245,M,1961-01-29,White,Not Hispanic or Latino,A
P01246,F,1963-10-13,Native Hawaiian/Pacific Islander,Hispanic or Latino,A
P01247,M,1988-04-08,Native Hawaiian/Pacific Islander,Not Hispanic or Latino,C
P01248,M,1959-02-15,Asian,Hispanic or Latino,A
P01249,F,2001-04-27,White,Not Hispanic or Latino,B
P01250,M,1967-12-04,White,Not Hispanic or Latino,A
P01251,F,1964-02-25,White,Not Hispanic or Latino,B
P01252,F,2001-04-17,Black,Not Hispanic or Latino,A
P01253,M,1958-12-19,Black,Not Hispanic or Latino,A
P01254,F,1948-09-15,Native Hawaiian/Pacific Islander,Not Hispanic or Latino,C
P01255,F,1947-03-20,Black,Not Hispanic or Latino,C
P01256,M,1949-11-05,Native Hawaiian/Pacific Islander,Not Hispanic or Latino,A
P01257,F,1941-05-31,American Indian/Alaska Native,Not Hispanic or Latino,B
P01258,M,1997-04-02,Native Hawaiian/Pacific Islander,Hispanic or Latino,A
P01259,M,1975-05-10,White,Not Hispanic or Latino,B
P01260,M,1941-09-18,Asian,Hispanic or Latino,B
P01261,F,1997-12-13,Asian,Not Hispanic or Latino,B
P01262,M,1987-10-05,Native Hawaiian/Pacific Islander,Not Hispanic or Latino,B
P01263,F,1944-10-28,Native Hawaiian/Pacific Islander,Hispanic or Latino,C
P01264,F,1969-06-03,Black,Not Hispanic or Latino,A
P01265,F,1994-07-03,Black,Hispanic or Latino,C
P01266,M,1952-03-20,Asian,Not Hispanic or Latino,A
P01267,F,1957-01-27,Black,Hispanic or Latino,C
P01268,F,1999-04-10,American Indian/Alaska Native,Not Hispanic or Latino,A
P01269,M,1974-04-26,American Indian/Alaska Native,Hispanic or Latino,B
P01270,F,2000-07-23,Asian,Hispanic or Latino,C
P01271,F,1993-10-15,American Indian/Alaska Native,Hispanic or Latino,A
P01272,F,1958-06-24,Native Hawaiian/Pacific Islander,Hispanic or Latino,B
P01273,M,1961-02-10,Native Hawaiian/Pacific Islander,Hispanic or Latino,A
P01274,F,1964-11-09,Black,Not Hispanic or Latino,B
P01275,M,1975-03-28,Black,Not Hispanic or Latino,C
P01276,M,1965-11-07,Black,Not Hispanic or Latino,C
P01277,F,1980-01-17,American Indian/Alaska Native,Not Hispanic or Latino,C
P01278,F,1960-03-04,American Indian/Alaska Native,Not Hispanic or Latino,C
P01279,F,1944-08-05,Native Hawaiian/Pacific Islander,Hispanic or Latino,C
P01280,F,1978-12-11,White,Hispanic or Latino,B
P01281,M,1958-01-15,Asian,Not Hispanic or Latino,C
P01282,M,1981-01-29,Asian,Not Hispanic or Latino,B
P01283,M,1974-05-01,Black,Not Hispanic or Latino,A
P01284,F,1990-09-13,Black,Not Hispanic or Latino,C
P01285,M,1950-08-21,Asian,Not Hispanic or Latino,C
P01286,F,1940-06-27,White,Not Hispanic or Latino,B
P01287,M,1955-11-11,Black,Not Hispanic or Latino,B
P01288,F,1996-11-08,American Indian/Alaska Native,Not Hispanic or Latino,C
P01289,F,1956-11-14,Asian,Not Hispanic or Latino,A
P01290,M,1970-03-15,Black,Not Hispanic or Latino,B
P01291,F,1964-01-13,Black,Not Hispanic or Latino,A
P01292,M,1998-02-02,American Indian/Alaska Native,Not Hispanic or Latino,C
P01293,F,1999-03-12,Asian,Not Hispanic or Latino,B
P01294,F,1989-08-17,Black,Not Hispanic or Latino,A
P01295,M,1991-11-05,Asian,Not Hispanic or Latino,A
P01296,F,1942-12-14,American Indian/Alaska Native,Hispanic or Latino,A
P01297,M,1960-06-08,Asian,Not Hispanic or Latino,A
P01298,M,1954-03-27,American Indian/Alaska Native,Not Hispanic or Latino,B
P01299,M,1955-10-23,Asian,Not Hispanic or Latino,A
P01300,F,1986-12-15,White,Not Hispanic or Latino,A
P01301,M,1952-12-31,Asian,Not Hispanic or Latino,A
P01302,F,1967-12-19,Native Hawaiian/Pacific Islander,Not Hispanic or Latino,C
P01303,F,1942-04-10,American Indian/Alaska Native,Not Hispanic or Latino,A
P01304,M,1999-04-23,White,Not Hispanic or Latino,A
P01305,F,1982-12-22,White,Not Hispanic or Latino,B
P01306,F,1972-05-08,Black,Not Hispanic or Latino,A
P01307,F,1945-12-12,White,Hispanic or Latino,B
P01308,F,1953-10-05,American Indian/Alaska Native,Not Hispanic or Latino,C
P01309,F,1988-10-30,Asian,Not Hispanic or Latino,C
P01310,F,1947-03-27,Asian,Not Hispanic or Latino,B
P01311,F,1964-03-27,Native Hawaiian/Pacific Islander,Not Hispanic or Latino,B
P01312,M,1956-09-29,Asian,Not Hispanic or Latino,B
P01313,F,1981-06-09,American Indian/Alaska Native,Not Hispanic or Latino,A
P01314,M,2000-06-25,White,Not Hispanic or Latino,A
P01315,M,1965-03-04,Black,Hispanic or Latino,B
P01316,F,1986-07-24,Native Hawaiian/Pacific Islander,Not Hispanic or Latino,A
P01317,M,1994-04-18,Asian,Hispanic or Latino,A
P01318,M,1961-05-18,American Indian/Alaska Native,Not Hispanic or Latino,A
P01319,M,1971-04-28,Black,Not Hispanic or Latino,C
P01320,M,1976-12-05,Black,Hispanic or Latino,A
P01321,F,1997-10-30,American Indian/Alaska Native,Hispanic or Latino,A
P01322,M,1997-02-08,American Indian/Alaska Native,Not Hispanic or Latino,A
P01323,F,1959-07-15,Black,Not Hispanic or Latino,A
P01324,M,2000-10-19,American Indian/Alaska Native,Hispanic or Latino,C
P01325,M,1947-07-07,Asian,Not Hispanic or Latino,C
P01326,M,1943-04-27,Black,Hispanic or Latino,A
P01327,F,1963-06-04,White,Not Hispanic or Latino,B
P01328,F,1949-06-13,White,Not Hispanic or Latino,C
P01329,F,1985-04-08,Black,Hispanic or Latino,B
P01330,M,1954-11-24,Asian,Not Hispanic or Latino,C
P01331,F,1954-08-10,Black,Hispanic or Latino,B
P01332,M,1986-12-04,Native Hawaiian/Pacific Islander,Not Hispanic or Latino,B
P01333,F,2001-11-05,Black,Not Hispanic or Latino,B
P01334,M,2001-07-02,American Indian/Alaska Native,Not Hispanic or Latino,A
P01335,M,1977-08-01,Asian,Not Hispanic or Latino,A
P01336,M,1975-11-12,Black,Not Hispanic or Latino,B
P01337,M,1986-02-26,White,Not Hispanic or Latino,A
P01338,F,1950-05-05,White,Not Hispanic or Latino,B
P01339,F,1958-04-27,Native Hawaiian/Pacific Islander,Not Hispanic or Latino,B
P01340,M,1973-10-07,Native Hawaiian/Pacific Islander,Not Hispanic or Latino,B
P01341,F,1956-08-29,Black,Not Hispanic or Latino,B
P01342,M,1960-04-10,Native Hawaiian/Pacific Islander,Not Hispanic or Latino,C
P01343,F,1972-01-11,American Indian/Alaska Native,Not Hispanic or Latino,B
P01344,F,1988-10-30,Asian,Not Hispanic or Latino,B
P01345,F,1955-06-08,White,Not Hispanic or Latino,B
P01346,M,1942-07-07,Black,Not Hispanic or Latino,B
P01347,F,1958-05-14,American Indian/Alaska Native,Not Hispanic or Latino,B
P01348,F,1992-10-13,American Indian/Alaska Native,Not Hispanic or Latino,A
P01349,F,1968-08-05,American Indian/Alaska Native,Not Hispanic or Latino,A
P01350,M,1977-03-02,American Indian/Alaska Native,Hispanic or Latino,A
P01351,F,1956-06-30,Asian,Not Hispanic or Latino,A
P01352,M,1985-07-15,American Indian/Alaska Native,Not Hispanic or Latino,A
P01353,M,1959-01-11,Asian,Not Hispanic or Latino,A
P01354,F,1990-12-23,Black,Not Hispanic or Latino,B
P01355,F,1945-04-16,White,Not Hispanic or Latino,C
P01356,M,1977-03-06,American Indian/Alaska Native,Not Hispanic or Latino,C
P01357,F,1954-06-15,White,Not Hispanic or Latino,A
P01358,F,1985-01-16,Black,Not Hispanic or Latino,A
P01359,F,1947-07-04,Native Hawaiian/Pacific Islander,Not Hispanic or Latino,B
P01360,F,1983-08-15,Native Hawaiian/Pacific Islander,Hispanic or Latino,B
P01361,M,1967-11-09,Black,Hispanic or Latino,B
P01362,M,1989-08-07,American Indian/Alaska Native,Hispanic or Latino,A
P01363,F,1963-04-18,Native Hawaiian/Pacific Islander,Not Hispanic or Latino,A
P01364,F,1982-08-12,White,Hispanic or Latino,A
P01365,F,1940-05-07,American Indian/Alaska Native,Not Hispanic or Latino,B
P01366,F,1947-11-14,Asian,Not Hispanic or Latino,A
P01367,F,1942-08-12,White,Not Hispanic or Latino,B
P01368,M,1947-06-22,Black,Not Hispanic or Latino,A
P01369,F,1985-09-10,American Indian/Alaska Native,Not Hispanic or Latino,C
P01370,F,1953-07-20,White,Not Hispanic or Latino,C
P01371,M,1993-07-15,Asian,Not Hispanic or Latino,B
P01372,F,1997-08-29,Asian,Not Hispanic or Latino,A
P01373,F,1987-06-22,Black,Not Hispanic or Latino,C
P01374,M,1961-07-28,Asian,Not Hispanic or Latino,C
P01375,M,1962-05-30,White,Not Hispanic or Latino,C
P01376,M,1975-08-31,White,Not Hispanic or Latino,A
P01377,M,1958-05-25,Asian,Not Hispanic or Latino,B
P01378,M,1976-07-29,Native Hawaiian/Pacific Islander,Not Hispanic or Latino,A
P01379,M,1946-12-23,Native Hawaiian/Pacific Islander,Not Hispanic or Latino,B
P01380,M,1982-08-24,Native Hawaiian/Pacific Islander,Not Hispanic or Latino,C
P01381,M,1970-08-18,White,Not Hispanic or Latino,B
P01382,M,2000-07-20,Black,Not Hispanic or Latino,A
P01383,F,1953-11-27,Asian,Not Hispanic or Latino,A
P01384,M,1958-04-06,Native Hawaiian/Pacific Islander,Not Hispanic or Latino,A
P01385,M,1956-05-04,American Indian/Alaska Native,Not Hispanic or Latino,A
P01386,F,1941-02-24,American Indian/Alaska Native,Not Hispanic or Latino,B
P01387,F,1958-07-11,Black,Not Hispanic or Latino,C
P01388,F,1996-09-16,White,Not Hispanic or Latino,B
P01389,M,1987-11-25,Asian,Not Hispanic or Latino,A
P01390,F,1976-03-16,Black,Not Hispanic or Latino,B
P01391,F,1986-12-21,Asian,Not Hispanic or Latino,B
P01392,M,1970-02-12,White,Not Hispanic or Latino,C
P01393,F,1940-02-12,American Indian/Alaska Native,Not Hispanic or Latino,C
P01394,M,1998-10-16,American Indian/Alaska Native,Not Hispanic or Latino,A
P01395,M,1942-07-05,Asian,Hispanic or Latino,A
P01396,M,1983-01-03,Native Hawaiian/Pacific Islander,Not Hispanic or Latino,A
P01397,F,1965-11-17,Asian,Not Hispanic or Latino,C
P01398,F,1970-11-13,Black,Not Hispanic or Latino,B
P01399,M,1953-12-21,American Indian/Alaska Native,Not Hispanic or Latino,B
P01400,M,1993-02-17,Black,Not Hispanic or Latino,A
P01401,F,1996-05-07,American Indian/Alaska Native,Not Hispanic or Latino,A
P01402,M,1947-09-12,Black,Not Hispanic or Latino,B
P01403,M,1989-06-26,American Indian/Alaska Native,Not Hispanic or Latino,B
P01404,M,1999-02-02,Black,Hispanic or Latino,B
P01405,M,1986-11-12,White,Not Hispanic or Latino,B
P01406,M,1961-09-25,Black,Not Hispanic or Latino,A
P01407,F,1952-05-05,White,Not Hispanic or Latino,C
P01408,F,1965-06-03,White,Not Hispanic or Latino,A
P01409,M,1950-01-16,Black,Not Hispanic or Latino,A
P01410,M,1985-06-10,Native Hawaiian/Pacific Islander,Not Hispanic or Latino,B
P01411,F,1988-07-29,White,Not Hispanic or Latino,C
P01412,F,1989-06-24,Asian,Not Hispanic or Latino,B
P01413,F,1975-02-11,Asian,Not Hispanic or Latino,C
P01414,M,1942-02-21,American Indian/Alaska Native,Not Hispanic or Latino,B
P01415,M,1981-06-07,American Indian/Alaska Native,Not Hispanic or Latino,A
P01416,M,1967-05-19,White,Not Hispanic or Latino,A
P01417,F,1940-05-22,Black,Not Hispanic or Latino,C
P01418,F,1986-09-30,Native Hawaiian/Pacific Islander,Not Hispanic or Latino,B
P01419,F,1989-08-12,White,Not Hispanic or Latino,B
P01420,M,2001-09-01,American Indian/Alaska Native,Hispanic or Latino,C
P01421,F,1956-01-23,White,Hispanic or Latino,A
P01422,M,1982-02-11,Black,Not Hispanic or Latino,C
P01423,F,1983-02-16,Native Hawaiian/Pacific Islander,Hispanic or Latino,B
P01424,F,1982-09-10,White,Not Hispanic or Latino,A
P01425,F,1954-07-15,Native Hawaiian/Pacific Islander,Not Hispanic or Latino,A
P01426,M,1953-01-27,Black,Not Hispanic or Latino,B
P01427,F,1987-08-28,American Indian/Alaska Native,Hispanic or Latino,B
P01428,F,1972-05-01,Black,Not Hispanic or Latino,A
P01429,F,1961-05-23,White,Not Hispanic or Latino,A
P01430,F,1950-01-24,American Indian/Alaska Native,Not Hispanic or Latino,B
P01431,M,1992-03-12,Black,Not Hispanic or Latino,B
P01432,M,1995-06-05,American Indian/Alaska Native,Not Hispanic or Latino,C
P01433,F,1978-01-05,Native Hawaiian/Pacific Islander,Not Hispanic or Latino,B
P01434,F,1995-03-07,American Indian/Alaska Native,Not Hispanic or Latino,A
P01435,F,1977-10-22,American Indian/Alaska Native,Not Hispanic or Latino,A
P01436,F,1988-12-14,American Indian/Alaska Native,Not Hispanic or Latino,A
P01437,F,1987-07-17,Native Hawaiian/Pacific Islander,Not Hispanic or Latino,B
P01438,M,1977-06-18,Black,Not Hispanic or Latino,C
P01439,M,1974-07-30,Native Hawaiian/Pacific Islander,Not Hispanic or Latino,A
P01440,M,1948-03-02,Asian,Not Hispanic or Latino,B
P01441,M,1976-07-09,Asian,Hispanic or Latino,A
P01442,F,1978-12-27,Asian,Hispanic or Latino,C
P01443,M,1950-11-01,Native Hawaiian/Pacific Islander,Not Hispanic or Latino,B
P01444,F,1998-08-11,Native Hawaiian/Pacific Islander,Not Hispanic or Latino,B
P01445,M,1953-03-07,Black,Not Hispanic or Latino,A
P01446,M,1952-03-10,White,Hispanic or Latino,C
P01447,M,1982-08-03,Black,Not Hispanic or Latino,A
P01448,F,1979-06-01,Asian,Not Hispanic or Latino,A
P01449,F,1990-11-16,Native Hawaiian/Pacific Islander,Not Hispanic or Latino,B
P01450,M,1961-02-22,Native Hawaiian/Pacific Islander,Not Hispanic or Latino,C
P01451,F,1997-01-08,White,Not Hispanic or Latino,C
P01452,F,1964-12-27,Black,Not Hispanic or Latino,C
P01453,F,1958-02-04,Black,Not Hispanic or Latino,A
P01454,M,1982-11-09,Black,Not Hispanic or Latino,C
P01455,M,1978-06-21,American Indian/Alaska Native,Not Hispanic or Latino,B
P01456,F,1992-05-09,White,Not Hispanic or Latino,C
P01457,F,1952-12-08,Native Hawaiian/Pacific Islander,Not Hispanic or Latino,A
P01458,F,1950-05-26,American Indian/Alaska Native,Hispanic or Latino,B
P01459,M,1946-01-12,Asian,Not Hispanic or Latino,B
P01460,F,1991-06-07,Native Hawaiian/Pacific Islander,Not Hispanic or Latino,A
P01461,F,1959-10-06,Black,Not Hispanic or Latino,A
P01462,F,1969-01-07,Native Hawaiian/Pacific Islander,Not Hispanic or Latino,A
P01463,F,1951-09-20,Native Hawaiian/Pacific Islander,Not Hispanic or Latino,A
P01464,M,1952-12-23,White,Not Hispanic or Latino,B
P01465,F,1965-02-28,White,Not Hispanic or Latino,A
P01466,F,1962-09-01,Black,Not Hispanic or Latino,B
P01467,M,1994-06-16,White,Not Hispanic or Latino,C
P01468,F,1963-07-31,White,Not Hispanic or Latino,A
P01469,F,1989-03-25,White,Not Hispanic or Latino,A
P01470,M,1955-03-16,Asian,Not Hispanic or Latino,B
P01471,M,1967-11-18,Asian,Not Hispanic or Latino,A
P01472,M,1941-08-21,White,Not Hispanic or Latino,A
P01473,M,1956-08-13,American Indian/Alaska Native,Not Hispanic or Latino,C
P01474,M,1999-05-17,Black,Not Hispanic or Latino,C
P01475,F,1972-03-05,Black,Not Hispanic or Latino,A
P01476,M,1993-10-11,American Indian/Alaska Native,Not Hispanic or Latino,A
P01477,M,1980-03-30,Native Hawaiian/Pacific Islander,Hispanic or Latino,A
P01478,F,1998-02-04,American Indian/Alaska Native,Not Hispanic or Latino,A
P01479,M,1950-10-27,Native Hawaiian/Pacific Islander,Not Hispanic or Latino,A
P01480,F,1980-03-23,White,Not Hispanic or Latino,A
P01481,F,1973-10-24,American Indian/Alaska Native,Not Hispanic or Latino,A
P01482,M,1956-09-26,American Indian/Alaska Native,Not Hispanic or Latino,C
P01483,M,1989-02-01,Black,Not Hispanic or Latino,A
P01484,M,1966-10-16,Native Hawaiian/Pacific Islander,Not Hispanic or Latino,A
P01485,M,1945-09-21,Black,Not Hispanic or Latino,A
P01486,F,1994-06-03,American Indian/Alaska Native,Not Hispanic or Latino,B
P01487,F,1952-06-14,Black,Hispanic or Latino,B
P01488,M,2000-11-09,Native Hawaiian/Pacific Islander,Not Hispanic or Latino,B
P01489,M,1959-01-27,White,Hispanic or Latino,A
P01490,F,1947-03-02,Black,Not Hispanic or Latino,C
P01491,M,1980-07-22,American Indian/Alaska Native,Not Hispanic or Latino,C
P01492,F,1957-07-30,Native Hawaiian/Pacific Islander,Not Hispanic or Latino,B
P01493,F,1973-09-10,White,Not Hispanic or Latino,C
P01494,M,1957-12-11,Black,Not Hispanic or Latino,C
P01495,M,1985-05-08,American Indian/Alaska Native,Not Hispanic or Latino,B
P01496,M,1942-05-05,White,Not Hispanic or Latino,B
P01497,M,1956-11-25,Black,Hispanic or Latino,A
P01498,F,1963-05-17,Native Hawaiian/Pacific Islander,Hispanic or Latino,B
P01499,M,2001-11-15,White,Not Hispanic or Latino,B
P01500,F,1989-04-23,American Indian/Alaska Native,Hispanic or Latino,C
P01501,M,1975-03-03,Asian,Not Hispanic or Latino,B
P01502,M,1973-11-21,American Indian/Alaska Native,Hispanic or Latino,C
P01503,M,1983-10-01,Native Hawaiian/Pacific Islander,Not Hispanic or Latino,A
P01504,F,1997-04-10,American Indian/Alaska Native,Not Hispanic or Latino,B
P01505,F,1950-12-05,American Indian/Alaska Native,Not Hispanic or Latino,A
P01506,M,1948-07-23,Native Hawaiian/Pacific Islander,Not Hispanic or Latino,A
P01507,M,1980-06-08,White,Not Hispanic or Latino,C
P01508,M,1951-12-19,Asian,Hispanic or Latino,A
P01509,F,1940-11-13,White,Not Hispanic or Latino,C
P01510,M,1950-12-13,Asian,Not Hispanic or Latino,A
P01511,F,1949-07-09,Native Hawaiian/Pacific Islander,Not Hispanic or Latino,A
P01512,F,1947-09-05,American Indian/Alaska Native,Not Hispanic or Latino,C
P01513,M,1973-08-05,Native Hawaiian/Pacific Islander,Not Hispanic or Latino,A
P01514,M,1989-06-24,Black,Hispanic or Latino,C
P01515,M,1953-09-22,American Indian/Alaska Native,Hispanic or Latino,B
P01516,F,1984-09-13,Native Hawaiian/Pacific Islander,Not Hispanic or Latino,C
P01517,F,1942-12-09,American Indian/Alaska Native,Not Hispanic or Latino,A
P01518,F,1975-02-08,White,Not Hispanic or Latino,A
P01519,F,2000-12-04,Native Hawaiian/Pacific Islander,Not Hispanic or Latino,A
P01520,F,1969-04-28,Black,Not Hispanic or Latino,C
P01521,F,2000-07-19,Black,Not Hispanic or Latino,A
P01522,F,1997-03-16,Native Hawaiian/Pacific Islander,Not Hispanic or Latino,A
P01523,M,1977-03-21,Black,Not Hispanic or Latino,A
P01524,M,1961-09-04,White,Not Hispanic or Latino,C
P01525,F,1970-10-16,American Indian/Alaska Native,Not Hispanic or Latino,B
P01526,M,1948-08-20,American Indian/Alaska Native,Hispanic or Latino,A
P01527,F,1983-10-24,Black,Not Hispanic or Latino,C
P01528,F,1967-02-21,Asian,Not Hispanic or Latino,C
P01529,M,1965-05-26,White,Not Hispanic or Latino,A
P01530,M,1944-11-16,American Indian/Alaska Native,Not Hispanic or Latino,C
P01531,F,1965-02-13,American Indian/Alaska Native,Not Hispanic or Latino,A
P01532,F,1969-04-03,Black,Not Hispanic or Latino,B
P01533,M,1946-07-16,Asian,Not Hispanic or Latino,A
P01534,M,1947-03-28,Asian,Hispanic or Latino,C
P01535,F,1962-03-27,Asian,Hispanic or Latino,C
P01536,M,1996-02-21,White,Hispanic or Latino,B
P01537,M,1944-03-23,American Indian/Alaska Native,Not Hispanic or Latino,B
P01538,M,1957-05-09,Native Hawaiian/Pacific Islander,Not Hispanic or Latino,B
P01539,M,1964-11-25,Native Hawaiian/Pacific Islander,Not Hispanic or Latino,A
P01540,F,1988-03-09,Asian,Not Hispanic or Latino,A
P01541,M,1970-12-27,American Indian/Alaska Native,Hispanic or Latino,A
P01542,F,1998-09-03,American Indian/Alaska Native,Not Hispanic or Latino,C
P01543,M,1999-06-05,Black,Not Hispanic or Latino,B
P01544,F,1961-12-20,Native Hawaiian/Pacific Islander,Not Hispanic or Latino,C
P01545,F,1991-06-22,Asian,Hispanic or Latino,A
P01546,F,1949-07-03,Native Hawaiian/Pacific Islander,Hispanic or Latino,C
P01547,M,1947-03-26,American Indian/Alaska Native,Not Hispanic or Latino,B
P01548,F,1989-03-08,Native Hawaiian/Pacific Islander,Hispanic or Latino,B
P01549,F,1983-01-22,Native Hawaiian/Pacific Islander,Hispanic or Latino,B
P01550,M,1967-12-29,American Indian/Alaska Native,Not Hispanic or Latino,A
P01551,F,1971-10-30,Black,Hispanic or Latino,A
P01552,M,1941-12-10,Native Hawaiian/Pacific Islander,Not Hispanic or Latino,B
P01553,M,2001-11-20,American Indian/Alaska Native,Hispanic or Latino,A
P01554,F,1992-04-18,Black,Not Hispanic or Latino,C
P01555,F,1945-04-01,Black,Not Hispanic or Latino,B
P01556,F,1988-10-28,American Indian/Alaska Native,Hispanic or Latino,B
P01557,F,1961-07-07,White,Not Hispanic or Latino,A
P01558,F,1965-04-23,Asian,Not Hispanic or Latino,B
P01559,M,1972-09-11,Native Hawaiian/Pacific Islander,Not Hispanic or Latino,A
P01560,F,1951-07-09,Asian,Hispanic or Latino,A
P01561,M,1980-12-09,American Indian/Alaska Native,Not Hispanic or Latino,B
P01562,F,1944-12-02,Asian,Not Hispanic or Latino,B
P01563,F,1980-02-29,Black,Hispanic or Latino,A
P01564,M,1951-11-06,Black,Not Hispanic or Latino,C
P01565,M,1985-03-09,White,Not Hispanic or Latino,A
P01566,F,1958-03-29,Asian,Not Hispanic or Latino,B
P01567,F,1962-12-04,Native Hawaiian/Pacific Islander,Hispanic or Latino,C
P01568,M,1998-01-29,Black,Hispanic or Latino,B
P01569,F,1950-08-11,Asian,Hispanic or Latino,C
P01570,M,1988-04-19,Black,Hispanic or Latino,A
P01571,F,1963-01-29,American Indian/Alaska Native,Not Hispanic or Latino,A
P01572,F,1965-03-12,Asian,Not Hispanic or Latino,A
P01573,M,1978-10-18,American Indian/Alaska Native,Hispanic or Latino,A
P01574,M,1950-11-30,Native Hawaiian/Pacific Islander,Not Hispanic or Latino,B
P01575,M,1949-10-11,White,Not Hispanic or Latino,C
P01576,M,1984-06-18,Asian,Not Hispanic or Latino,B
P01577,F,1950-10-12,Native Hawaiian/Pacific Islander,Not Hispanic or Latino,C
P01578,F,1974-09-24,White,Not Hispanic or Latino,C
P01579,M,1948-04-22,White,Not Hispanic or Latino,C
P01580,F,1943-09-18,Asian,Not Hispanic or Latino,B
P01581,M,1962-12-23,White,Not Hispanic or Latino,B
P01582,F,1943-09-07,White,Hispanic or Latino,B
P01583,F,1994-02-22,Black,Hispanic or Latino,B
P01584,M,1959-12-01,Black,Not Hispanic or Latino,C
P01585,M,1996-10-06,Black,Hispanic or Latino,B
P01586,M,2002-05-27,White,Not Hispanic or Latino,C
P01587,F,2000-09-18,Asian,Not Hispanic or Latino,C
P01588,F,1970-01-29,Black,Not Hispanic or Latino,B
P01589,M,1995-11-05,Asian,Hispanic or Latino,A
P01590,M,1977-07-27,White,Not Hispanic or Latino,A
P01591,F,1967-09-12,Asian,Hispanic or Latino,B
P01592,F,1979-08-02,Black,Hispanic or Latino,B
P01593,M,1942-03-01,Native Hawaiian/Pacific Islander,Not Hispanic or Latino,B
P01594,M,1971-11-01,Asian,Not Hispanic or Latino,C
P01595,M,1982-03-31,White,Hispanic or Latino,A
P01596,F,1979-04-17,Native Hawaiian/Pacific Islander,Not Hispanic or Latino,A
P01597,M,1981-11-13,Black,Not Hispanic or Latino,A
P01598,F,1962-04-25,White,Not Hispanic or Latino,A
P01599,F,1965-01-09,Native Hawaiian/Pacific Islander,Hispanic or Latino,A
P01600,F,1954-10-10,Black,Not Hispanic or Latino,B
P01601,M,1987-02-19,Native Hawaiian/Pacific Islander,Not Hispanic or Latino,A
P01602,M,1944-07-24,Asian,Hispanic or Latino,C
P01603,F,1996-02-26,Black,Not Hispanic or Latino,A
P01604,M,1985-11-10,Black,Not Hispanic or Latino,A
P01605,F,1994-11-17,White,Not Hispanic or Latino,A
P01606,M,1982-08-05,White,Not Hispanic or Latino,B
P01607,M,1980-02-11,Asian,Not Hispanic or Latino,B
P01608,M,1994-01-09,Native Hawaiian/Pacific Islander,Not Hispanic or Latino,C
P01609,M,1962-07-15,American Indian/Alaska Native,Hispanic or Latino,B
P01610,F,1999-09-13,Native Hawaiian/Pacific Islander,Hispanic or Latino,A
P01611,F,1955-08-11,White,Not Hispanic or Latino,A
P01612,F,1941-11-05,Native Hawaiian/Pacific Islander,Not Hispanic or Latino,C
P01613,M,1979-09-03,Black,Hispanic or Latino,C
P01614,M,1979-09-28,American Indian/Alaska Native,Not Hispanic or Latino,B
P01615,F,1972-10-04,Black,Not Hispanic or Latino,C
P01616,M,1975-01-30,American Indian/Alaska Native,Not Hispanic or Latino,A
P01617,F,1962-04-05,Native Hawaiian/Pacific Islander,Not Hispanic or Latino,B
P01618,M,1955-12-26,Native Hawaiian/Pacific Islander,Not Hispanic or Latino,C
P01619,F,1976-10-03,Black,Not Hispanic or Latino,C
P01620,M,1993-02-12,White,Not Hispanic or Latino,C
P01621,M,1978-01-30,Asian,Not Hispanic or Latino,A
P01622,M,1971-12-05,American Indian/Alaska Native,Not Hispanic or Latino,B
P01623,M,1998-09-25,Black,Not Hispanic or Latino,A
P01624,F,1993-03-12,Native Hawaiian/Pacific Islander,Hispanic or Latino,B
P01625,M,1972-07-02,American Indian/Alaska Native,Not Hispanic or Latino,B
P01626,F,1975-05-02,White,Not Hispanic or Latino,C
P01627,F,1993-11-28,Asian,Not Hispanic or Latino,C
P01628,M,1973-05-14,Native Hawaiian/Pacific Islander,Not Hispanic or Latino,C
P01629,F,1990-01-24,Native Hawaiian/Pacific Islander,Not Hispanic or Latino,B
P01630,M,1968-03-28,Black,Not Hispanic or Latino,B
P01631,M,1999-08-07,Native Hawaiian/Pacific Islander,Not Hispanic or Latino,A
P01632,M,1977-04-18,American Indian/Alaska Native,Not Hispanic or Latino,C
P01633,M,1952-06-19,White,Hispanic or Latino,C
P01634,M,1956-01-29,Asian,Not Hispanic or Latino,A
P01635,M,1982-03-05,White,Not Hispanic or Latino,B
P01636,M,1985-07-26,American Indian/Alaska Native,Not Hispanic or Latino,A
P01637,F,1963-06-05,White,Hispanic or Latino,A
P01638,F,2002-11-26,Asian,Not Hispanic or Latino,A
P01639,F,1985-07-23,Black,Hispanic or Latino,C
P01640,M,1940-07-23,White,Not Hispanic or Latino,A
P01641,F,1966-07-06,American Indian/Alaska Native,Not Hispanic or Latino,B
P01642,F,1970-09-20,American Indian/Alaska Native,Hispanic or Latino,A
P01643,F,1991-02-28,American Indian/Alaska Native,Hispanic or Latino,A
P01644,F,1956-06-20,Black,Hispanic or Latino,A
P01645,M,1963-03-23,Native Hawaiian/Pacific Islander,Hispanic or Latino,A
P01646,F,1986-02-07,Black,Hispanic or Latino,B
P01647,F,1964-11-25,Black,Not Hispanic or Latino,C
P01648,M,1981-07-18,White,Not Hispanic or Latino,B
P01649,M,1966-02-20,American Indian/Alaska Native,Not Hispanic or Latino,B
P01650,F,1989-11-12,American Indian/Alaska Native,Not Hispanic or Latino,A
P01651,M,1947-02-26,Native Hawaiian/Pacific Islander,Hispanic or Latino,A
P01652,F,1975-01-21,Asian,Hispanic or Latino,A
P01653,F,1993-11-02,Black,Not Hispanic or Latino,B
P01654,M,1953-04-29,Asian,Not Hispanic or Latino,A
P01655,F,1975-01-21,Black,Not Hispanic or Latino,B
P01656,F,1990-08-11,American Indian/Alaska Native,Not Hispanic or Latino,C
P01657,M,1983-06-23,American Indian/Alaska Native,Not Hispanic or Latino,A
P01658,F,1964-10-06,White,Not Hispanic or Latino,C
P01659,M,1974-08-20,Native Hawaiian/Pacific Islander,Hispanic or Latino,C
P01660,F,1964-03-24,Black,Not Hispanic or Latino,C
P01661,M,1959-06-08,Native Hawaiian/Pacific Islander,Not Hispanic or Latino,A
P01662,M,1962-11-16,Black,Not Hispanic or Latino,A
P01663,F,1940-07-17,Black,Hispanic or Latino,B
P01664,F,2001-06-17,American Indian/Alaska Native,Not Hispanic or Latino,C
P01665,F,1996-09-22,American Indian/Alaska Native,Hispanic or Latino,A
P01666,M,1947-05-24,Native Hawaiian/Pacific Islander,Hispanic or Latino,B
P01667,F,1947-12-22,White,Hispanic or Latino,A
P01668,F,1948-06-19,Native Hawaiian/Pacific Islander,Not Hispanic or Latino,A
P01669,M,1964-01-26,American Indian/Alaska Native,Not Hispanic or Latino,C
P01670,F,1998-05-15,Black,Not Hispanic or Latino,A
P01671,F,1976-01-14,American Indian/Alaska Native,Not Hispanic or Latino,B
P01672,F,1987-06-26,Native Hawaiian/Pacific Islander,Not Hispanic or Latino,B
P01673,M,1943-06-01,American Indian/Alaska Native,Not Hispanic or Latino,A
P01674,F,1944-06-25,Asian,Not Hispanic or Latino,B
P01675,F,1947-11-04,Asian,Not Hispanic or Latino,C
P01676,M,1974-08-20,White,Not Hispanic or Latino,A
P01677,M,2000-01-08,Native Hawaiian/Pacific Islander,Not Hispanic or Latino,B
P01678,F,1975-03-07,Asian,Hispanic or Latino,C
P01679,M,1956-04-29,Asian,Not Hispanic or Latino,B
P01680,F,1961-07-26,Asian,Not Hispanic or Latino,A
P01681,M,1942-09-04,American Indian/Alaska Native,Not Hispanic or Latino,A
P01682,M,1975-04-30,Native Hawaiian/Pacific Islander,Not Hispanic or Latino,B
P01683,F,1988-03-11,Native Hawaiian/Pacific Islander,Hispanic or Latino,B
P01684,F,1998-03-01,Native Hawaiian/Pacific Islander,Not Hispanic or Latino,C
P01685,M,1993-01-26,Native Hawaiian/Pacific Islander,Not Hispanic or Latino,C
P01686,F,1990-11-16,Black,Not Hispanic or Latino,A
P01687,F,1985-09-05,White,Hispanic or Latino,A
P01688,F,1987-09-21,Asian,Not Hispanic or Latino,C
P01689,F,1969-01-13,White,Hispanic or Latino,A
P01690,F,1981-03-16,Black,Not Hispanic or Latino,A
P01691,F,1959-10-14,Asian,Not Hispanic or Latino,C
P01692,M,1964-11-05,Native Hawaiian/Pacific Islander,Not Hispanic or Latino,B
P01693,F,1989-11-30,Native Hawaiian/Pacific Islander,Not Hispanic or Latino,A
P01694,M,1981-07-14,Black,Not Hispanic or Latino,C
P01695,M,1950-11-28,American Indian/Alaska Native,Not Hispanic or Latino,B
P01696,F,2000-09-24,Black,Not Hispanic or Latino,A
P01697,F,1946-12-09,American Indian/Alaska Native,Not Hispanic or Latino,B
P01698,F,1960-02-16,Asian,Not Hispanic or Latino,C
P01699,F,1942-03-20,Asian,Not Hispanic or Latino,A
P01700,M,1967-01-09,Asian,Not Hispanic or Latino,C
P01701,F,1974-08-18,Native Hawaiian/Pacific Islander,Not Hispanic or Latino,C
P01702,M,1961-11-05,American Indian/Alaska Native,Hispanic or Latino,B
P01703,M,1972-06-18,American Indian/Alaska Native,Not Hispanic or Latino,A
P01704,F,1989-06-23,Native Hawaiian/Pacific Islander,Not Hispanic or Latino,B
P01705,F,1986-03-12,White,Not Hispanic or Latino,A
P01706,M,1987-10-16,White,Not Hispanic or Latino,A
P01707,F,1944-06-04,American Indian/Alaska Native,Not Hispanic or Latino,C
P01708,F,2000-10-26,American Indian/Alaska Native,Hispanic or Latino,A
P01709,F,1994-12-20,Native Hawaiian/Pacific Islander,Not Hispanic or Latino,C
P01710,F,1952-10-01,Asian,Not Hispanic or Latino,B
P01711,M,2000-04-18,Asian,Not Hispanic or Latino,C
P01712,M,1956-05-19,Asian,Not Hispanic or Latino,B
P01713,M,1970-08-18,American Indian/Alaska Native,Not Hispanic or Latino,A
P01714,F,1982-09-05,White,Not Hispanic or Latino,A
P01715,M,1947-07-29,Black,Not Hispanic or Latino,B
P01716,M,1941-03-01,Black,Not Hispanic or Latino,C
P01717,M,1977-01-25,Asian,Hispanic or Latino,A
P01718,M,1975-09-01,Black,Not Hispanic or Latino,A
P01719,F,1956-10-23,White,Not Hispanic or Latino,B
P01720,F,1960-08-11,Asian,Not Hispanic or Latino,B
P01721,M,1987-07-27,American Indian/Alaska Native,Not Hispanic or Latino,B
P01722,M,1962-05-23,White,Not Hispanic or Latino,C
P01723,M,1978-07-06,Asian,Not Hispanic or Latino,B
P01724,M,1951-06-14,White,Not Hispanic or Latino,A
P01725,M,1944-05-02,White,Not Hispanic or Latino,C
P01726,F,1978-05-29,Asian,Not Hispanic or Latino,A
P01727,M,1979-05-30,Native Hawaiian/Pacific Islander,Hispanic or Latino,B
P01728,M,1948-05-13,Asian,Not Hispanic or Latino,A
P01729,M,1951-12-02,Asian,Hispanic or Latino,B
P01730,M,1946-08-05,Black,Not Hispanic or Latino,C
P01731,M,1950-01-28,Native Hawaiian/Pacific Islander,Not Hispanic or Latino,A
P01732,M,1983-12-17,American Indian/Alaska Native,Not Hispanic or Latino,A
P01733,F,1984-03-01,American Indian/Alaska Native,Not Hispanic or Latino,B
P01734,M,1961-11-27,Black,Hispanic or Latino,C
P01735,M,1955-01-09,American Indian/Alaska Native,Hispanic or Latino,A
P01736,F,1998-04-29,Black,Not Hispanic or Latino,C
P01737,M,1949-09-12,American Indian/Alaska Native,Hispanic or Latino,B
P01738,M,1991-05-04,Native Hawaiian/Pacific Islander,Not Hispanic or Latino,C
P01739,M,1969-07-16,Native Hawaiian/Pacific Islander,Not Hispanic or Latino,B
P01740,F,1964-03-03,American Indian/Alaska Native,Not Hispanic or Latino,A
P01741,M,1978-09-20,Native Hawaiian/Pacific Islander,Not Hispanic or Latino,A
P01742,F,1991-06-30,Black,Not Hispanic or Latino,B
P01743,M,1991-02-28,White,Not Hispanic or Latino,C
P01744,F,1962-05-19,White,Not Hispanic or Latino,B
P01745,F,1995-08-02,White,Not Hispanic or Latino,B
P01746,F,1952-07-10,Asian,Not Hispanic or Latino,A
P01747,F,1977-11-06,Black,Not Hispanic or Latino,A
P01748,F,1952-01-03,White,Not Hispanic or Latino,A
P01749,M,1973-10-19,Black,Hispanic or Latino,B
P01750,F,1948-04-02,American Indian/Alaska Native,Not Hispanic or Latino,C
P01751,F,1987-06-13,American Indian/Alaska Native,Not Hispanic or Latino,C
P01752,M,1985-10-28,Asian,Not Hispanic or Latino,B
P01753,F,1994-06-20,Black,Not Hispanic or Latino,A
P01754,M,1984-12-14,White,Not Hispanic or Latino,C
P01755,M,1992-05-17,Black,Not Hispanic or Latino,A
P01756,F,1977-02-26,White,Not Hispanic or Latino,B
P01757,M,1960-02-22,American Indian/Alaska Native,Not Hispanic or Latino,A
P01758,F,1992-08-12,American Indian/Alaska Native,Not Hispanic or Latino,A
P01759,F,1952-04-05,American Indian/Alaska Native,Not Hispanic or Latino,C
P01760,F,1963-09-01,Black,Not Hispanic or Latino,A
P01761,F,1977-11-11,American Indian/Alaska Native,Not Hispanic or Latino,A
P01762,F,1941-07-08,Native Hawaiian/Pacific Islander,Not Hispanic or Latino,B
P01763,M,1957-03-11,Asian,Not Hispanic or Latino,B
P01764,M,1970-09-09,White,Not Hispanic or Latino,B
P01765,M,1974-06-28,Asian,Not Hispanic or Latino,A
P01766,M,1964-06-03,Black,Hispanic or Latino,B
P01767,M,1965-11-14,White,Not Hispanic or Latino,C
P01768,F,1984-11-23,Asian,Not Hispanic or Latino,A
P01769,F,1976-09-08,White,Not Hispanic or Latino,A
P01770,M,1974-02-09,American Indian/Alaska Native,Not Hispanic or Latino,A
P01771,M,1963-05-13,White,Not Hispanic or Latino,C
P01772,F,1960-11-20,White,Hispanic or Latino,C
P01773,M,1956-08-05,American Indian/Alaska Native,Not Hispanic or Latino,A
P01774,F,1998-11-16,American Indian/Alaska Native,Hispanic or Latino,A
P01775,M,1992-05-13,American Indian/Alaska Native,Not Hispanic or Latino,C
P01776,M,1943-07-22,Native Hawaiian/Pacific Islander,Not Hispanic or Latino,C
P01777,M,1963-06-13,American Indian/Alaska Native,Not Hispanic or Latino,C
P01778,M,1960-08-28,Native Hawaiian/Pacific Islander,Not Hispanic or Latino,B
P01779,M,1979-03-04,Black,Not Hispanic or Latino,A
P01780,F,1952-02-10,Asian,Hispanic or Latino,C
P01781,M,1975-06-25,Black,Not Hispanic or Latino,B
P01782,F,1942-01-31,Native Hawaiian/Pacific Islander,Not Hispanic or Latino,C
P01783,F,1966-02-10,Black,Hispanic or Latino,A
P01784,F,1980-04-06,American Indian/Alaska Native,Hispanic or Latino,B
P01785,F,1998-11-06,Asian,Not Hispanic or Latino,B
P01786,F,1999-12-10,Native Hawaiian/Pacific Islander,Not Hispanic or Latino,B
P01787,F,1996-01-09,White,Not Hispanic or Latino,A
P01788,F,1963-02-04,White,Hispanic or Latino,C
P01789,F,1964-01-14,White,Hispanic or Latino,C
P01790,M,1959-12-01,Black,Not Hispanic or Latino,B
P01791,F,1970-01-29,Black,Not Hispanic or Latino,C
P01792,M,1995-10-15,Native Hawaiian/Pacific Islander,Not Hispanic or Latino,B
P01793,F,1967-11-07,Black,Not Hispanic or Latino,B
P01794,F,1956-06-03,American Indian/Alaska Native,Not Hispanic or Latino,A
P01795,F,1987-01-19,Black,Not Hispanic or Latino,C
P01796,F,1994-07-18,Black,Not Hispanic or Latino,C
P01797,M,1988-01-14,Native Hawaiian/Pacific Islander,Not Hispanic or Latino,A
P01798,F,1982-01-30,Asian,Not Hispanic or Latino,B
P01799,F,1946-08-12,White,Hispanic or Latino,A
P01800,M,1978-03-09,American Indian/Alaska Native,Not Hispanic or Latino,B
P01801,F,1946-07-08,Asian,Not Hispanic or Latino,C
P01802,F,2000-09-12,Asian,Not Hispanic or Latino,B
P01803,F,1978-05-15,White,Not Hispanic or Latino,A
P01804,F,1944-12-01,Asian,Not Hispanic or Latino,B
P01805,M,1944-05-14,American Indian/Alaska Native,Not Hispanic or Latino,B
P01806,F,1951-03-13,Black,Not Hispanic or Latino,B
P01807,M,1978-07-25,Native Hawaiian/Pacific Islander,Hispanic or Latino,A
P01808,M,1993-03-01,American Indian/Alaska Native,Not Hispanic or Latino,A
P01809,F,1951-11-10,Black,Not Hispanic or Latino,A
P01810,F,1986-10-28,Native Hawaiian/Pacific Islander,Not Hispanic or Latino,B
P01811,F,1985-03-07,Black,Not Hispanic or Latino,B
P01812,F,1944-01-09,Native Hawaiian/Pacific Islander,Not Hispanic or Latino,A
P01813,F,1958-03-24,Asian,Not Hispanic or Latino,B
P01814,F,1946-01-05,American Indian/Alaska Native,Not Hispanic or Latino,A
P01815,F,1966-01-19,Native Hawaiian/Pacific Islander,Hispanic or Latino,C
P01816,M,1945-03-21,Black,Not Hispanic or Latino,B
P01817,F,1965-09-09,Black,Not Hispanic or Latino,A
P01818,M,1953-04-27,Black,Not Hispanic or Latino,C
P01819,M,2002-05-10,White,Not Hispanic or Latino,A
P01820,F,1950-10-18,Black,Not Hispanic or Latino,C
P01821,F,1952-02-02,Native Hawaiian/Pacific Islander,Hispanic or Latino,A
P01822,M,1973-07-29,Black,Not Hispanic or Latino,A
P01823,F,1947-02-07,Black,Not Hispanic or Latino,C
P01824,F,1989-07-11,White,Not Hispanic or Latino,A
P01825,M,1967-08-07,Asian,Not Hispanic or Latino,A
P01826,F,1980-05-04,White,Hispanic or Latino,B
P01827,F,1963-02-24,American Indian/Alaska Native,Not Hispanic or Latino,A
P01828,F,1975-08-23,White,Not Hispanic or Latino,B
P01829,F,1942-04-25,Asian,Not Hispanic or Latino,A
P01830,F,1947-05-28,Asian,Not Hispanic or Latino,C
P01831,F,1954-07-11,White,Not Hispanic or Latino,C
P01832,M,1987-03-14,Asian,Not Hispanic or Latino,B
P01833,M,2002-03-27,Native Hawaiian/Pacific Islander,Not Hispanic or Latino,A
P01834,M,1973-05-27,Native Hawaiian/Pacific Islander,Hispanic or Latino,A
P01835,F,1941-01-03,American Indian/Alaska Native,Not Hispanic or Latino,A
P01836,M,2002-10-03,Asian,Not Hispanic or Latino,C
P01837,F,1976-06-06,Black,Not Hispanic or Latino,B
P01838,F,1957-05-12,White,Not Hispanic or Latino,A
P01839,M,1942-05-15,Native Hawaiian/Pacific Islander,Hispanic or Latino,A
P01840,M,1976-05-26,White,Not Hispanic or Latino,A
P01841,M,1940-06-24,White,Not Hispanic or Latino,A
P01842,F,1948-08-25,Black,Not Hispanic or Latino,A
P01843,F,1990-11-01,American Indian/Alaska Native,Not Hispanic or Latino,B
P01844,F,1999-05-22,White,Not Hispanic or Latino,C
P01845,M,1961-01-28,Black,Not Hispanic or Latino,A
P01846,M,1982-03-06,White,Not Hispanic or Latino,A
P01847,M,1998-10-17,Native Hawaiian/Pacific Islander,Not Hispanic or Latino,A
P01848,M,1954-09-13,Asian,Not Hispanic or Latino,B
P01849,M,1961-12-02,Native Hawaiian/Pacific Islander,Not Hispanic or Latino,B
P01850,F,1950-12-24,Native Hawaiian/Pacific Islander,Not Hispanic or Latino,A
P01851,F,1975-05-30,Asian,Not Hispanic or Latino,B
P01852,F,1960-07-17,Native Hawaiian/Pacific Islander,Not Hispanic or Latino,C
P01853,F,1946-06-15,Black,Not Hispanic or Latino,A
P01854,M,1953-05-12,Asian,Not Hispanic or Latino,C
P01855,M,1941-10-27,White,Not Hispanic or Latino,A
P01856,F,1978-08-11,White,Not Hispanic or Latino,A
P01857,F,1981-08-22,Black,Hispanic or Latino,B
P01858,F,1951-09-24,Native Hawaiian/Pacific Islander,Not Hispanic or Latino,C
P01859,F,1951-01-19,Asian,Not Hispanic or Latino,C
P01860,F,1967-01-15,White,Not Hispanic or Latino,A
P01861,M,1995-04-15,Black,Not Hispanic or Latino,B
P01862,M,1943-10-14,White,Hispanic or Latino,C
P01863,M,1961-10-18,White,Not Hispanic or Latino,B
P01864,M,1961-02-13,White,Not Hispanic or Latino,A
P01865,M,1978-07-08,White,Not Hispanic or Latino,A
P01866,F,2001-07-25,Black,Not Hispanic or Latino,B
P01867,M,1976-04-07,White,Hispanic or Latino,A
P01868,M,1988-04-28,Asian,Not Hispanic or Latino,B
P01869,M,1971-05-14,Asian,Not Hispanic or Latino,A
P01870,F,1966-09-28,Asian,Hispanic or Latino,A
P01871,F,1975-07-08,American Indian/Alaska Native,Not Hispanic or Latino,B
P01872,F,1979-12-12,White,Not Hispanic or Latino,A
P01873,M,1940-05-27,White,Hispanic or Latino,A
P01874,M,1954-10-18,Asian,Hispanic or Latino,C
P01875,F,1950-12-21,Native Hawaiian/Pacific Islander,Hispanic or Latino,A
P01876,F,1994-03-18,Asian,Not Hispanic or Latino,A
P01877,M,1942-06-04,Black,Not Hispanic or Latino,A
P01878,M,1989-10-08,Black,Not Hispanic or Latino,C
P01879,M,1976-03-22,American Indian/Alaska Native,Not Hispanic or Latino,A
P01880,M,1960-02-27,Asian,Not Hispanic or Latino,A
P01881,F,1996-08-18,White,Not Hispanic or Latino,B
P01882,M,1960-08-12,White,Not Hispanic or Latino,B
P01883,M,2000-02-10,Black,Not Hispanic or Latino,A
P01884,M,1959-11-08,Asian,Not Hispanic or Latino,C
P01885,M,1963-08-02,Black,Not Hispanic or Latino,B
P01886,F,1952-12-18,American Indian/Alaska Native,Not Hispanic or Latino,B
P01887,M,1967-10-23,Asian,Not Hispanic or Latino,A
P01888,F,1973-07-17,Black,Hispanic or Latino,C
P01889,F,1995-11-04,American Indian/Alaska Native,Not Hispanic or Latino,A
P01890,F,1990-03-04,White,Not Hispanic or Latino,A
P01891,F,1985-03-03,White,Hispanic or Latino,C
P01892,F,1997-05-06,Native Hawaiian/Pacific Islander,Not Hispanic or Latino,C
P01893,F,1977-03-17,Asian,Not Hispanic or Latino,C
P01894,F,1999-01-27,White,Hispanic or Latino,A
P01895,F,1976-07-18,Black,Not Hispanic or Latino,A
P01896,M,1963-11-24,Native Hawaiian/Pacific Islander,Not Hispanic or Latino,B
P01897,F,1992-05-05,Native Hawaiian/Pacific Islander,Not Hispanic or Latino,C
P01898,M,1960-03-30,Asian,Hispanic or Latino,B
P01899,F,1968-08-27,White,Not Hispanic or Latino,A
P01900,F,1969-01-25,Black,Not Hispanic or Latino,A
P01901,M,1956-06-11,Black,Not Hispanic or Latino,A
P01902,M,1953-04-21,Native Hawaiian/Pacific Islander,Hispanic or Latino,C
P01903,F,1961-02-15,White,Not Hispanic or Latino,C
P01904,F,1976-05-01,White,Not Hispanic or Latino,B
P01905,M,1991-01-24,White,Not Hispanic or Latino,A
P01906,M,1959-09-06,White,Not Hispanic or Latino,C
P01907,F,1964-03-19,Asian,Not Hispanic or Latino,C
P01908,F,1945-12-06,Black,Not Hispanic or Latino,B
P01909,F,1968-01-23,Native Hawaiian/Pacific Islander,Not Hispanic or Latino,C
P01910,M,1953-11-03,American Indian/Alaska Native,Not Hispanic or Latino,C
P01911,M,1965-12-03,Asian,Not Hispanic or Latino,A
P01912,M,1975-07-23,American Indian/Alaska Native,Not Hispanic or Latino,C
P01913,M,1983-11-23,Asian,Not Hispanic or Latino,B
P01914,M,1944-10-14,Asian,Hispanic or Latino,A
P01915,F,1998-10-05,American Indian/Alaska Native,Not Hispanic or Latino,B
P01916,F,1995-07-03,American Indian/Alaska Native,Not Hispanic or Latino,B
P01917,M,1990-05-31,Black,Hispanic or Latino,A
P01918,F,1978-07-01,Black,Not Hispanic or Latino,B
P01919,M,1979-03-29,White,Not Hispanic or Latino,A
P01920,M,1985-01-28,White,Not Hispanic or Latino,A
P01921,F,1956-11-17,Asian,Not Hispanic or Latino,A
P01922,F,1988-07-10,Asian,Not Hispanic or Latino,B
P01923,M,1991-10-14,American Indian/Alaska Native,Not Hispanic or Latino,C
P01924,M,1950-06-03,White,Hispanic or Latino,B
P01925,M,1983-12-16,Native Hawaiian/Pacific Islander,Hispanic or Latino,A
P01926,M,1941-05-17,Black,Not Hispanic or Latino,B
P01927,F,2001-11-08,Black,Not Hispanic or Latino,C
P01928,M,1983-07-19,Native Hawaiian/Pacific Islander,Not Hispanic or Latino,C
P01929,M,1988-07-14,American Indian/Alaska Native,Not Hispanic or Latino,A
P01930,F,1995-02-24,American Indian/Alaska Native,Not Hispanic or Latino,C
P01931,F,1999-06-09,White,Hispanic or Latino,C
P01932,M,1949-12-27,White,Not Hispanic or Latino,C
P01933,F,1966-04-20,Asian,Not Hispanic or Latino,B
P01934,F,1982-05-14,American Indian/Alaska Native,Not Hispanic or Latino,A
P01935,F,1958-02-14,Asian,Not Hispanic or Latino,A
P01936,F,1956-10-19,Asian,Not Hispanic or Latino,A
P01937,F,1976-06-24,Asian,Not Hispanic or Latino,A
P01938,M,1974-08-18,Black,Not Hispanic or Latino,B
P01939,F,1957-07-10,Native Hawaiian/Pacific Islander,Not Hispanic or Latino,B
P01940,F,1993-08-08,Black,Not Hispanic or Latino,C
P01941,M,1941-03-22,Asian,Not Hispanic or Latino,A
P01942,F,1984-05-14,White,Not Hispanic or Latino,A
P01943,F,1953-04-19,Black,Not Hispanic or Latino,B
P01944,F,1980-05-11,White,Not Hispanic or Latino,A
P01945,F,1975-06-19,Black,Not Hispanic or Latino,A
P01946,M,1990-06-27,Native Hawaiian/Pacific Islander,Not Hispanic or Latino,C
P01947,F,1965-07-21,Native Hawaiian/Pacific Islander,Hispanic or Latino,B
P01948,M,1982-09-01,Asian,Not Hispanic or Latino,A
P01949,F,1987-07-29,Black,Not Hispanic or Latino,B
P01950,F,1974-09-05,Native Hawaiian/Pacific Islander,Not Hispanic or Latino,B
P01951,F,1961-05-02,American Indian/Alaska Native,Not Hispanic or Latino,A
P01952,M,1989-07-22,White,Not Hispanic or Latino,A
P01953,M,1956-03-23,American Indian/Alaska Native,Not Hispanic or Latino,B
P01954,F,1978-07-19,American Indian/Alaska Native,Not Hispanic or Latino,C
P01955,F,1948-07-06,Native Hawaiian/Pacific Islander,Hispanic or Latino,B
P01956,F,1965-03-12,Black,Hispanic or Latino,C
P01957,F,1947-05-19,Black,Not Hispanic or Latino,A
P01958,F,2000-04-30,American Indian/Alaska Native,Hispanic or Latino,B
P01959,M,1988-04-28,Asian,Not Hispanic or Latino,B
P01960,M,1946-10-13,Asian,Not Hispanic or Latino,B
P01961,F,1987-09-04,Asian,Not Hispanic or Latino,A
P01962,M,1973-06-23,Asian,Not Hispanic or Latino,B
P01963,F,1987-02-03,American Indian/Alaska Native,Hispanic or Latino,A
P01964,F,1953-06-19,White,Not Hispanic or Latino,A
P01965,F,1994-02-11,White,Not Hispanic or Latino,B
P01966,M,1999-02-04,Asian,Not Hispanic or Latino,A
P01967,F,1945-12-06,White,Not Hispanic or Latino,B
P01968,M,1993-11-01,White,Not Hispanic or Latino,B
P01969,F,1952-01-08,Native Hawaiian/Pacific Islander,Not Hispanic or Latino,A
P01970,F,1986-10-11,Black,Not Hispanic or Latino,A
P01971,M,1971-06-27,Native Hawaiian/Pacific Islander,Not Hispanic or Latino,B
P01972,M,1969-10-11,Native Hawaiian/Pacific Islander,Not Hispanic or Latino,A
P01973,F,1955-03-17,Asian,Not Hispanic or Latino,A
P01974,M,1969-11-15,Black,Hispanic or Latino,A
P01975,M,1957-07-17,Native Hawaiian/Pacific Islander,Not Hispanic or Latino,A
P01976,F,1995-12-27,White,Hispanic or Latino,C
P01977,F,1954-11-19,White,Not Hispanic or Latino,C
P01978,M,1972-03-05,American Indian/Alaska Native,Not Hispanic or Latino,A
P01979,F,1948-08-01,White,Not Hispanic or Latino,A
P01980,F,1992-09-13,Asian,Not Hispanic or Latino,A
P01981,F,1974-06-15,Black,Not Hispanic or Latino,A
P01982,F,1983-04-06,Asian,Not Hispanic or Latino,A
P01983,M,1976-07-02,Black,Not Hispanic or Latino,C
P01984,M,1940-01-20,Black,Not Hispanic or Latino,B
P01985,F,1999-03-08,White,Not Hispanic or Latino,B
P01986,F,1949-09-16,Native Hawaiian/Pacific Islander,Not Hispanic or Latino,B
P01987,M,1966-11-15,White,Hispanic or Latino,A
P01988,M,1966-07-26,Asian,Not Hispanic or Latino,C
P01989,F,1971-12-12,Native Hawaiian/Pacific Islander,Not Hispanic or Latino,B
P01990,F,1955-03-20,White,Not Hispanic or Latino,B
P01991,M,1997-07-10,Native Hawaiian/Pacific Islander,Not Hispanic or Latino,A
P01992,F,1972-04-04,American Indian/Alaska Native,Not Hispanic or Latino,A
P01993,M,1981-01-25,Native Hawaiian/Pacific Islander,Not Hispanic or Latino,C
P01994,F,1985-11-18,White,Not Hispanic or Latino,A
P01995,F,1976-02-13,Black,Not Hispanic or Latino,B
P01996,F,1986-05-24,Native Hawaiian/Pacific Islander,Not Hispanic or Latino,A
P01997,M,1948-01-12,American Indian/Alaska Native,Not Hispanic or Latino,B
P01998,M,1984-08-04,White,Not Hispanic or Latino,C
P01999,M,1999-03-17,White,Not Hispanic or Latino,B
P02000,F,1961-07-07,Black,Not Hispanic or Latino,C
P02001,F,1992-04-20,Asian,Not Hispanic or Latino,A
P02002,F,1985-06-07,American Indian/Alaska Native,Not Hispanic or Latino,B
P02003,M,1967-10-10,American Indian/Alaska Native,Not Hispanic or Latino,C
P02004,F,1973-07-16,Asian,Not Hispanic or Latino,C
P02005,M,1993-08-19,White,Not Hispanic or Latino,B
P02006,M,1976-02-09,Black,Not Hispanic or Latino,C
P02007,M,1956-08-25,American Indian/Alaska Native,Not Hispanic or Latino,A
P02008,M,1997-03-12,Asian,Hispanic or Latino,B
P02009,M,1983-03-03,Black,Not Hispanic or Latino,B
P02010,M,1994-03-12,White,Hispanic or Latino,B
P02011,F,1945-12-13,American Indian/Alaska Native,Not Hispanic or Latino,B
P02012,F,1944-07-19,White,Not Hispanic or Latino,A
P02013,M,1992-08-22,Native Hawaiian/Pacific Islander,Not Hispanic or Latino,A
P02014,F,1985-06-16,Black,Not Hispanic or Latino,A
P02015,M,1952-12-13,Native Hawaiian/Pacific Islander,Not Hispanic or Latino,C
P02016,F,1977-09-07,American Indian/Alaska Native,Not Hispanic or Latino,B
P02017,M,2001-10-16,Black,Not Hispanic or Latino,B
P02018,F,1940-10-27,White,Hispanic or Latino,B
P02019,M,1993-10-10,Native Hawaiian/Pacific Islander,Not Hispanic or Latino,A
P02020,F,1987-03-26,Black,Not Hispanic or Latino,B
P02021,F,1955-08-28,Black,Not Hispanic or Latino,A
P02022,M,1942-12-25,Native Hawaiian/Pacific Islander,Not Hispanic or Latino,A
P02023,M,1943-01-30,Native Hawaiian/Pacific Islander,Hispanic or Latino,B
P02024,F,1993-12-06,Asian,Not Hispanic or Latino,C
P02025,F,1943-10-11,Native Hawaiian/Pacific Islander,Not Hispanic or Latino,B
P02026,F,1975-11-21,Asian,Not Hispanic or Latino,C
P02027,F,1953-12-20,White,Hispanic or Latino,B
P02028,F,2002-10-06,White,Not Hispanic or Latino,A
P02029,M,1991-05-19,Black,Hispanic or Latino,A
P02030,F,1944-02-24,Black,Not Hispanic or Latino,B
P02031,M,2001-10-05,White,Not Hispanic or Latino,C
P02032,F,1982-04-18,Black,Not Hispanic or Latino,C
P02033,F,1947-10-11,American Indian/Alaska Native,Not Hispanic or Latino,C
P02034,F,1964-09-28,American Indian/Alaska Native,Not Hispanic or Latino,A
P02035,F,1969-10-01,White,Not Hispanic or Latino,A
P02036,F,1948-10-12,Asian,Not Hispanic or Latino,A
P02037,F,1945-05-04,Native Hawaiian/Pacific Islander,Hispanic or Latino,B
P02038,M,1974-09-19,Asian,Not Hispanic or Latino,C
P02039,F,1940-06-09,Native Hawaiian/Pacific Islander,Not Hispanic or Latino,A
P02040,M,1967-01-24,Black,Hispanic or Latino,B
P02041,F,1949-03-26,Native Hawaiian/Pacific Islander,Hispanic or Latino,C
P02042,M,1976-01-11,American Indian/Alaska Native,Not Hispanic or Latino,A
P02043,M,1982-02-27,American Indian/Alaska Native,Not Hispanic or Latino,A
P02044,F,1954-11-30,White,Not Hispanic or Latino,B
P02045,M,2002-10-13,Asian,Not Hispanic or Latino,A
P02046,F,1943-06-24,Black,Not Hispanic or Latino,B
P02047,F,1989-08-12,American Indian/Alaska Native,Not Hispanic or Latino,A
P02048,M,1944-08-23,Native Hawaiian/Pacific Islander,Not Hispanic or Latino,B
P02049,F,1956-02-27,White,Not Hispanic or Latino,A
P02050,F,1945-08-16,Asian,Not Hispanic or Latino,C
P02051,F,1976-07-12,Native Hawaiian/Pacific Islander,Not Hispanic or Latino,C
P02052,F,1978-12-02,White,Not Hispanic or Latino,C
P02053,F,1979-12-07,American Indian/Alaska Native,Not Hispanic or Latino,C
P02054,M,2001-09-29,Black,Not Hispanic or Latino,B
P02055,F,1982-04-16,Asian,Not Hispanic or Latino,C
P02056,M,1973-11-27,American Indian/Alaska Native,Not Hispanic or Latino,B
P02057,M,1940-08-27,Asian,Hispanic or Latino,B
P02058,F,1948-01-28,American Indian/Alaska Native,Hispanic or Latino,C
P02059,M,1980-06-20,Asian,Hispanic or Latino,C
P02060,M,1991-10-04,Asian,Not Hispanic or Latino,C
P02061,F,1997-06-08,Native Hawaiian/Pacific Islander,Not Hispanic or Latino,C
P02062,F,1984-09-09,White,Not Hispanic or Latino,A
P02063,M,1963-01-17,Black,Not Hispanic or Latino,B
P02064,F,1940-08-27,Asian,Hispanic or Latino,A
P02065,M,1984-10-03,Native Hawaiian/Pacific Islander,Not Hispanic or Latino,A
P02066,M,1989-11-25,Black,Not Hispanic or Latino,A
P02067,F,1957-05-13,White,Not Hispanic or Latino,B
P02068,M,1991-11-25,Asian,Not Hispanic or Latino,C
P02069,M,1972-06-05,White,Not Hispanic or Latino,A
P02070,F,1975-01-17,White,Not Hispanic or Latino,A
P02071,F,1997-05-13,Asian,Not Hispanic or Latino,C
P02072,F,1968-02-20,Black,Not Hispanic or Latino,B
P02073,F,1968-10-02,American Indian/Alaska Native,Not Hispanic or Latino,A
P02074,F,2002-12-17,White,Not Hispanic or Latino,A
P02075,M,1999-01-14,White,Not Hispanic or Latino,C
P02076,F,1975-11-27,White,Not Hispanic or Latino,C
P02077,M,1972-08-25,White,Not Hispanic or Latino,A
P02078,F,1997-11-03,White,Not Hispanic or Latino,A
P02079,M,1969-05-29,American Indian/Alaska Native,Not Hispanic or Latino,B
P02080,M,1973-12-18,Black,Hispanic or Latino,B
P02081,M,1959-08-29,Native Hawaiian/Pacific Islander,Hispanic or Latino,B
P02082,M,1987-02-21,Black,Not Hispanic or Latino,A
P02083,M,1946-08-07,White,Hispanic or Latino,B
P02084,F,1956-02-26,American Indian/Alaska Native,Not Hispanic or Latino,A
P02085,F,1977-04-23,American Indian/Alaska Native,Not Hispanic or Latino,B
P02086,F,2001-02-03,Black,Not Hispanic or Latino,A
P02087,M,1977-04-14,American Indian/Alaska Native,Not Hispanic or Latino,C
P02088,M,1991-08-27,White,Hispanic or Latino,A
P02089,F,1969-09-29,Black,Not Hispanic or Latino,A
P02090,F,1965-09-27,Asian,Hispanic or Latino,B
P02091,F,1979-12-03,Native Hawaiian/Pacific Islander,Not Hispanic or Latino,A
P02092,F,1950-08-15,Black,Hispanic or Latino,A
P02093,M,1941-07-21,Asian,Not Hispanic or Latino,A
P02094,M,1979-01-09,Native Hawaiian/Pacific Islander,Not Hispanic or Latino,A
P02095,M,1962-09-17,White,Not Hispanic or Latino,C
P02096,M,1980-10-08,American Indian/Alaska Native,Not Hispanic or Latino,A
P02097,M,1967-12-29,Asian,Not Hispanic or Latino,C
P02098,F,1997-01-09,Asian,Not Hispanic or Latino,B
P02099,M,1997-02-17,Native Hawaiian/Pacific Islander,Not Hispanic or Latino,C
P02100,M,1944-01-04,Black,Not Hispanic or Latino,A
P02101,F,1953-05-25,American Indian/Alaska Native,Hispanic or Latino,C
P02102,F,2001-09-18,American Indian/Alaska Native,Not Hispanic or Latino,B
P02103,F,1947-07-18,Native Hawaiian/Pacific Islander,Not Hispanic or Latino,A
P02104,F,1961-01-21,Native Hawaiian/Pacific Islander,Hispanic or Latino,B
P02105,F,1956-08-18,White,Not Hispanic or Latino,C
P02106,F,1981-05-18,White,Not Hispanic or Latino,A
P02107,F,1981-05-10,Black,Not Hispanic or Latino,C
P02108,F,1941-02-22,Black,Not Hispanic or Latino,C
P02109,M,1991-12-30,Black,Not Hispanic or Latino,A
P02110,M,1941-09-20,American Indian/Alaska Native,Hispanic or Latino,B
P02111,F,1985-01-17,American Indian/Alaska Native,Not Hispanic or Latino,C
P02112,M,1969-03-10,White,Not Hispanic or Latino,A
P02113,M,1969-11-23,White,Hispanic or Latino,B
P02114,M,1950-05-01,Black,Not Hispanic or Latino,C
P02115,F,1966-07-23,American Indian/Alaska Native,Not Hispanic or Latino,A
P02116,F,1970-06-28,Native Hawaiian/Pacific Islander,Not Hispanic or Latino,A
P02117,F,1982-05-18,Asian,Not Hispanic or Latino,A
P02118,M,1987-04-05,White,Not Hispanic or Latino,B
P02119,M,1995-09-13,White,Not Hispanic or Latino,B
P02120,F,1944-02-14,American Indian/Alaska Native,Not Hispanic or Latino,B
P02121,F,1959-04-06,Native Hawaiian/Pacific Islander,Not Hispanic or Latino,B
P02122,F,1965-06-03,American Indian/Alaska Native,Not Hispanic or Latino,B
P02123,M,1992-12-06,Asian,Not Hispanic or Latino,C
P02124,M,1970-11-19,Black,Hispanic or Latino,C
P02125,F,1987-09-06,White,Not Hispanic or Latino,C
P02126,M,1979-12-18,Black,Not Hispanic or Latino,B
P02127,F,1999-05-23,American Indian/Alaska Native,Hispanic or Latino,C
P02128,F,1952-08-15,White,Not Hispanic or Latino,A
P02129,F,1978-12-22,Black,Not Hispanic or Latino,A
P02130,M,1975-06-19,Native Hawaiian/Pacific Islander,Not Hispanic or Latino,B
P02131,M,1949-08-01,American Indian/Alaska Native,Not Hispanic or Latino,C
P02132,M,1989-04-18,Black,Not Hispanic or Latino,C
P02133,F,1949-04-15,Asian,Not Hispanic or Latino,A
P02134,M,1991-04-08,Black,Not Hispanic or Latino,A
P02135,F,1977-12-27,American Indian/Alaska Native,Not Hispanic or Latino,C
P02136,M,1965-09-30,White,Not Hispanic or Latino,C
P02137,M,1988-12-15,American Indian/Alaska Native,Hispanic or Latino,A
P02138,F,1958-06-18,Black,Not Hispanic or Latino,A
P02139,F,1982-04-19,Native Hawaiian/Pacific Islander,Not Hispanic or Latino,A
P02140,M,1958-01-02,American Indian/Alaska Native,Not Hispanic or Latino,B
P02141,M,1984-04-15,Native Hawaiian/Pacific Islander,Hispanic or Latino,B
P02142,F,1987-07-07,Asian,Not Hispanic or Latino,B
P02143,F,2002-10-08,Native Hawaiian/Pacific Islander,Not Hispanic or Latino,C
P02144,M,1941-02-27,Black,Not Hispanic or Latino,B
P02145,F,1960-08-23,Black,Not Hispanic or Latino,A
P02146,F,1984-10-20,Asian,Not Hispanic or Latino,B
P02147,F,2002-11-17,White,Not Hispanic or Latino,C
P02148,M,1988-10-05,American Indian/Alaska Native,Not Hispanic or Latino,C
P02149,F,1973-06-17,Asian,Not Hispanic or Latino,C
P02150,M,1974-11-25,American Indian/Alaska Native,Hispanic or Latino,C
P02151,F,1990-10-17,White,Not Hispanic or Latino,A
P02152,F,1960-10-05,White,Not Hispanic or Latino,A
P02153,F,1962-11-16,American Indian/Alaska Native,Not Hispanic or Latino,B
P02154,F,1964-07-09,Native Hawaiian/Pacific Islander,Not Hispanic or Latino,A
P02155,M,2002-06-03,Black,Not Hispanic or Latino,B
P02156,M,1947-04-25,Black,Not Hispanic or Latino,A
P02157,M,1980-04-01,American Indian/Alaska Native,Not Hispanic or Latino,A
P02158,F,2002-07-28,White,Not Hispanic or Latino,B
P02159,M,1992-08-26,Black,Hispanic or Latino,A
P02160,F,1946-01-30,Black,Not Hispanic or Latino,C
P02161,M,1957-06-21,American Indian/Alaska Native,Not Hispanic or Latino,A
P02162,M,1983-09-16,Asian,Not Hispanic or Latino,C
P02163,M,1967-02-02,Black,Hispanic or Latino,A
P02164,M,2002-12-04,White,Not Hispanic or Latino,C
P02165,M,1944-10-29,Asian,Not Hispanic or Latino,C
P02166,F,2002-01-01,Native Hawaiian/Pacific Islander,Not Hispanic or Latino,A
P02167,M,1980-08-15,American Indian/Alaska Native,Not Hispanic or Latino,A
P02168,M,1946-11-27,Asian,Hispanic or Latino,B
P02169,F,1992-05-17,Black,Hispanic or Latino,B
P02170,F,1961-09-26,White,Not Hispanic or Latino,A
P02171,M,1958-02-15,Black,Not Hispanic or Latino,B
P02172,F,1979-11-30,Asian,Not Hispanic or Latino,C
P02173,F,1967-08-03,Black,Not Hispanic or Latino,A
P02174,F,1982-01-15,Native Hawaiian/Pacific Islander,Not Hispanic or Latino,A
P02175,M,1978-01-20,Native Hawaiian/Pacific Islander,Not Hispanic or Latino,A
P02176,F,1993-10-14,Black,Not Hispanic or Latino,C
P02177,F,1999-10-15,Asian,Not Hispanic or Latino,A
P02178,F,1962-05-24,Asian,Not Hispanic or Latino,C
P02179,F,1991-10-11,Asian,Not Hispanic or Latino,A
P02180,F,1962-07-23,Asian,Not Hispanic or Latino,B
P02181,F,1981-01-31,American Indian/Alaska Native,Not Hispanic or Latino,B
P02182,F,1997-07-15,Asian,Not Hispanic or Latino,A
P02183,F,1980-02-27,White,Hispanic or Latino,A
P02184,M,1964-12-19,White,Not Hispanic or Latino,A
P02185,F,1955-05-02,Native Hawaiian/Pacific Islander,Not Hispanic or Latino,B
P02186,F,1970-08-10,American Indian/Alaska Native,Not Hispanic or Latino,A
P02187,F,1978-09-10,Asian,Not Hispanic or Latino,A
P02188,M,1998-09-13,Asian,Not Hispanic or Latino,A
P02189,F,1977-04-11,Black,Not Hispanic or Latino,B
P02190,M,1945-03-12,White,Not Hispanic or Latino,A
P02191,M,1949-05-27,American Indian/Alaska Native,Not Hispanic or Latino,B
P02192,F,1997-10-07,White,Not Hispanic or Latino,C
P02193,M,1985-03-21,American Indian/Alaska Native,Not Hispanic or Latino,C
P02194,F,1955-01-23,Native Hawaiian/Pacific Islander,Not Hispanic or Latino,A
P02195,F,1957-07-22,American Indian/Alaska Native,Not Hispanic or Latino,A
P02196,F,1962-02-03,Asian,Not Hispanic or Latino,A
P02197,F,1979-08-23,Asian,Not Hispanic or Latino,A
P02198,M,1983-12-15,American Indian/Alaska Native,Not Hispanic or Latino,A
P02199,F,1964-12-27,White,Not Hispanic or Latino,A
P02200,M,1970-06-11,White,Not Hispanic or Latino,B
P02201,M,1969-07-28,Black,Not Hispanic or Latino,B
P02202,M,1989-10-29,Asian,Hispanic or Latino,B
P02203,F,1999-10-11,American Indian/Alaska Native,Not Hispanic or Latino,C
P02204,M,1966-05-07,American Indian/Alaska Native,Not Hispanic or Latino,B
P02205,M,1995-12-01,Black,Not Hispanic or Latino,A
P02206,F,1975-01-03,Black,Not Hispanic or Latino,A
P02207,M,1966-08-24,American Indian/Alaska Native,Not Hispanic or Latino,B
P02208,F,1963-02-22,White,Not Hispanic or Latino,B
P02209,M,1949-06-17,White,Not Hispanic or Latino,A
P02210,M,1983-07-17,Asian,Not Hispanic or Latino,A
P02211,M,1980-02-01,White,Not Hispanic or Latino,C
P02212,M,1987-06-18,White,Not Hispanic or Latino,C
P02213,M,1955-07-10,Black,Not Hispanic or Latino,C
P02214,F,1947-12-12,Black,Not Hispanic or Latino,A
P02215,F,1965-01-19,Black,Not Hispanic or Latino,B
P02216,M,1949-06-07,American Indian/Alaska Native,Not Hispanic or Latino,A
P02217,F,1975-05-26,Native Hawaiian/Pacific Islander,Not Hispanic or Latino,A
P02218,F,1952-02-26,Asian,Not Hispanic or Latino,C
P02219,F,1983-03-30,Black,Not Hispanic or Latino,B
P02220,M,1961-11-29,Native Hawaiian/Pacific Islander,Not Hispanic or Latino,A
P02221,F,1950-12-28,Black,Not Hispanic or Latino,B
P02222,F,1944-03-15,Asian,Not Hispanic or Latino,A
P02223,M,1999-03-30,American Indian/Alaska Native,Not Hispanic or Latino,C
P02224,M,1945-08-02,White,Hispanic or Latino,B
P02225,M,1997-06-09,Native Hawaiian/Pacific Islander,Not Hispanic or Latino,B
P02226,F,1980-01-07,Asian,Hispanic or Latino,A
P02227,M,1985-08-17,Asian,Not Hispanic or Latino,A
P02228,M,1990-04-20,White,Not Hispanic or Latino,A
P02229,M,1950-08-22,Native Hawaiian/Pacific Islander,Not Hispanic or Latino,B
P02230,M,1960-04-24,American Indian/Alaska Native,Hispanic or Latino,A
P02231,F,1966-12-31,Black,Not Hispanic or Latino,A
P02232,M,1963-12-25,White,Not Hispanic or Latino,A
P02233,F,1961-08-10,Black,Hispanic or Latino,B
P02234,M,1959-04-16,Black,Not Hispanic or Latino,B
P02235,M,1968-10-13,Native Hawaiian/Pacific Islander,Not Hispanic or Latino,B
P02236,M,1970-08-13,Native Hawaiian/Pacific Islander,Not Hispanic or Latino,A
P02237,M,1991-12-09,Native Hawaiian/Pacific Islander,Hispanic or Latino,C
P02238,F,1990-04-18,Asian,Hispanic or Latino,A
P02239,M,1984-02-04,Native Hawaiian/Pacific Islander,Hispanic or Latino,A
P02240,M,1994-09-25,Native Hawaiian/Pacific Islander,Not Hispanic or Latino,A
P02241,M,1968-11-02,Asian,Hispanic or Latino,A
P02242,M,1946-01-07,Asian,Not Hispanic or Latino,B
P02243,M,1973-08-01,Asian,Not Hispanic or Latino,A
P02244,F,1998-07-05,Asian,Hispanic or Latino,B
P02245,M,1990-04-11,White,Not Hispanic or Latino,A
P02246,M,1950-02-16,White,Not Hispanic or Latino,A
P02247,F,1999-08-14,Native Hawaiian/Pacific Islander,Not Hispanic or Latino,B
P02248,F,1999-12-25,White,Not Hispanic or Latino,C
P02249,M,1992-04-01,American Indian/Alaska Native,Not Hispanic or Latino,B
P02250,F,1991-09-06,Native Hawaiian/Pacific Islander,Not Hispanic or Latino,A
P02251,M,1995-01-31,Asian,Not Hispanic or Latino,B
P02252,F,1988-04-27,White,Not Hispanic or Latino,C
P02253,F,1966-11-04,Native Hawaiian/Pacific Islander,Hispanic or Latino,C
P02254,F,1946-04-08,Asian,Not Hispanic or Latino,A
P02255,F,1946-11-25,White,Not Hispanic or Latino,C
P02256,F,1946-12-31,American Indian/Alaska Native,Not Hispanic or Latino,C
P02257,F,1950-09-11,White,Not Hispanic or Latino,B
P02258,M,1951-02-22,Native Hawaiian/Pacific Islander,Hispanic or Latino,A
P02259,M,1987-03-25,White,Not Hispanic or Latino,A
P02260,F,1959-01-30,American Indian/Alaska Native,Not Hispanic or Latino,C
P02261,F,1944-03-10,Black,Not Hispanic or Latino,A
P02262,M,1979-12-13,White,Not Hispanic or Latino,A
P02263,M,1958-08-15,White,Not Hispanic or Latino,B
P02264,F,1974-01-18,Asian,Not Hispanic or Latino,A
P02265,F,1991-07-18,White,Not Hispanic or Latino,B
P02266,F,1975-09-14,Asian,Not Hispanic or Latino,A
P02267,F,1996-10-24,American Indian/Alaska Native,Hispanic or Latino,C
P02268,M,1972-01-02,Black,Not Hispanic or Latino,A
P02269,M,1943-08-15,Black,Not Hispanic or Latino,A
P02270,F,1944-04-16,American Indian/Alaska Native,Not Hispanic or Latino,A
P02271,F,1958-05-06,Black,Not Hispanic or Latino,C
P02272,F,1992-02-02,Black,Not Hispanic or Latino,B
P02273,M,1975-05-06,Black,Not Hispanic or Latino,A
P02274,F,1988-06-11,Native Hawaiian/Pacific Islander,Not Hispanic or Latino,B
P02275,F,1973-10-04,White,Not Hispanic or Latino,C
P02276,M,1953-01-18,White,Not Hispanic or Latino,A
P02277,F,1991-01-22,Asian,Not Hispanic or Latino,A
P02278,F,1950-06-09,Asian,Not Hispanic or Latino,B
P02279,F,1999-07-15,Native Hawaiian/Pacific Islander,Not Hispanic or Latino,B
P02280,F,1950-06-24,American Indian/Alaska Native,Not Hispanic or Latino,A
P02281,M,1966-08-11,Native Hawaiian/Pacific Islander,Hispanic or Latino,C
P02282,F,1974-11-02,Native Hawaiian/Pacific Islander,Not Hispanic or Latino,A
P02283,F,1978-10-24,American Indian/Alaska Native,Not Hispanic or Latino,B
P02284,M,2001-02-05,Asian,Not Hispanic or Latino,C
P02285,F,1983-10-03,Asian,Hispanic or Latino,B
P02286,M,1946-06-10,American Indian/Alaska Native,Not Hispanic or Latino,C
P02287,M,1956-08-14,Black,Not Hispanic or Latino,B
P02288,M,1946-10-18,Native Hawaiian/Pacific Islander,Not Hispanic or Latino,B
P02289,M,1956-11-09,Black,Not Hispanic or Latino,A
P02290,M,1991-09-22,White,Not Hispanic or Latino,B
P02291,M,1954-12-30,Asian,Hispanic or Latino,B
P02292,M,1949-11-30,American Indian/Alaska Native,Not Hispanic or Latino,A
P02293,M,1991-10-18,White,Not Hispanic or Latino,A
P02294,F,1978-02-06,White,Not Hispanic or Latino,C
P02295,M,1951-11-26,Black,Not Hispanic or Latino,C
P02296,M,1955-04-22,White,Hispanic or Latino,A
P02297,M,1978-04-30,Black,Not Hispanic or Latino,C
P02298,F,2000-12-28,White,Not Hispanic or Latino,A
P02299,M,1947-06-27,Asian,Not Hispanic or Latino,C
P02300,F,1953-12-06,White,Not Hispanic or Latino,C
P02301,M,1969-08-23,Black,Not Hispanic or Latino,A
P02302,M,1948-09-15,Asian,Not Hispanic or Latino,A
P02303,F,1988-09-16,White,Not Hispanic or Latino,A
P02304,M,1969-09-20,Black,Not Hispanic or Latino,C
P02305,M,1998-12-08,Native Hawaiian/Pacific Islander,Not Hispanic or Latino,A
P02306,F,1944-10-26,Black,Not Hispanic or Latino,C
P02307,F,1954-07-21,Black,Not Hispanic or Latino,B
P02308,F,1971-02-16,Asian,Not Hispanic or Latino,C
P02309,M,1972-12-24,American Indian/Alaska Native,Not Hispanic or Latino,B
P02310,M,1940-04-27,Asian,Not Hispanic or Latino,B
P02311,M,1997-09-03,American Indian/Alaska Native,Not Hispanic or Latino,B
P02312,M,1989-01-22,White,Not Hispanic or Latino,B
P02313,M,1958-10-04,Black,Hispanic or Latino,B
P02314,M,1948-05-13,White,Not Hispanic or Latino,A
P02315,M,1953-04-21,White,Not Hispanic or Latino,B
P02316,F,1975-09-27,Asian,Hispanic or Latino,B
P02317,F,1985-07-15,Black,Not Hispanic or Latino,C
P02318,F,1955-11-18,Asian,Not Hispanic or Latino,A
P02319,F,1955-08-14,Asian,Not Hispanic or Latino,B
P02320,F,1965-06-15,White,Not Hispanic or Latino,A
P02321,F,1984-06-30,Black,Hispanic or Latino,B
P02322,F,1948-10-08,Native Hawaiian/Pacific Islander,Not Hispanic or Latino,A
P02323,F,1987-01-19,Native Hawaiian/Pacific Islander,Not Hispanic or Latino,C
P02324,M,1944-10-01,Native Hawaiian/Pacific Islander,Not Hispanic or Latino,A
P02325,M,1992-04-16,American Indian/Alaska Native,Hispanic or Latino,C
P02326,M,1951-03-02,Native Hawaiian/Pacific Islander,Not Hispanic or Latino,C
P02327,F,1970-08-20,Asian,Not Hispanic or Latino,A
P02328,F,1954-11-24,Asian,Not Hispanic or Latino,B
P02329,M,1963-10-14,Asian,Not Hispanic or Latino,C
P02330,M,1945-12-25,Black,Hispanic or Latino,B
P02331,F,1942-07-17,White,Hispanic or Latino,A
P02332,F,1975-02-04,Black,Not Hispanic or Latino,C
P02333,M,1958-02-01,Asian,Hispanic or Latino,A
P02334,F,1944-12-01,White,Not Hispanic or Latino,B
P02335,F,1986-03-31,Black,Hispanic or Latino,B
P02336,M,1954-06-17,Black,Not Hispanic or Latino,B
P02337,F,1942-07-18,Native Hawaiian/Pacific Islander,Hispanic or Latino,B
P02338,F,1999-05-27,Asian,Hispanic or Latino,C
P02339,F,2000-06-27,Black,Not Hispanic or Latino,B
P02340,F,1977-05-03,Native Hawaiian/Pacific Islander,Not Hispanic or Latino,A
P02341,M,1974-12-02,Asian,Not Hispanic or Latino,B
P02342,F,1978-11-05,Native Hawaiian/Pacific Islander,Not Hispanic or Latino,A
P02343,F,1992-09-19,White,Not Hispanic or Latino,B
P02344,F,1995-05-13,Native Hawaiian/Pacific Islander,Hispanic or Latino,A
P02345,F,1999-11-12,Black,Not Hispanic or Latino,B
P02346,M,1969-06-14,Asian,Not Hispanic or Latino,C
P02347,F,1968-05-11,White,Not Hispanic or Latino,B
P02348,M,1963-08-14,American Indian/Alaska Native,Not Hispanic or Latino,A
P02349,F,1963-06-16,Asian,Not Hispanic or Latino,B
P02350,M,1998-06-15,White,Not Hispanic or Latino,C
P02351,M,1970-08-08,Native Hawaiian/Pacific Islander,Hispanic or Latino,A
P02352,F,1967-10-11,Native Hawaiian/Pacific Islander,Not Hispanic or Latino,B
P02353,F,1961-06-17,Black,Hispanic or Latino,C
P02354,F,1990-06-13,American Indian/Alaska Native,Not Hispanic or Latino,C
P02355,M,1992-10-16,Native Hawaiian/Pacific Islander,Not Hispanic or Latino,B
P02356,F,1955-10-01,American Indian/Alaska Native,Not Hispanic or Latino,B
P02357,F,1982-01-31,White,Not Hispanic or Latino,A
P02358,M,1988-06-29,Black,Not Hispanic or Latino,A
P02359,M,1944-08-24,White,Not Hispanic or Latino,A
P02360,M,1948-01-27,Asian,Not Hispanic or Latino,C
P02361,M,1958-11-14,Native Hawaiian/Pacific Islander,Not Hispanic or Latino,C
P02362,M,1988-07-20,American Indian/Alaska Native,Not Hispanic or Latino,B
P02363,M,1972-01-11,White,Not Hispanic or Latino,B
P02364,F,1992-11-07,American Indian/Alaska Native,Not Hispanic or Latino,C
P02365,M,1941-04-18,Asian,Not Hispanic or Latino,B
P02366,F,1964-01-23,White,Hispanic or Latino,A
P02367,M,1991-09-10,American Indian/Alaska Native,Not Hispanic or Latino,A
P02368,M,1952-06-27,Black,Hispanic or Latino,C
P02369,M,1973-12-15,Native Hawaiian/Pacific Islander,Not Hispanic or Latino,A
P02370,M,1949-08-01,White,Not Hispanic or Latino,C
P02371,M,1996-12-06,Asian,Not Hispanic or Latino,A
P02372,M,1956-12-29,American Indian/Alaska Native,Not Hispanic or Latino,B
P02373,M,1948-08-20,Native Hawaiian/Pacific Islander,Not Hispanic or Latino,B
P02374,F,1987-06-29,Black,Not Hispanic or Latino,A
P02375,F,1991-08-13,Black,Not Hispanic or Latino,C
P02376,M,1968-08-11,Native Hawaiian/Pacific Islander,Not Hispanic or Latino,A
P02377,M,2000-04-07,Asian,Not Hispanic or Latino,C
P02378,M,1967-12-18,White,Not Hispanic or Latino,C
P02379,F,1996-06-25,Black,Hispanic or Latino,A
P02380,M,1978-05-18,Asian,Not Hispanic or Latino,C
P02381,M,1988-01-22,White,Not Hispanic or Latino,A
P02382,M,1999-08-27,White,Not Hispanic or Latino,B
P02383,M,1987-03-01,Asian,Not Hispanic or Latino,C
P02384,F,2000-04-21,Native Hawaiian/Pacific Islander,Not Hispanic or Latino,A
P02385,M,1974-09-01,American Indian/Alaska Native,Hispanic or Latino,C
P02386,F,1982-03-07,American Indian/Alaska Native,Not Hispanic or Latino,B
P02387,M,1979-06-09,Asian,Not Hispanic or Latino,C
P02388,M,1975-09-01,American Indian/Alaska Native,Not Hispanic or Latino,C
P02389,F,1992-10-29,White,Not Hispanic or Latino,A
P02390,M,1960-08-05,Black,Not Hispanic or Latino,B
P02391,M,1955-06-25,White,Not Hispanic or Latino,C
P02392,F,1962-05-17,White,Not Hispanic or Latino,B
P02393,F,1964-05-12,Black,Not Hispanic or Latino,A
P02394,M,1995-04-03,Black,Not Hispanic or Latino,A
P02395,M,1960-10-13,White,Not Hispanic or Latino,C
P02396,F,1969-08-19,Black,Not Hispanic or Latino,C
P02397,F,1942-09-07,White,Not Hispanic or Latino,B
P02398,F,1976-08-22,White,Not Hispanic or Latino,B
P02399,F,1992-06-13,Black,Not Hispanic or Latino,A
P02400,F,1998-03-11,White,Not Hispanic or Latino,B
P02401,F,1942-08-13,White,Not Hispanic or Latino,C
P02402,F,1942-11-29,American Indian/Alaska Native,Not Hispanic or Latino,A
P02403,M,1943-06-14,Native Hawaiian/Pacific Islander,Not Hispanic or Latino,A
P02404,F,1994-08-04,White,Not Hispanic or Latino,B
P02405,F,1996-01-02,White,Hispanic or Latino,B
P02406,M,1994-10-22,Black,Not Hispanic or Latino,B
P02407,F,1975-11-05,American Indian/Alaska Native,Hispanic or Latino,B
P02408,M,1998-11-22,White,Not Hispanic or Latino,C
P02409,F,1958-09-20,Black,Not Hispanic or Latino,A
P02410,M,1956-04-05,Black,Not Hispanic or Latino,B
P02411,F,1977-01-18,Asian,Not Hispanic or Latino,C
P02412,M,1965-04-10,Native Hawaiian/Pacific Islander,Hispanic or Latino,A
P02413,F,1944-12-16,Native Hawaiian/Pacific Islander,Not Hispanic or Latino,A
P02414,M,1997-03-30,Asian,Hispanic or Latino,B
P02415,M,1963-05-09,Asian,Not Hispanic or Latino,C
P02416,F,1965-08-21,Asian,Not Hispanic or Latino,A
P02417,F,1983-04-23,Native Hawaiian/Pacific Islander,Not Hispanic or Latino,C
P02418,M,1991-01-03,Black,Not Hispanic or Latino,A
P02419,M,1953-09-05,White,Hispanic or Latino,B
P02420,M,1980-12-22,Black,Not Hispanic or Latino,B
P02421,M,1940-11-10,Black,Hispanic or Latino,A
P02422,F,1954-06-23,Asian,Hispanic or Latino,B
P02423,F,1987-10-30,White,Hispanic or Latino,B
P02424,F,1992-10-28,Black,Not Hispanic or Latino,B
P02425,F,1947-10-12,Asian,Not Hispanic or Latino,C
P02426,F,1977-01-03,Asian,Not Hispanic or Latino,B
P02427,M,1946-11-18,Native Hawaiian/Pacific Islander,Not Hispanic or Latino,A
P02428,F,1986-10-14,American Indian/Alaska Native,Not Hispanic or Latino,A
P02429,M,1980-12-12,White,Not Hispanic or Latino,A
P02430,F,1943-10-19,Native Hawaiian/Pacific Islander,Not Hispanic or Latino,B
P02431,M,1961-10-25,American Indian/Alaska Native,Not Hispanic or Latino,C
P02432,F,1976-07-21,Black,Not Hispanic or Latino,B
P02433,F,1963-01-08,American Indian/Alaska Native,Not Hispanic or Latino,B
P02434,F,1946-03-21,Native Hawaiian/Pacific Islander,Hispanic or Latino,A
P02435,M,1993-12-25,White,Not Hispanic or Latino,B
P02436,F,1959-09-22,Native Hawaiian/Pacific Islander,Not Hispanic or Latino,B
P02437,M,1955-04-25,Asian,Not Hispanic or Latino,B
P02438,M,1972-09-15,American Indian/Alaska Native,Not Hispanic or Latino,A
P02439,M,1959-10-09,Black,Not Hispanic or Latino,A
P02440,F,1947-07-03,Native Hawaiian/Pacific Islander,Not Hispanic or Latino,A
P02441,F,1993-01-11,Asian,Not Hispanic or Latino,A
P02442,F,1974-03-11,American Indian/Alaska Native,Not Hispanic or Latino,A
P02443,M,1989-04-27,Black,Hispanic or Latino,C
P02444,F,1970-06-28,White,Hispanic or Latino,A
P02445,F,1991-03-30,Native Hawaiian/Pacific Islander,Hispanic or Latino,C
P02446,M,1967-06-29,American Indian/Alaska Native,Not Hispanic or Latino,B
P02447,M,1941-04-21,Asian,Not Hispanic or Latino,A
P02448,F,1957-04-18,Native Hawaiian/Pacific Islander,Not Hispanic or Latino,B
P02449,F,1950-02-20,American Indian/Alaska Native,Not Hispanic or Latino,B
P02450,F,1963-01-11,White,Hispanic or Latino,C
P02451,F,2001-12-11,Black,Not Hispanic or Latino,C
P02452,M,1971-02-09,White,Not Hispanic or Latino,B
P02453,M,1988-11-03,White,Not Hispanic or Latino,B
P02454,F,1983-06-04,White,Hispanic or Latino,B
P02455,F,1982-03-31,Asian,Not Hispanic or Latino,C
P02456,F,1997-12-28,White,Not Hispanic or Latino,A
P02457,F,1974-08-13,American Indian/Alaska Native,Not Hispanic or Latino,A
P02458,F,1942-01-15,American Indian/Alaska Native,Not Hispanic or Latino,B
P02459,F,2000-11-11,Native Hawaiian/Pacific Islander,Hispanic or Latino,A
P02460,F,1943-03-03,Black,Not Hispanic or Latino,B
P02461,M,1980-05-14,Native Hawaiian/Pacific Islander,Not Hispanic or Latino,C
P02462,F,1961-01-21,Asian,Not Hispanic or Latino,A
P02463,M,1959-01-30,Black,Not Hispanic or Latino,A
P02464,M,1987-07-23,Black,Not Hispanic or Latino,A
P02465,F,1995-12-29,American Indian/Alaska Native,Not Hispanic or Latino,C
P02466,F,1961-05-18,White,Not Hispanic or Latino,A
P02467,M,1986-04-20,White,Not Hispanic or Latino,B
P02468,F,1963-01-03,American Indian/Alaska Native,Not Hispanic or Latino,A
P02469,M,1955-12-08,Asian,Not Hispanic or Latino,B
P02470,F,1943-06-25,American Indian/Alaska Native,Not Hispanic or Latino,A
P02471,M,1971-12-18,Black,Hispanic or Latino,A
P02472,F,1950-07-22,Native Hawaiian/Pacific Islander,Not Hispanic or Latino,B
P02473,M,1967-01-24,Black,Not Hispanic or Latino,B
P02474,M,1995-03-29,White,Not Hispanic or Latino,B
P02475,M,1945-01-06,Native Hawaiian/Pacific Islander,Not Hispanic or Latino,B
P02476,M,1955-12-14,American Indian/Alaska Native,Not Hispanic or Latino,A
P02477,M,1999-04-25,American Indian/Alaska Native,Not Hispanic or Latino,A
P02478,M,2002-06-03,American Indian/Alaska Native,Not Hispanic or Latino,B
P02479,M,1981-04-30,Native Hawaiian/Pacific Islander,Not Hispanic or Latino,A
P02480,M,1965-06-05,Native Hawaiian/Pacific Islander,Not Hispanic or Latino,B
P02481,M,1993-10-28,American Indian/Alaska Native,Hispanic or Latino,C
P02482,F,1975-07-31,American Indian/Alaska Native,Not Hispanic or Latino,B
P02483,F,1996-03-16,White,Not Hispanic or Latino,A
P02484,F,1999-04-26,White,Not Hispanic or Latino,B
P02485,F,1968-07-25,American Indian/Alaska Native,Not Hispanic or Latino,C
P02486,M,1953-09-13,Asian,Not Hispanic or Latino,A
P02487,F,1996-04-07,White,Not Hispanic or Latino,A
P02488,F,1975-01-07,Native Hawaiian/Pacific Islander,Hispanic or Latino,B
P02489,M,1957-06-17,White,Not Hispanic or Latino,B
P02490,F,1982-10-08,Black,Not Hispanic or Latino,B
P02491,M,2002-03-23,White,Not Hispanic or Latino,B
P02492,M,1977-04-10,Asian,Not Hispanic or Latino,B
P02493,M,1940-04-27,White,Hispanic or Latino,A
P02494,F,1941-10-19,Black,Not Hispanic or Latino,A
P02495,F,1976-06-15,Black,Not Hispanic or Latino,C
P02496,F,1951-01-07,White,Not Hispanic or Latino,C
P02497,F,1946-12-19,Black,Not Hispanic or Latino,A
P02498,F,1949-12-09,White,Not Hispanic or Latino,A
P02499,M,1941-06-01,Native Hawaiian/Pacific Islander,Not Hispanic or Latino,A
P02500,M,1999-10-01,American Indian/Alaska Native,Not Hispanic or Latino,C
P02501,F,1990-10-02,American Indian/Alaska Native,Not Hispanic or Latino,B
P02502,F,1967-04-15,White,Not Hispanic or Latino,C
P02503,M,2000-03-18,Asian,Not Hispanic or Latino,A
P02504,F,1978-08-22,American Indian/Alaska Native,Hispanic or Latino,B
P02505,F,1985-04-28,Black,Not Hispanic or Latino,B
P02506,M,1989-03-24,White,Not Hispanic or Latino,A
P02507,F,1940-12-02,Native Hawaiian/Pacific Islander,Hispanic or Latino,A
P02508,F,1945-02-28,Black,Not Hispanic or Latino,C
P02509,M,1998-11-04,Asian,Hispanic or Latino,C
P02510,F,1940-09-11,Black,Not Hispanic or Latino,A
P02511,M,1955-07-20,White,Not Hispanic or Latino,C
P02512,F,1953-10-06,Asian,Not Hispanic or Latino,A
P02513,F,1967-05-04,White,Not Hispanic or Latino,A
P02514,F,2002-06-09,Asian,Not Hispanic or Latino,C
P02515,M,1980-01-12,American Indian/Alaska Native,Not Hispanic or Latino,B
P02516,F,1984-11-07,Asian,Not Hispanic or Latino,A
P02517,F,1984-03-26,Native Hawaiian/Pacific Islander,Not Hispanic or Latino,A
P02518,F,1990-01-20,Native Hawaiian/Pacific Islander,Not Hispanic or Latino,A
P02519,F,1941-09-12,Black,Not Hispanic or Latino,A
P02520,M,1953-03-30,Native Hawaiian/Pacific Islander,Hispanic or Latino,B
P02521,F,1996-05-04,American Indian/Alaska Native,Not Hispanic or Latino,C
P02522,F,1991-10-19,American Indian/Alaska Native,Not Hispanic or Latino,A
P02523,M,1973-08-15,White,Not Hispanic or Latino,C
P02524,F,1967-12-02,Black,Not Hispanic or Latino,B
P02525,M,1940-09-24,Native Hawaiian/Pacific Islander,Hispanic or Latino,A
P02526,M,1950-07-20,White,Not Hispanic or Latino,A
P02527,M,1959-12-15,White,Not Hispanic or Latino,B
P02528,F,1980-11-28,White,Not Hispanic or Latino,B
P02529,M,1940-10-16,American Indian/Alaska Native,Not Hispanic or Latino,B
P02530,F,1982-05-03,Asian,Not Hispanic or Latino,B
P02531,F,1965-05-30,White,Not Hispanic or Latino,C
P02532,M,1973-06-03,Native Hawaiian/Pacific Islander,Not Hispanic or Latino,B
P02533,F,1974-09-12,Asian,Not Hispanic or Latino,A
P02534,M,1967-01-03,Asian,Not Hispanic or Latino,A
P02535,F,1966-04-24,Black,Not Hispanic or Latino,C
P02536,M,1964-07-06,White,Hispanic or Latino,B
P02537,M,1947-05-09,White,Not Hispanic or Latino,A
P02538,F,1969-12-18,Black,Hispanic or Latino,B
P02539,F,1957-05-11,White,Not Hispanic or Latino,B
P02540,F,1957-01-08,American Indian/Alaska Native,Not Hispanic or Latino,A
P02541,F,1953-11-11,Native Hawaiian/Pacific Islander,Not Hispanic or Latino,B
P02542,M,1977-10-25,Asian,Not Hispanic or Latino,C
P02543,F,1959-03-25,Native Hawaiian/Pacific Islander,Not Hispanic or Latino,C
P02544,M,1945-09-08,American Indian/Alaska Native,Not Hispanic or Latino,B
P02545,F,1968-09-14,American Indian/Alaska Native,Not Hispanic or Latino,B
P02546,M,1960-01-29,Native Hawaiian/Pacific Islander,Not Hispanic or Latino,A
P02547,M,1968-06-16,Native Hawaiian/Pacific Islander,Hispanic or Latino,B
P02548,F,1948-02-18,Black,Not Hispanic or Latino,B
P02549,M,1988-12-07,Black,Hispanic or Latino,B
P02550,F,1963-11-14,Black,Hispanic or Latino,C
P02551,F,1995-05-18,Black,Not Hispanic or Latino,A
P02552,F,1992-09-17,Black,Not Hispanic or Latino,A
P02553,M,1998-01-07,White,Not Hispanic or Latino,C
P02554,F,1958-04-04,Black,Hispanic or Latino,A
P02555,M,1983-02-14,Black,Not Hispanic or Latino,C
P02556,F,2002-11-10,American Indian/Alaska Native,Not Hispanic or Latino,B
P02557,F,1988-10-06,White,Hispanic or Latino,A
P02558,M,1952-09-01,American Indian/Alaska Native,Hispanic or Latino,C
P02559,M,1947-07-07,White,Hispanic or Latino,A
P02560,F,2001-07-27,American Indian/Alaska Native,Not Hispanic or Latino,B
P02561,F,1957-04-17,Native Hawaiian/Pacific Islander,Not Hispanic or Latino,A
P02562,F,1984-02-26,American Indian/Alaska Native,Not Hispanic or Latino,A
P02563,F,1950-09-16,American Indian/Alaska Native,Not Hispanic or Latino,C
P02564,M,1987-07-02,Native Hawaiian/Pacific Islander,Not Hispanic or Latino,A
P02565,F,1974-04-09,Asian,Hispanic or Latino,A
P02566,M,1951-08-28,American Indian/Alaska Native,Not Hispanic or Latino,C
P02567,F,1959-02-22,Asian,Not Hispanic or Latino,C
P02568,F,1961-11-11,American Indian/Alaska Native,Not Hispanic or Latino,A
P02569,F,1961-08-23,Black,Not Hispanic or Latino,A
P02570,M,1957-04-15,Black,Hispanic or Latino,C
P02571,F,1989-09-10,American Indian/Alaska Native,Not Hispanic or Latino,C
P02572,F,1954-06-20,Black,Not Hispanic or Latino,A
P02573,M,2000-02-08,Native Hawaiian/Pacific Islander,Not Hispanic or Latino,B
P02574,M,2000-06-14,Black,Not Hispanic or Latino,C
P02575,M,1996-01-25,Native Hawaiian/Pacific Islander,Not Hispanic or Latino,B
P02576,M,1940-11-25,Asian,Not Hispanic or Latino,C
P02577,M,1982-09-24,American Indian/Alaska Native,Not Hispanic or Latino,A
P02578,F,1998-10-28,Native Hawaiian/Pacific Islander,Not Hispanic or Latino,C
P02579,M,2000-02-12,White,Not Hispanic or Latino,B
P02580,F,1973-01-13,White,Not Hispanic or Latino,A
P02581,F,1964-05-07,Asian,Not Hispanic or Latino,A
P02582,M,1975-05-28,White,Not Hispanic or Latino,B
P02583,M,1959-11-24,Native Hawaiian/Pacific Islander,Not Hispanic or Latino,B
P02584,M,1951-03-15,Native Hawaiian/Pacific Islander,Not Hispanic or Latino,A
P02585,M,1943-04-11,Native Hawaiian/Pacific Islander,Not Hispanic or Latino,A
P02586,M,1997-12-29,American Indian/Alaska Native,Not Hispanic or Latino,B
P02587,F,1956-02-24,Native Hawaiian/Pacific Islander,Not Hispanic or Latino,B
P02588,F,1964-06-02,Native Hawaiian/Pacific Islander,Not Hispanic or Latino,B
P02589,M,1957-08-26,American Indian/Alaska Native,Not Hispanic or Latino,A
P02590,M,1973-09-05,Asian,Not Hispanic or Latino,A
P02591,F,1978-02-11,White,Not Hispanic or Latino,B
P02592,M,1993-07-06,American Indian/Alaska Native,Not Hispanic or Latino,C
P02593,F,1952-05-21,Asian,Not Hispanic or Latino,A
P02594,F,1993-11-01,Native Hawaiian/Pacific Islander,Not Hispanic or Latino,A
P02595,F,2000-08-19,Native Hawaiian/Pacific Islander,Not Hispanic or Latino,A
P02596,F,1989-04-29,American Indian/Alaska Native,Not Hispanic or Latino,A
P02597,M,1992-01-19,White,Hispanic or Latino,A
P02598,F,1961-10-03,American Indian/Alaska Native,Not Hispanic or Latino,B
P02599,F,1954-08-03,Native Hawaiian/Pacific Islander,Not Hispanic or Latino,C
P02600,M,1948-09-10,White,Not Hispanic or Latino,B
P02601,M,1941-06-02,American Indian/Alaska Native,Hispanic or Latino,B
P02602,F,1945-04-24,American Indian/Alaska Native,Not Hispanic or Latino,C
P02603,F,1991-05-02,American Indian/Alaska Native,Not Hispanic or Latino,C
P02604,M,1971-07-28,White,Hispanic or Latino,B
P02605,M,1998-05-21,Asian,Not Hispanic or Latino,B
P02606,F,1950-10-09,Asian,Not Hispanic or Latino,C
P02607,M,1986-06-13,American Indian/Alaska Native,Not Hispanic or Latino,A
P02608,M,1942-09-12,Black,Not Hispanic or Latino,B
P02609,M,1977-05-10,Asian,Not Hispanic or Latino,B
P02610,F,1979-02-13,Black,Not Hispanic or Latino,A
P02611,M,1955-07-31,American Indian/Alaska Native,Hispanic or Latino,B
P02612,M,1990-05-29,Black,Hispanic or Latino,A
P02613,F,1992-11-26,American Indian/Alaska Native,Not Hispanic or Latino,C
P02614,F,1974-09-18,Black,Not Hispanic or Latino,B
P02615,F,1959-06-02,Black,Not Hispanic or Latino,C
P02616,F,1996-03-08,Native Hawaiian/Pacific Islander,Hispanic or Latino,B
P02617,M,1959-11-16,Black,Hispanic or Latino,A
P02618,F,2002-07-05,Asian,Not Hispanic or Latino,B
P02619,F,1942-01-25,Black,Not Hispanic or Latino,B
P02620,M,1952-11-25,Black,Not Hispanic or Latino,C
P02621,F,1984-05-12,American Indian/Alaska Native,Not Hispanic or Latino,A
P02622,F,1941-05-17,Black,Not Hispanic or Latino,B
P02623,M,1983-08-29,American Indian/Alaska Native,Not Hispanic or Latino,A
P02624,M,1957-04-01,Black,Not Hispanic or Latino,B
P02625,F,1946-12-14,American Indian/Alaska Native,Not Hispanic or Latino,A
P02626,F,1967-07-17,Asian,Not Hispanic or Latino,A
P02627,M,1966-04-22,Native Hawaiian/Pacific Islander,Not Hispanic or Latino,A
P02628,F,1966-05-23,White,Hispanic or Latino,B
P02629,M,1949-09-11,Asian,Not Hispanic or Latino,C
P02630,F,1973-12-05,Black,Not Hispanic or Latino,B
P02631,F,1960-03-15,Black,Hispanic or Latino,C
P02632,F,1974-08-16,White,Not Hispanic or Latino,C
P02633,F,1994-01-11,White,Hispanic or Latino,A
P02634,F,1979-06-16,Native Hawaiian/Pacific Islander,Not Hispanic or Latino,C
P02635,F,1996-12-29,American Indian/Alaska Native,Hispanic or Latino,B
P02636,F,2001-09-26,American Indian/Alaska Native,Not Hispanic or Latino,A
P02637,M,1942-08-07,Native Hawaiian/Pacific Islander,Not Hispanic or Latino,C
P02638,F,1948-09-13,American Indian/Alaska Native,Not Hispanic or Latino,A
P02639,M,1967-08-05,White,Not Hispanic or Latino,A
P02640,M,2000-11-30,Asian,Not Hispanic or Latino,C
P02641,M,1950-09-22,Native Hawaiian/Pacific Islander,Not Hispanic or Latino,A
P02642,M,1969-03-22,American Indian/Alaska Native,Not Hispanic or Latino,B
P02643,F,1976-10-29,Asian,Not Hispanic or Latino,C
P02644,F,1951-06-25,White,Hispanic or Latino,B
P02645,F,1996-09-06,White,Not Hispanic or Latino,A
P02646,F,1973-07-15,Native Hawaiian/Pacific Islander,Not Hispanic or Latino,A
P02647,M,1959-01-26,American Indian/Alaska Native,Not Hispanic or Latino,B
P02648,M,1987-04-25,American Indian/Alaska Native,Not Hispanic or Latino,A
P02649,M,1972-05-21,Native Hawaiian/Pacific Islander,Not Hispanic or Latino,C
P02650,M,1999-08-29,American Indian/Alaska Native,Not Hispanic or Latino,A
P02651,F,1947-12-10,Asian,Hispanic or Latino,B
P02652,F,1962-05-08,Asian,Not Hispanic or Latino,A
P02653,M,1989-09-04,Asian,Not Hispanic or Latino,B
P02654,F,1951-08-01,Asian,Not Hispanic or Latino,C
P02655,F,1941-03-09,Asian,Not Hispanic or Latino,A
P02656,M,1948-10-09,American Indian/Alaska Native,Not Hispanic or Latino,A
P02657,M,1977-02-25,Native Hawaiian/Pacific Islander,Not Hispanic or Latino,B
P02658,F,1987-10-15,Black,Not Hispanic or Latino,A
P02659,F,1976-05-14,Asian,Not Hispanic or Latino,A
P02660,M,1960-04-09,Native Hawaiian/Pacific Islander,Not Hispanic or Latino,B
P02661,F,1992-06-02,Black,Not Hispanic or Latino,A
P02662,M,1950-07-04,Black,Hispanic or Latino,B
P02663,M,1949-06-23,White,Not Hispanic or Latino,B
P02664,F,1961-05-22,White,Not Hispanic or Latino,B
P02665,M,1961-08-18,Asian,Not Hispanic or Latino,A
P02666,M,1954-10-30,American Indian/Alaska Native,Not Hispanic or Latino,C
P02667,M,2000-01-16,White,Not Hispanic or Latino,C
P02668,F,1950-06-28,Black,Not Hispanic or Latino,A
P02669,F,1941-07-23,Native Hawaiian/Pacific Islander,Not Hispanic or Latino,A
P02670,M,1965-03-02,American Indian/Alaska Native,Not Hispanic or Latino,B
P02671,M,1965-09-19,Black,Not Hispanic or Latino,B
P02672,F,1947-07-06,American Indian/Alaska Native,Not Hispanic or Latino,C
P02673,F,1967-06-21,Black,Not Hispanic or Latino,B
P02674,M,2002-09-20,White,Not Hispanic or Latino,A
P02675,M,1985-11-05,American Indian/Alaska Native,Not Hispanic or Latino,C
P02676,F,1985-12-21,Asian,Not Hispanic or Latino,C
P02677,M,1998-07-14,American Indian/Alaska Native,Not Hispanic or Latino,A
P02678,M,1987-04-12,Asian,Not Hispanic or Latino,A
P02679,M,1962-09-14,Native Hawaiian/Pacific Islander,Not Hispanic or Latino,C
P02680,M,2001-08-07,Black,Not Hispanic or Latino,C
P02681,M,1998-10-14,Black,Not Hispanic or Latino,B
P02682,M,1975-05-27,Native Hawaiian/Pacific Islander,Not Hispanic or Latino,A
P02683,M,1994-07-22,Asian,Not Hispanic or Latino,B
P02684,M,1989-06-12,White,Not Hispanic or Latino,A
P02685,M,1976-05-31,Native Hawaiian/Pacific Islander,Not Hispanic or Latino,B
P02686,F,1995-06-10,Asian,Not Hispanic or Latino,A
P02687,M,1991-04-06,American Indian/Alaska Native,Not Hispanic or Latino,B
P02688,M,2001-03-29,Asian,Not Hispanic or Latino,A
P02689,M,1982-06-07,Black,Not Hispanic or Latino,C
P02690,M,1971-02-03,Asian,Not Hispanic or Latino,A
P02691,M,1997-03-07,Black,Not Hispanic or Latino,B
P02692,F,1965-09-05,Black,Not Hispanic or Latino,A
P02693,M,1980-11-25,Native Hawaiian/Pacific Islander,Not Hispanic or Latino,C
P02694,F,1949-10-30,American Indian/Alaska Native,Not Hispanic or Latino,A
P02695,F,1985-10-31,Black,Hispanic or Latino,A
P02696,F,1974-06-30,Asian,Hispanic or Latino,A
P02697,M,1973-07-12,White,Not Hispanic or Latino,A
P02698,M,1957-03-06,Native Hawaiian/Pacific Islander,Not Hispanic or Latino,B
P02699,F,2001-02-10,Asian,Not Hispanic or Latino,B
P02700,M,1986-05-08,American Indian/Alaska Native,Hispanic or Latino,A
P02701,M,1975-06-15,White,Not Hispanic or Latino,C
P02702,M,1947-09-02,Asian,Not Hispanic or Latino,A
P02703,F,1956-06-02,Asian,Hispanic or Latino,A
P02704,F,1974-05-07,Native Hawaiian/Pacific Islander,Not Hispanic or Latino,B
P02705,F,1993-05-14,White,Not Hispanic or Latino,B
P02706,F,1953-03-19,Asian,Hispanic or Latino,A
P02707,M,1952-07-20,White,Hispanic or Latino,A
P02708,F,1996-09-22,Asian,Hispanic or Latino,C
P02709,F,1988-01-26,White,Not Hispanic or Latino,A
P02710,M,1989-03-02,American Indian/Alaska Native,Hispanic or Latino,A
P02711,M,1940-05-21,Native Hawaiian/Pacific Islander,Hispanic or Latino,A
P02712,F,1997-08-02,Black,Not Hispanic or Latino,A
P02713,F,1940-09-06,Black,Not Hispanic or Latino,A
P02714,M,2000-05-04,White,Hispanic or Latino,A
P02715,F,1988-04-20,Black,Hispanic or Latino,C
P02716,F,1968-04-26,Asian,Hispanic or Latino,C
P02717,M,1978-04-16,Native Hawaiian/Pacific Islander,Not Hispanic or Latino,C
P02718,M,1952-01-19,American Indian/Alaska Native,Not Hispanic or Latino,A
P02719,M,1999-04-15,Native Hawaiian/Pacific Islander,Not Hispanic or Latino,B
P02720,M,1963-10-11,American Indian/Alaska Native,Hispanic or Latino,A
P02721,F,1940-01-15,Asian,Not Hispanic or Latino,C
P02722,F,1971-04-20,American Indian/Alaska Native,Not Hispanic or Latino,C
P02723,M,1973-07-31,Black,Not Hispanic or Latino,C
P02724,M,1946-04-09,Asian,Not Hispanic or Latino,C
P02725,M,1970-01-08,American Indian/Alaska Native,Not Hispanic or Latino,A
P02726,F,2002-03-26,Black,Not Hispanic or Latino,B
P02727,M,1984-09-17,Black,Not Hispanic or Latino,B
P02728,F,1984-01-13,White,Not Hispanic or Latino,A
P02729,F,1961-07-28,Asian,Hispanic or Latino,A
P02730,F,1976-03-15,American Indian/Alaska Native,Not Hispanic or Latino,C
P02731,F,1996-06-02,Asian,Hispanic or Latino,A
P02732,F,1943-04-22,Asian,Not Hispanic or Latino,B
P02733,M,1943-11-21,Asian,Not Hispanic or Latino,A
P02734,F,1992-02-10,Native Hawaiian/Pacific Islander,Hispanic or Latino,B
P02735,F,1993-04-03,Black,Not Hispanic or Latino,B
P02736,F,1955-11-25,Native Hawaiian/Pacific Islander,Not Hispanic or Latino,C
P02737,M,1948-03-18,White,Hispanic or Latino,B
P02738,M,1974-02-13,Native Hawaiian/Pacific Islander,Not Hispanic or Latino,B
P02739,F,1965-05-13,Native Hawaiian/Pacific Islander,Not Hispanic or Latino,C
P02740,M,1966-03-02,Native Hawaiian/Pacific Islander,Hispanic or Latino,B
P02741,M,1945-09-04,Asian,Hispanic or Latino,A
P02742,F,1943-10-18,Black,Not Hispanic or Latino,B
P02743,F,1944-06-03,White,Not Hispanic or Latino,C
P02744,F,1996-02-20,White,Not Hispanic or Latino,A
P02745,F,1956-02-16,White,Not Hispanic or Latino,A
P02746,F,1968-01-25,American Indian/Alaska Native,Not Hispanic or Latino,A
P02747,M,1956-09-03,Black,Hispanic or Latino,B
P02748,M,1951-02-14,Native Hawaiian/Pacific Islander,Not Hispanic or Latino,B
P02749,F,1948-11-08,American Indian/Alaska Native,Not Hispanic or Latino,A
P02750,M,1958-08-28,White,Not Hispanic or Latino,C
P02751,M,1943-04-19,Asian,Not Hispanic or Latino,C
P02752,M,1986-10-17,American Indian/Alaska Native,Not Hispanic or Latino,A
P02753,M,1980-04-09,American Indian/Alaska Native,Hispanic or Latino,B
P02754,F,1983-04-23,Asian,Not Hispanic or Latino,C
P02755,F,1959-06-01,Black,Hispanic or Latino,B
P02756,M,1971-06-21,Native Hawaiian/Pacific Islander,Hispanic or Latino,A
P02757,F,1973-04-28,White,Not Hispanic or Latino,C
P02758,M,1989-01-28,Asian,Not Hispanic or Latino,A
P02759,M,1968-05-13,White,Hispanic or Latino,B
P02760,F,2000-11-16,American Indian/Alaska Native,Hispanic or Latino,A
P02761,F,1964-12-22,Native Hawaiian/Pacific Islander,Not Hispanic or Latino,A
P02762,F,1971-11-15,White,Not Hispanic or Latino,C
P02763,M,1957-08-04,Asian,Hispanic or Latino,A
P02764,F,1959-03-06,Asian,Not Hispanic or Latino,A
P02765,M,1983-08-08,Black,Not Hispanic or Latino,B
P02766,M,1944-07-19,Native Hawaiian/Pacific Islander,Not Hispanic or Latino,C
P02767,M,1969-12-07,American Indian/Alaska Native,Not Hispanic or Latino,B
P02768,M,1968-12-18,Black,Not Hispanic or Latino,B
P02769,M,1965-11-15,American Indian/Alaska Native,Not Hispanic or Latino,C
P02770,M,1953-07-08,Asian,Hispanic or Latino,A
P02771,F,1956-10-30,Asian,Not Hispanic or Latino,A
P02772,F,1951-04-01,American Indian/Alaska Native,Not Hispanic or Latino,C
P02773,F,1984-10-02,Native Hawaiian/Pacific Islander,Not Hispanic or Latino,C
P02774,F,1985-02-14,Black,Not Hispanic or Latino,B
P02775,M,1990-09-25,Black,Not Hispanic or Latino,A
P02776,F,1990-03-20,Black,Not Hispanic or Latino,C
P02777,F,1972-03-06,White,Not Hispanic or Latino,A
P02778,M,1984-10-15,White,Hispanic or Latino,B
P02779,F,1970-01-15,Black,Not Hispanic or Latino,C
P02780,M,1951-11-15,White,Not Hispanic or Latino,A
P02781,M,1990-01-17,Asian,Not Hispanic or Latino,B
P02782,M,1989-02-22,Native Hawaiian/Pacific Islander,Not Hispanic or Latino,C
P02783,M,1974-02-20,Native Hawaiian/Pacific Islander,Not Hispanic or Latino,A
P02784,F,1943-07-10,Asian,Not Hispanic or Latino,B
P02785,M,1955-07-23,Native Hawaiian/Pacific Islander,Hispanic or Latino,B
P02786,F,1961-08-24,Asian,Not Hispanic or Latino,B
P02787,F,1955-10-21,Native Hawaiian/Pacific Islander,Not Hispanic or Latino,A
P02788,M,1965-03-30,Native Hawaiian/Pacific Islander,Not Hispanic or Latino,B
P02789,M,1998-05-04,American Indian/Alaska Native,Not Hispanic or Latino,C
P02790,M,1997-12-12,White,Hispanic or Latino,B
P02791,M,1980-12-26,Black,Not Hispanic or Latino,A
P02792,F,1961-05-29,American Indian/Alaska Native,Not Hispanic or Latino,B
P02793,F,1964-01-18,Black,Hispanic or Latino,C
P02794,F,1963-03-11,Native Hawaiian/Pacific Islander,Not Hispanic or Latino,A
P02795,M,1982-05-21,Black,Hispanic or Latino,A
P02796,M,1952-02-12,Native Hawaiian/Pacific Islander,Not Hispanic or Latino,A
P02797,M,1977-04-09,White,Not Hispanic or Latino,A
P02798,F,1989-08-19,Black,Not Hispanic or Latino,C
P02799,F,1988-05-25,Native Hawaiian/Pacific Islander,Not Hispanic or Latino,A
P02800,M,1988-07-25,Native Hawaiian/Pacific Islander,Not Hispanic or Latino,A
P02801,M,1996-10-29,White,Hispanic or Latino,B
P02802,M,1994-04-27,Black,Hispanic or Latino,B
P02803,F,1986-06-01,Asian,Hispanic or Latino,A
P02804,M,1954-08-14,Native Hawaiian/Pacific Islander,Not Hispanic or Latino,B
P02805,F,1976-11-28,Black,Not Hispanic or Latino,A
P02806,F,1966-04-13,American Indian/Alaska Native,Not Hispanic or Latino,A
P02807,M,1986-12-25,White,Not Hispanic or Latino,B
P02808,M,1968-06-14,White,Not Hispanic or Latino,C
P02809,F,1983-01-15,White,Not Hispanic or Latino,B
P02810,F,1987-02-10,Black,Not Hispanic or Latino,A
P02811,M,1975-02-19,American Indian/Alaska Native,Not Hispanic or Latino,A
P02812,M,1954-04-14,American Indian/Alaska Native,Not Hispanic or Latino,A
P02813,M,1957-08-03,Native Hawaiian/Pacific Islander,Not Hispanic or Latino,A
P02814,M,1968-01-23,White,Hispanic or Latino,A
P02815,M,1947-04-09,Black,Hispanic or Latino,C
P02816,F,1951-07-10,Black,Not Hispanic or Latino,C
P02817,M,1994-09-14,American Indian/Alaska Native,Not Hispanic or Latino,A
P02818,F,1962-10-10,Native Hawaiian/Pacific Islander,Not Hispanic or Latino,C
P02819,M,1968-05-11,American Indian/Alaska Native,Not Hispanic or Latino,A
P02820,M,1941-08-15,Native Hawaiian/Pacific Islander,Not Hispanic or Latino,B
P02821,M,1940-10-22,American Indian/Alaska Native,Hispanic or Latino,B
P02822,M,1942-09-03,Native Hawaiian/Pacific Islander,Not Hispanic or Latino,A
P02823,M,1967-05-29,Native Hawaiian/Pacific Islander,Not Hispanic or Latino,B
P02824,F,1992-06-13,Native Hawaiian/Pacific Islander,Not Hispanic or Latino,B
P02825,M,1981-05-22,American Indian/Alaska Native,Not Hispanic or Latino,A
P02826,F,1963-08-11,American Indian/Alaska Native,Not Hispanic or Latino,A
P02827,F,1961-12-29,White,Not Hispanic or Latino,B
P02828,M,1969-08-09,Asian,Not Hispanic or Latino,A
P02829,M,2002-09-29,Native Hawaiian/Pacific Islander,Hispanic or Latino,A
P02830,F,1954-06-30,White,Not Hispanic or Latino,B
P02831,M,1949-10-13,Native Hawaiian/Pacific Islander,Not Hispanic or Latino,B
P02832,M,1944-05-05,American Indian/Alaska Native,Not Hispanic or Latino,C
P02833,F,1992-04-20,White,Not Hispanic or Latino,B
P02834,F,1944-08-15,Black,Not Hispanic or Latino,A
P02835,F,1943-04-23,Native Hawaiian/Pacific Islander,Not Hispanic or Latino,C
P02836,M,1965-05-18,Black,Not Hispanic or Latino,A
P02837,F,1997-06-22,American Indian/Alaska Native,Not Hispanic or Latino,B
P02838,M,1946-09-08,White,Not Hispanic or Latino,B
P02839,F,1992-09-14,Asian,Not Hispanic or Latino,C
P02840,F,1943-01-01,Asian,Hispanic or Latino,B
P02841,F,1947-11-04,American Indian/Alaska Native,Not Hispanic or Latino,C
P02842,F,1991-06-09,Native Hawaiian/Pacific Islander,Not Hispanic or Latino,C
P02843,M,1945-12-26,White,Not Hispanic or Latino,B
P02844,M,1988-11-17,Native Hawaiian/Pacific Islander,Not Hispanic or Latino,B
P02845,F,2000-03-15,Asian,Not Hispanic or Latino,C
P02846,F,1962-05-13,Asian,Not Hispanic or Latino,A
P02847,F,1961-05-09,American Indian/Alaska Native,Not Hispanic or Latino,B
P02848,F,1963-11-11,Black,Not Hispanic or Latino,C
P02849,F,1949-03-19,Asian,Not Hispanic or Latino,C
P02850,F,1968-12-04,Black,Hispanic or Latino,B
P02851,M,1944-01-09,Black,Not Hispanic or Latino,B
P02852,M,1945-04-01,Black,Hispanic or Latino,B
P02853,M,1970-06-14,American Indian/Alaska Native,Not Hispanic or Latino,B
P02854,F,1952-01-28,Black,Not Hispanic or Latino,B
P02855,M,1975-01-20,Black,Not Hispanic or Latino,B
P02856,F,1963-07-26,White,Not Hispanic or Latino,B
P02857,F,1943-02-20,Native Hawaiian/Pacific Islander,Not Hispanic or Latino,C
P02858,M,1955-04-26,Black,Not Hispanic or Latino,A
P02859,F,1971-08-11,Asian,Not Hispanic or Latino,C
P02860,F,1983-02-01,Asian,Not Hispanic or Latino,A
P02861,F,1975-06-05,Native Hawaiian/Pacific Islander,Not Hispanic or Latino,A
P02862,M,1980-02-01,American Indian/Alaska Native,Not Hispanic or Latino,B
P02863,F,1985-10-21,Asian,Not Hispanic or Latino,A
P02864,M,1989-10-09,Black,Not Hispanic or Latino,B
P02865,M,1977-06-26,American Indian/Alaska Native,Not Hispanic or Latino,C
P02866,F,1989-12-02,White,Not Hispanic or Latino,B
P02867,M,1982-03-08,American Indian/Alaska Native,Hispanic or Latino,B
P02868,M,1998-04-24,White,Not Hispanic or Latino,B
P02869,F,1978-10-01,White,Not Hispanic or Latino,C
P02870,F,2002-01-13,Native Hawaiian/Pacific Islander,Not Hispanic or Latino,C
P02871,M,1942-04-15,Native Hawaiian/Pacific Islander,Not Hispanic or Latino,A
P02872,M,1941-09-06,White,Not Hispanic or Latino,B
P02873,M,1959-08-28,Native Hawaiian/Pacific Islander,Not Hispanic or Latino,A
P02874,M,1993-01-12,Asian,Hispanic or Latino,A
P02875,M,1952-03-05,Native Hawaiian/Pacific Islander,Not Hispanic or Latino,B
P02876,F,1977-12-18,American Indian/Alaska Native,Not Hispanic or Latino,A
P02877,F,1991-12-14,White,Hispanic or Latino,C
P02878,F,1990-10-27,American Indian/Alaska Native,Not Hispanic or Latino,A
P02879,M,1997-04-09,American Indian/Alaska Native,Hispanic or Latino,A
P02880,F,1945-03-26,White,Not Hispanic or Latino,B
P02881,F,1940-10-17,Asian,Not Hispanic or Latino,A
P02882,F,1981-08-14,Black,Not Hispanic or Latino,A
P02883,F,1946-06-30,Black,Hispanic or Latino,C
P02884,F,1950-12-09,American Indian/Alaska Native,Not Hispanic or Latino,B
P02885,M,1999-12-30,Black,Not Hispanic or Latino,A
P02886,F,1964-03-02,Native Hawaiian/Pacific Islander,Not Hispanic or Latino,C
P02887,F,1995-09-10,Native Hawaiian/Pacific Islander,Not Hispanic or Latino,A
P02888,M,1991-01-04,Black,Hispanic or Latino,A
P02889,M,1975-02-18,Native Hawaiian/Pacific Islander,Not Hispanic or Latino,B
P02890,F,1960-01-05,Asian,Not Hispanic or Latino,B
P02891,F,1985-08-16,White,Not Hispanic or Latino,A
P02892,M,1971-12-21,White,Not Hispanic or Latino,A
P02893,F,1970-11-22,Native Hawaiian/Pacific Islander,Not Hispanic or Latino,C
P02894,F,1982-12-12,American Indian/Alaska Native,Not Hispanic or Latino,A
P02895,M,1984-09-25,Asian,Not Hispanic or Latino,A
P02896,F,1977-04-11,Native Hawaiian/Pacific Islander,Not Hispanic or Latino,B
P02897,M,1997-02-04,Asian,Hispanic or Latino,B
P02898,F,1986-03-09,White,Not Hispanic or Latino,B
P02899,F,1970-02-27,Asian,Hispanic or Latino,C
P02900,M,1976-05-18,White,Not Hispanic or Latino,A
P02901,M,1976-12-26,White,Not Hispanic or Latino,A
P02902,M,1964-03-09,Asian,Not Hispanic or Latino,A
P02903,F,1951-02-15,Black,Not Hispanic or Latino,A
P02904,F,1957-07-13,White,Not Hispanic or Latino,B
P02905,F,1978-06-12,Black,Not Hispanic or Latino,B
P02906,F,1988-01-26,Native Hawaiian/Pacific Islander,Not Hispanic or Latino,C
P02907,F,1997-03-23,White,Not Hispanic or Latino,B
P02908,M,1964-01-20,Black,Not Hispanic or Latino,B
P02909,M,1998-11-07,Native Hawaiian/Pacific Islander,Not Hispanic or Latino,A
P02910,M,1974-06-11,Black,Not Hispanic or Latino,A
P02911,M,1985-04-30,Black,Not Hispanic or Latino,A
P02912,M,1993-02-01,Black,Not Hispanic or Latino,B
P02913,F,2002-02-01,White,Not Hispanic or Latino,A
P02914,M,1941-12-19,Asian,Not Hispanic or Latino,B
P02915,M,2000-09-28,Native Hawaiian/Pacific Islander,Not Hispanic or Latino,A
P02916,F,1950-03-14,Black,Not Hispanic or Latino,B
P02917,M,1985-04-04,Black,Not Hispanic or Latino,B
P02918,F,1951-02-04,American Indian/Alaska Native,Not Hispanic or Latino,A
P02919,M,1995-05-02,American Indian/Alaska Native,Not Hispanic or Latino,B
P02920,F,1953-05-13,White,Not Hispanic or Latino,C
P02921,F,2001-11-28,White,Not Hispanic or Latino,C
P02922,M,1966-12-17,White,Not Hispanic or Latino,A
P02923,M,1964-06-22,American Indian/Alaska Native,Not Hispanic or Latino,C
P02924,M,1950-11-07,White,Not Hispanic or Latino,A
P02925,F,1968-12-15,Native Hawaiian/Pacific Islander,Not Hispanic or Latino,B
P02926,M,1997-02-23,Black,Not Hispanic or Latino,B
P02927,F,1988-11-09,White,Not Hispanic or Latino,B
P02928,M,1944-01-15,Black,Not Hispanic or Latino,C
P02929,F,1992-08-11,White,Not Hispanic or Latino,C
P02930,F,1997-02-18,American Indian/Alaska Native,Not Hispanic or Latino,B
P02931,M,1967-06-18,White,Not Hispanic or Latino,C
P02932,M,1980-10-26,Native Hawaiian/Pacific Islander,Not Hispanic or Latino,A
P02933,F,1946-07-10,Black,Not Hispanic or Latino,A
P02934,M,1954-02-21,American Indian/Alaska Native,Not Hispanic or Latino,C
P02935,F,1943-05-13,White,Not Hispanic or Latino,A
P02936,F,1990-05-18,Asian,Not Hispanic or Latino,C
P02937,F,1972-12-14,White,Not Hispanic or Latino,B
P02938,F,1992-03-01,Black,Not Hispanic or Latino,B
P02939,M,1955-07-11,Native Hawaiian/Pacific Islander,Not Hispanic or Latino,C
P02940,F,1985-04-20,White,Not Hispanic or Latino,A
P02941,M,1958-09-04,White,Not Hispanic or Latino,B
P02942,M,1979-04-24,White,Not Hispanic or Latino,C
P02943,M,1947-06-01,Asian,Not Hispanic or Latino,B
P02944,M,1959-10-06,Asian,Hispanic or Latino,A
P02945,M,1993-10-10,Asian,Not Hispanic or Latino,C
P02946,F,1941-03-22,Native Hawaiian/Pacific Islander,Not Hispanic or Latino,C
P02947,M,1943-08-17,Black,Not Hispanic or Latino,C
P02948,M,1977-05-25,American Indian/Alaska Native,Hispanic or Latino,A
P02949,M,1951-11-24,Asian,Not Hispanic or Latino,A
P02950,F,1963-07-28,Asian,Not Hispanic or Latino,A
P02951,F,2001-11-27,Native Hawaiian/Pacific Islander,Not Hispanic or Latino,C
P02952,M,1999-07-07,Black,Not Hispanic or Latino,A
P02953,F,1980-06-01,Native Hawaiian/Pacific Islander,Hispanic or Latino,C
P02954,M,1969-01-29,American Indian/Alaska Native,Not Hispanic or Latino,A
P02955,F,1957-08-21,Black,Not Hispanic or Latino,B
P02956,M,1998-09-05,Asian,Hispanic or Latino,A
P02957,M,1998-10-14,Native Hawaiian/Pacific Islander,Not Hispanic or Latino,B
P02958,M,1979-07-04,White,Not Hispanic or Latino,B
P02959,M,1985-12-27,White,Not Hispanic or Latino,A
P02960,M,1973-05-05,Black,Hispanic or Latino,B
P02961,F,1999-05-31,Native Hawaiian/Pacific Islander,Hispanic or Latino,C
P02962,M,1941-07-10,Asian,Hispanic or Latino,B
P02963,F,1998-02-19,White,Not Hispanic or Latino,C
P02964,F,1944-05-25,Native Hawaiian/Pacific Islander,Not Hispanic or Latino,A
P02965,F,1981-11-02,White,Not Hispanic or Latino,B
P02966,F,1955-05-28,White,Not Hispanic or Latino,A
P02967,M,1952-04-08,American Indian/Alaska Native,Not Hispanic or Latino,B
P02968,M,1981-09-08,Native Hawaiian/Pacific Islander,Not Hispanic or Latino,B
P02969,F,1950-06-20,Native Hawaiian/Pacific Islander,Not Hispanic or Latino,A
P02970,F,1986-10-27,American Indian/Alaska Native,Not Hispanic or Latino,C
P02971,F,1989-08-04,American Indian/Alaska Native,Hispanic or Latino,B
P02972,M,1987-10-19,American Indian/Alaska Native,Not Hispanic or Latino,B
P02973,F,1972-05-06,Asian,Not Hispanic or Latino,B
P02974,M,1962-08-01,Asian,Not Hispanic or Latino,A
P02975,M,1981-04-06,Black,Not Hispanic or Latino,B
P02976,F,1989-03-26,Asian,Not Hispanic or Latino,A
P02977,M,1999-07-13,Asian,Not Hispanic or Latino,A
P02978,F,2000-09-15,White,Not Hispanic or Latino,B
P02979,M,1955-06-26,American Indian/Alaska Native,Not Hispanic or Latino,B
P02980,F,1966-01-09,Black,Not Hispanic or Latino,A
P02981,M,1943-10-03,White,Hispanic or Latino,A
P02982,F,1966-01-11,White,Hispanic or Latino,A
P02983,M,1972-05-18,Black,Not Hispanic or Latino,B
P02984,M,1953-07-20,Asian,Not Hispanic or Latino,A
P02985,F,1951-11-08,Native Hawaiian/Pacific Islander,Not Hispanic or Latino,A
P02986,M,1950-03-13,Asian,Not Hispanic or Latino,C
P02987,M,1989-06-05,American Indian/Alaska Native,Not Hispanic or Latino,B
P02988,F,1947-05-15,American Indian/Alaska Native,Hispanic or Latino,C
P02989,F,1997-06-17,Black,Not Hispanic or Latino,A
P02990,M,1941-07-22,Native Hawaiian/Pacific Islander,Not Hispanic or Latino,A
P02991,F,1979-10-18,American Indian/Alaska Native,Not Hispanic or Latino,C
P02992,F,1992-09-23,Asian,Not Hispanic or Latino,A
P02993,M,1995-06-23,Native Hawaiian/Pacific Islander,Not Hispanic or Latino,A
P02994,F,1999-04-07,Native Hawaiian/Pacific Islander,Not Hispanic or Latino,B
P02995,F,1994-07-27,Black,Not Hispanic or Latino,C
P02996,M,1973-07-09,Black,Hispanic or Latino,A
P02997,M,1983-10-23,Native Hawaiian/Pacific Islander,Hispanic or Latino,B
P02998,M,1955-06-25,Asian,Not Hispanic or Latino,A
P02999,M,1951-01-30,Asian,Not Hispanic or Latino,A
P03000,F,1961-08-03,Asian,Not Hispanic or Latino,A
P03001,M,1990-10-18,Asian,Not Hispanic or Latino,A
P03002,M,2001-09-01,White,Not Hispanic or Latino,B
P03003,M,1951-07-13,White,Hispanic or Latino,A
P03004,M,1954-08-13,White,Hispanic or Latino,A
P03005,F,1981-03-01,American Indian/Alaska Native,Not Hispanic or Latino,C
P03006,M,1967-03-01,Black,Not Hispanic or Latino,A
P03007,M,1988-05-23,American Indian/Alaska Native,Hispanic or Latino,A
P03008,F,1991-02-21,American Indian/Alaska Native,Hispanic or Latino,A
P03009,F,1955-11-23,American Indian/Alaska Native,Not Hispanic or Latino,B
P03010,M,1969-12-30,White,Not Hispanic or Latino,C
P03011,F,1945-07-13,Black,Not Hispanic or Latino,B
P03012,F,1996-06-30,American Indian/Alaska Native,Not Hispanic or Latino,C
P03013,M,2001-08-14,White,Not Hispanic or Latino,A
P03014,F,1948-02-02,Asian,Hispanic or Latino,A
P03015,F,2000-07-09,White,Not Hispanic or Latino,A
P03016,F,1981-08-18,Black,Not Hispanic or Latino,B
P03017,F,1960-10-09,Native Hawaiian/Pacific Islander,Hispanic or Latino,C
P03018,F,1946-07-14,American Indian/Alaska Native,Hispanic or Latino,B
P03019,M,1976-05-25,Black,Not Hispanic or Latino,A
P03020,F,2000-10-10,Asian,Not Hispanic or Latino,B
P03021,F,1960-04-10,Asian,Not Hispanic or Latino,A
P03022,F,1943-09-02,American Indian/Alaska Native,Not Hispanic or Latino,B
P03023,M,1943-08-13,White,Not Hispanic or Latino,A
P03024,M,1977-04-10,Asian,Not Hispanic or Latino,A
P03025,M,1958-07-29,Black,Not Hispanic or Latino,B
P03026,F,1971-05-03,White,Not Hispanic or Latino,C
P03027,F,1947-11-22,White,Not Hispanic or Latino,B
P03028,F,1945-12-17,Native Hawaiian/Pacific Islander,Not Hispanic or Latino,B
P03029,F,1962-06-01,Black,Hispanic or Latino,B
P03030,F,1967-08-29,American Indian/Alaska Native,Not Hispanic or Latino,B
P03031,M,1984-08-02,Black,Not Hispanic or Latino,A
P03032,M,1976-04-05,White,Not Hispanic or Latino,B
P03033,F,1952-07-04,White,Not Hispanic or Latino,A
P03034,M,1987-08-13,American Indian/Alaska Native,Not Hispanic or Latino,B
P03035,F,2002-01-12,White,Not Hispanic or Latino,A
P03036,F,1994-11-08,White,Not Hispanic or Latino,B
P03037,M,1999-01-16,Black,Not Hispanic or Latino,C
P03038,F,1975-09-27,American Indian/Alaska Native,Hispanic or Latino,A
P03039,F,1998-09-28,Asian,Not Hispanic or Latino,A
P03040,M,1945-09-04,Black,Not Hispanic or Latino,B
P03041,M,1953-01-30,White,Not Hispanic or Latino,A
P03042,M,1943-11-20,Asian,Not Hispanic or Latino,B
P03043,F,1991-05-12,Native Hawaiian/Pacific Islander,Not Hispanic or Latino,A
P03044,M,1985-09-16,White,Not Hispanic or Latino,C
P03045,F,1949-09-03,White,Not Hispanic or Latino,C
P03046,F,1984-01-18,Asian,Not Hispanic or Latino,A
P03047,F,1988-12-08,Asian,Not Hispanic or Latino,C
P03048,M,1950-10-18,Black,Not Hispanic or Latino,A
P03049,F,1999-02-26,White,Not Hispanic or Latino,A
P03050,F,1973-04-07,Asian,Not Hispanic or Latino,A
P03051,F,1945-11-23,Native Hawaiian/Pacific Islander,Not Hispanic or Latino,B
P03052,F,1976-10-09,Black,Not Hispanic or Latino,A
P03053,M,1950-08-20,Asian,Not Hispanic or Latino,A
P03054,M,1952-11-06,American Indian/Alaska Native,Not Hispanic or Latino,A
P03055,F,1981-02-16,Asian,Not Hispanic or Latino,A
P03056,M,1964-04-30,Native Hawaiian/Pacific Islander,Not Hispanic or Latino,C
P03057,F,1976-08-24,Asian,Not Hispanic or Latino,C
P03058,M,1964-04-25,Asian,Not Hispanic or Latino,A
P03059,F,1945-01-16,Black,Not Hispanic or Latino,C
P03060,M,1955-04-27,American Indian/Alaska Native,Not Hispanic or Latino,C
P03061,F,1996-11-16,White,Not Hispanic or Latino,A
P03062,F,1971-12-24,White,Not Hispanic or Latino,B
P03063,M,1978-07-21,Black,Not Hispanic or Latino,B
P03064,M,1981-01-04,Asian,Not Hispanic or Latino,B
P03065,F,1986-08-05,White,Not Hispanic or Latino,C
P03066,F,1974-09-27,Asian,Not Hispanic or Latino,A
P03067,F,1993-03-02,Black,Not Hispanic or Latino,B
P03068,F,1949-12-01,White,Not Hispanic or Latino,B
P03069,M,1952-10-12,American Indian/Alaska Native,Hispanic or Latino,A
P03070,M,1996-01-21,Black,Not Hispanic or Latino,B
P03071,F,1956-10-29,American Indian/Alaska Native,Not Hispanic or Latino,B
P03072,M,1943-05-07,White,Not Hispanic or Latino,B
P03073,F,1999-10-21,American Indian/Alaska Native,Not Hispanic or Latino,C
P03074,F,1958-05-17,White,Not Hispanic or Latino,C
P03075,F,1965-02-28,Native Hawaiian/Pacific Islander,Not Hispanic or Latino,A
P03076,F,1950-03-24,Black,Not Hispanic or Latino,C
P03077,M,1960-06-26,Black,Not Hispanic or Latino,B
P03078,F,1942-04-10,Native Hawaiian/Pacific Islander,Not Hispanic or Latino,B
P03079,F,1954-12-13,Native Hawaiian/Pacific Islander,Not Hispanic or Latino,B
P03080,F,1949-12-25,Native Hawaiian/Pacific Islander,Not Hispanic or Latino,B
P03081,M,2001-06-18,Native Hawaiian/Pacific Islander,Not Hispanic or Latino,B
P03082,M,1993-12-21,American Indian/Alaska Native,Not Hispanic or Latino,A
P03083,M,1943-11-13,White,Not Hispanic or Latino,C
P03084,M,1964-08-06,Black,Not Hispanic or Latino,C
P03085,M,1963-08-19,White,Not Hispanic or Latino,C
P03086,F,1983-03-21,Asian,Not Hispanic or Latino,B
P03087,M,1946-05-09,Native Hawaiian/Pacific Islander,Not Hispanic or Latino,C
P03088,F,1959-10-03,Native Hawaiian/Pacific Islander,Not Hispanic or Latino,A
P03089,M,1970-04-28,Asian,Not Hispanic or Latino,A
P03090,F,1961-02-18,Native Hawaiian/Pacific Islander,Hispanic or Latino,A
P03091,M,1951-03-22,Native Hawaiian/Pacific Islander,Not Hispanic or Latino,A
P03092,M,1969-04-22,Native Hawaiian/Pacific Islander,Not Hispanic or Latino,A
P03093,M,1948-10-25,American Indian/Alaska Native,Not Hispanic or Latino,B
P03094,M,1992-09-16,Black,Not Hispanic or Latino,A
P03095,F,1984-02-09,Asian,Hispanic or Latino,C
P03096,F,1997-08-18,Native Hawaiian/Pacific Islander,Not Hispanic or Latino,A
P03097,M,1984-12-01,American Indian/Alaska Native,Not Hispanic or Latino,C
P03098,M,1956-07-25,Native Hawaiian/Pacific Islander,Not Hispanic or Latino,A
P03099,F,1957-12-05,Black,Hispanic or Latino,B
P03100,M,1959-06-27,Asian,Not Hispanic or Latino,A
P03101,M,1943-05-28,Native Hawaiian/Pacific Islander,Hispanic or Latino,B
P03102,F,1964-06-20,American Indian/Alaska Native,Not Hispanic or Latino,B
P03103,M,1948-02-14,American Indian/Alaska Native,Hispanic or Latino,C
P03104,M,1985-01-12,Native Hawaiian/Pacific Islander,Not Hispanic or Latino,A
P03105,M,1994-10-25,American Indian/Alaska Native,Not Hispanic or Latino,B
P03106,M,1996-06-21,American Indian/Alaska Native,Not Hispanic or Latino,B
P03107,F,1956-11-19,Native Hawaiian/Pacific Islander,Not Hispanic or Latino,A
P03108,F,1996-09-22,American Indian/Alaska Native,Not Hispanic or Latino,C
P03109,M,1995-01-26,Native Hawaiian/Pacific Islander,Not Hispanic or Latino,A
P03110,F,1970-04-14,White,Not Hispanic or Latino,C
P03111,M,1974-05-05,Asian,Not Hispanic or Latino,B
P03112,F,1959-08-20,Black,Not Hispanic or Latino,B
P03113,F,1955-08-08,Black,Hispanic or Latino,B
P03114,F,1991-08-18,Asian,Not Hispanic or Latino,C
P03115,M,1985-09-15,American Indian/Alaska Native,Not Hispanic or Latino,A
P03116,F,1974-12-16,Native Hawaiian/Pacific Islander,Not Hispanic or Latino,A
P03117,F,1978-05-03,Asian,Hispanic or Latino,B
P03118,F,1959-11-17,American Indian/Alaska Native,Not Hispanic or Latino,B
P03119,F,1956-01-26,Asian,Hispanic or Latino,C
P03120,M,1940-02-16,American Indian/Alaska Native,Not Hispanic or Latino,A
P03121,M,1977-07-30,White,Not Hispanic or Latino,B
P03122,F,1960-02-27,Asian,Not Hispanic or Latino,C
P03123,F,1962-09-28,American Indian/Alaska Native,Not Hispanic or Latino,B
P03124,F,1974-02-20,White,Hispanic or Latino,A
P03125,M,1985-04-04,White,Hispanic or Latino,A
P03126,M,1979-03-21,Native Hawaiian/Pacific Islander,Not Hispanic or Latino,A
P03127,M,1973-06-17,Asian,Not Hispanic or Latino,B
P03128,F,2000-06-22,Asian,Not Hispanic or Latino,A
P03129,F,1945-07-17,American Indian/Alaska Native,Hispanic or Latino,A
P03130,F,1987-07-02,Native Hawaiian/Pacific Islander,Not Hispanic or Latino,B
P03131,F,1941-11-28,Black,Not Hispanic or Latino,B
P03132,F,1945-12-10,American Indian/Alaska Native,Not Hispanic or Latino,B
P03133,F,1940-05-13,White,Not Hispanic or Latino,C
P03134,F,2000-07-19,Asian,Hispanic or Latino,A
P03135,M,1979-08-11,Asian,Not Hispanic or Latino,C
P03136,M,1980-11-09,White,Not Hispanic or Latino,A
P03137,F,2001-07-09,American Indian/Alaska Native,Not Hispanic or Latino,C
P03138,M,1948-10-04,American Indian/Alaska Native,Not Hispanic or Latino,A
P03139,F,1953-02-14,Asian,Not Hispanic or Latino,B
P03140,F,1963-11-01,Black,Hispanic or Latino,B
P03141,F,1942-04-12,White,Not Hispanic or Latino,A
P03142,F,1954-04-05,Asian,Not Hispanic or Latino,A
P03143,F,1952-10-13,Asian,Not Hispanic or Latino,A
P03144,F,1978-12-11,Native Hawaiian/Pacific Islander,Not Hispanic or Latino,A
P03145,F,2001-05-27,White,Not Hispanic or Latino,B
P03146,M,1982-08-28,American Indian/Alaska Native,Not Hispanic or Latino,B
P03147,M,1977-07-01,American Indian/Alaska Native,Not Hispanic or Latino,A
P03148,F,1992-04-07,White,Not Hispanic or Latino,B
P03149,F,1969-10-06,Native Hawaiian/Pacific Islander,Not Hispanic or Latino,B
P03150,F,1945-11-25,Asian,Not Hispanic or Latino,B
P03151,F,1997-12-08,Asian,Not Hispanic or Latino,C
P03152,F,1998-11-21,Black,Not Hispanic or Latino,A
P03153,F,1976-11-25,Native Hawaiian/Pacific Islander,Not Hispanic or Latino,A
P03154,M,1980-05-03,Native Hawaiian/Pacific Islander,Not Hispanic or Latino,A
P03155,M,1966-11-28,Asian,Not Hispanic or Latino,B
P03156,M,1973-07-29,American Indian/Alaska Native,Not Hispanic or Latino,A
P03157,F,1980-02-16,Black,Not Hispanic or Latino,A
P03158,F,1961-09-09,Black,Not Hispanic or Latino,C
P03159,M,1965-12-16,Asian,Not Hispanic or Latino,C
P03160,F,1992-02-05,Asian,Not Hispanic or Latino,A
P03161,M,1997-06-14,Black,Not Hispanic or Latino,B
P03162,M,1962-01-27,White,Not Hispanic or Latino,C
P03163,F,1979-12-05,White,Not Hispanic or Latino,B
P03164,M,1967-12-13,American Indian/Alaska Native,Not Hispanic or Latino,A
P03165,M,1993-04-02,Asian,Hispanic or Latino,A
P03166,F,1987-04-06,White,Not Hispanic or Latino,A
P03167,F,1962-03-14,American Indian/Alaska Native,Not Hispanic or Latino,A
P03168,F,1946-03-25,Black,Not Hispanic or Latino,B
P03169,M,1953-11-20,White,Not Hispanic or Latino,B
P03170,F,1983-08-25,Native Hawaiian/Pacific Islander,Not Hispanic or Latino,A
P03171,M,1990-11-29,Asian,Not Hispanic or Latino,C
P03172,F,1947-04-24,Native Hawaiian/Pacific Islander,Not Hispanic or Latino,B
P03173,M,1951-08-17,Native Hawaiian/Pacific Islander,Not Hispanic or Latino,C
P03174,F,1953-01-11,Black,Not Hispanic or Latino,A
P03175,M,1951-04-01,Native Hawaiian/Pacific Islander,Not Hispanic or Latino,B
P03176,M,1941-09-21,White,Not Hispanic or Latino,C
P03177,M,1960-05-30,Black,Not Hispanic or Latino,A
P03178,F,2001-11-23,White,Not Hispanic or Latino,A
P03179,M,1964-03-31,Black,Not Hispanic or Latino,B
P03180,F,1989-03-29,Black,Not Hispanic or Latino,A
P03181,M,1955-06-20,American Indian/Alaska Native,Hispanic or Latino,B
P03182,M,1968-09-29,American Indian/Alaska Native,Hispanic or Latino,B
P03183,M,1953-05-27,Black,Not Hispanic or Latino,A
P03184,F,1988-07-08,American Indian/Alaska Native,Not Hispanic or Latino,B
P03185,M,1952-12-10,White,Not Hispanic or Latino,A
P03186,F,1961-12-27,White,Not Hispanic or Latino,B
P03187,M,2000-09-07,Asian,Not Hispanic or Latino,C
P03188,F,1966-05-20,White,Not Hispanic or Latino,C
P03189,M,1983-02-03,American Indian/Alaska Native,Not Hispanic or Latino,C
P03190,M,1992-03-04,Black,Not Hispanic or Latino,A
P03191,F,1976-12-16,Asian,Not Hispanic or Latino,A
P03192,F,2001-10-23,Asian,Not Hispanic or Latino,A
P03193,F,1962-04-25,Black,Not Hispanic or Latino,C
P03194,M,1948-08-08,American Indian/Alaska Native,Not Hispanic or Latino,A
P03195,F,1979-07-05,Black,Hispanic or Latino,B
P03196,F,1973-10-15,Asian,Not Hispanic or Latino,B
P03197,F,1993-09-11,Asian,Not Hispanic or Latino,A
P03198,M,1953-02-13,Native Hawaiian/Pacific Islander,Not Hispanic or Latino,A
P03199,F,1991-11-16,Asian,Not Hispanic or Latino,A
P03200,F,1968-04-27,Black,Not Hispanic or Latino,B
P03201,F,1992-03-04,American Indian/Alaska Native,Not Hispanic or Latino,C
P03202,F,1954-06-10,White,Hispanic or Latino,C
P03203,M,1979-05-03,White,Not Hispanic or Latino,A
P03204,F,1972-04-15,Native Hawaiian/Pacific Islander,Not Hispanic or Latino,B
P03205,F,1983-07-30,White,Not Hispanic or Latino,A
P03206,M,1962-06-13,Native Hawaiian/Pacific Islander,Not Hispanic or Latino,A
P03207,M,1941-07-19,Native Hawaiian/Pacific Islander,Not Hispanic or Latino,C
P03208,F,1996-08-27,Black,Hispanic or Latino,B
P03209,F,1982-02-11,White,Not Hispanic or Latino,B
P03210,F,1962-07-22,Asian,Hispanic or Latino,B
P03211,M,1949-12-04,Black,Not Hispanic or Latino,B
P03212,F,1989-03-13,White,Not Hispanic or Latino,B
P03213,F,1947-07-28,American Indian/Alaska Native,Not Hispanic or Latino,B
P03214,F,1941-03-19,Asian,Not Hispanic or Latino,B
P03215,M,2002-10-07,White,Not Hispanic or Latino,A
P03216,M,1952-06-30,American Indian/Alaska Native,Not Hispanic or Latino,A
P03217,F,1965-02-11,Black,Not Hispanic or Latino,B
P03218,F,2000-09-24,Asian,Not Hispanic or Latino,C
P03219,M,1972-01-20,White,Not Hispanic or Latino,C
P03220,M,1965-09-19,American Indian/Alaska Native,Not Hispanic or Latino,C
P03221,M,1945-11-02,Black,Not Hispanic or Latino,B
P03222,M,1988-05-12,White,Not Hispanic or Latino,B
P03223,F,1957-05-05,Asian,Hispanic or Latino,A
P03224,F,1955-04-15,American Indian/Alaska Native,Hispanic or Latino,B
P03225,F,1957-09-17,American Indian/Alaska Native,Not Hispanic or Latino,C
P03226,F,1954-09-30,White,Not Hispanic or Latino,C
P03227,F,1950-07-28,Asian,Not Hispanic or Latino,C
P03228,F,2001-12-08,Black,Not Hispanic or Latino,A
P03229,M,1958-03-18,Native Hawaiian/Pacific Islander,Not Hispanic or Latino,C
P03230,F,1979-10-18,Black,Not Hispanic or Latino,B
P03231,F,1962-02-16,Native Hawaiian/Pacific Islander,Not Hispanic or Latino,C
P03232,F,1954-05-19,White,Not Hispanic or Latino,A
P03233,M,1969-10-28,White,Not Hispanic or Latino,A
P03234,M,1951-09-14,White,Hispanic or Latino,C
P03235,M,1988-01-10,Asian,Not Hispanic or Latino,C
P03236,M,1944-04-10,White,Not Hispanic or Latino,B
P03237,F,1976-05-10,Black,Hispanic or Latino,B
P03238,F,1981-09-17,Asian,Not Hispanic or Latino,A
P03239,F,1964-05-08,American Indian/Alaska Native,Not Hispanic or Latino,B
P03240,F,1942-03-22,Black,Not Hispanic or Latino,A
P03241,F,1966-03-21,Native Hawaiian/Pacific Islander,Not Hispanic or Latino,A
P03242,M,2001-02-08,American Indian/Alaska Native,Not Hispanic or Latino,C
P03243,F,1960-05-23,White,Not Hispanic or Latino,B
P03244,M,1942-12-25,Asian,Not Hispanic or Latino,A
P03245,M,1998-02-22,White,Not Hispanic or Latino,B
P03246,F,1951-11-22,Asian,Not Hispanic or Latino,B
P03247,M,1991-04-06,Black,Not Hispanic or Latino,B
P03248,F,1991-02-01,Native Hawaiian/Pacific Islander,Not Hispanic or Latino,A
P03249,F,1971-05-19,American Indian/Alaska Native,Not Hispanic or Latino,A
P03250,M,1965-10-10,White,Not Hispanic or Latino,C
P03251,M,1961-08-19,White,Not Hispanic or Latino,B
P03252,F,1997-05-13,Asian,Not Hispanic or Latino,C
P03253,M,1951-10-19,Native Hawaiian/Pacific Islander,Not Hispanic or Latino,A
P03254,M,1990-02-09,American Indian/Alaska Native,Hispanic or Latino,C
P03255,M,1968-06-28,White,Not Hispanic or Latino,A
P03256,F,1982-07-22,Asian,Not Hispanic or Latino,B
P03257,M,1998-07-26,Native Hawaiian/Pacific Islander,Not Hispanic or Latino,C
P03258,F,1987-10-16,White,Not Hispanic or Latino,A
P03259,M,1960-06-07,Black,Hispanic or Latino,A
P03260,F,1996-06-02,Black,Not Hispanic or Latino,C
P03261,F,1966-11-21,Black,Not Hispanic or Latino,C
P03262,M,1977-09-05,Asian,Not Hispanic or Latino,A
P03263,F,1982-04-27,American Indian/Alaska Native,Not Hispanic or Latino,A
P03264,F,1952-08-11,Black,Not Hispanic or Latino,B
P03265,M,1957-06-17,White,Not Hispanic or Latino,B
P03266,F,1994-06-23,Asian,Not Hispanic or Latino,B
P03267,F,1945-12-02,White,Not Hispanic or Latino,A
P03268,F,1963-11-08,White,Not Hispanic or Latino,A
P03269,F,1962-01-14,Native Hawaiian/Pacific Islander,Not Hispanic or Latino,A
P03270,F,1977-03-19,Native Hawaiian/Pacific Islander,Not Hispanic or Latino,A
P03271,F,1979-12-27,Native Hawaiian/Pacific Islander,Not Hispanic or Latino,A
P03272,F,1945-02-05,Native Hawaiian/Pacific Islander,Not Hispanic or Latino,B
P03273,F,1966-04-30,Black,Not Hispanic or Latino,A
P03274,F,1998-09-15,Native Hawaiian/Pacific Islander,Not Hispanic or Latino,C
P03275,F,1978-06-08,Black,Not Hispanic or Latino,A
P03276,F,1995-05-21,White,Hispanic or Latino,A
P03277,F,1961-12-01,American Indian/Alaska Native,Hispanic or Latino,B
P03278,F,1943-04-01,Native Hawaiian/Pacific Islander,Not Hispanic or Latino,C
P03279,M,1989-04-15,American Indian/Alaska Native,Not Hispanic or Latino,B
P03280,M,1976-02-26,American Indian/Alaska Native,Not Hispanic or Latino,C
P03281,F,1981-06-18,White,Not Hispanic or Latino,B
P03282,M,1957-08-21,Native Hawaiian/Pacific Islander,Not Hispanic or Latino,B
P03283,F,1994-01-03,White,Hispanic or Latino,B
P03284,M,1940-05-24,Asian,Not Hispanic or Latino,B
P03285,M,1997-11-18,American Indian/Alaska Native,Not Hispanic or Latino,A
P03286,M,1980-03-07,White,Not Hispanic or Latino,A
P03287,M,1976-10-07,Asian,Hispanic or Latino,C
P03288,M,1966-01-01,Native Hawaiian/Pacific Islander,Not Hispanic or Latino,B
P03289,M,2001-06-29,Native Hawaiian/Pacific Islander,Not Hispanic or Latino,A
P03290,M,1960-04-07,American Indian/Alaska Native,Not Hispanic or Latino,C
P03291,F,1976-06-14,White,Not Hispanic or Latino,A
P03292,M,1991-05-30,White,Not Hispanic or Latino,B
P03293,F,1999-05-12,American Indian/Alaska Native,Hispanic or Latino,A
P03294,F,1999-05-02,American Indian/Alaska Native,Not Hispanic or Latino,B
P03295,M,1965-07-10,White,Not Hispanic or Latino,A
P03296,F,1998-02-12,American Indian/Alaska Native,Not Hispanic or Latino,C
P03297,F,1948-06-03,Native Hawaiian/Pacific Islander,Hispanic or Latino,B
P03298,M,1968-09-02,Black,Not Hispanic or Latino,A
P03299,M,1989-10-03,Black,Not Hispanic or Latino,B
P03300,F,1975-03-24,Black,Hispanic or Latino,A
P03301,F,1962-04-01,Black,Hispanic or Latino,C
P03302,M,1967-01-23,Native Hawaiian/Pacific Islander,Not Hispanic or Latino,A
P03303,M,1978-02-08,Asian,Not Hispanic or Latino,B
P03304,M,1993-03-09,White,Hispanic or Latino,B
P03305,M,1956-10-07,Black,Not Hispanic or Latino,B
P03306,F,1995-01-15,Asian,Hispanic or Latino,B
P03307,F,1997-02-05,Asian,Hispanic or Latino,B
P03308,M,2002-10-15,Native Hawaiian/Pacific Islander,Not Hispanic or Latino,C
P03309,F,1995-01-26,Asian,Not Hispanic or Latino,A
P03310,F,1993-08-31,American Indian/Alaska Native,Not Hispanic or Latino,A
P03311,F,1976-02-27,Asian,Not Hispanic or Latino,A
P03312,F,1965-08-17,Asian,Hispanic or Latino,B
P03313,M,1949-02-07,Asian,Hispanic or Latino,A
P03314,F,1976-08-31,American Indian/Alaska Native,Not Hispanic or Latino,B
P03315,M,1945-08-11,Black,Not Hispanic or Latino,C
P03316,M,1947-02-06,American Indian/Alaska Native,Hispanic or Latino,A
P03317,F,1978-06-12,American Indian/Alaska Native,Not Hispanic or Latino,C
P03318,M,1944-11-30,Native Hawaiian/Pacific Islander,Not Hispanic or Latino,A
P03319,M,1940-11-09,Asian,Not Hispanic or Latino,B
P03320,M,1980-12-02,White,Not Hispanic or Latino,A
P03321,F,1944-04-01,White,Not Hispanic or Latino,A
P03322,M,1967-03-05,Black,Not Hispanic or Latino,C
P03323,M,1971-03-30,Native Hawaiian/Pacific Islander,Not Hispanic or Latino,A
P03324,M,1985-05-12,Native Hawaiian/Pacific Islander,Not Hispanic or Latino,B
P03325,F,1968-12-04,American Indian/Alaska Native,Not Hispanic or Latino,A
P03326,M,1981-12-04,American Indian/Alaska Native,Not Hispanic or Latino,C
P03327,F,1987-12-28,Black,Not Hispanic or Latino,A
P03328,M,1958-11-22,Native Hawaiian/Pacific Islander,Not Hispanic or Latino,B
P03329,M,1986-07-03,White,Not Hispanic or Latino,A
P03330,F,1984-12-19,Black,Not Hispanic or Latino,C
P03331,M,2001-08-03,Black,Not Hispanic or Latino,C
P03332,F,1977-06-26,Asian,Not Hispanic or Latino,B
P03333,F,1961-06-08,American Indian/Alaska Native,Not Hispanic or Latino,A
P03334,F,1947-03-25,American Indian/Alaska Native,Hispanic or Latino,B
P03335,F,1948-10-29,Asian,Hispanic or Latino,B
P03336,F,1973-01-14,Black,Not Hispanic or Latino,A
P03337,M,1986-04-14,Black,Not Hispanic or Latino,A
P03338,M,1985-10-12,Native Hawaiian/Pacific Islander,Hispanic or Latino,C
P03339,M,1997-08-22,Asian,Not Hispanic or Latino,A
P03340,F,1981-09-17,White,Not Hispanic or Latino,C
P03341,M,1992-01-05,Black,Not Hispanic or Latino,A
P03342,M,1957-07-23,White,Not Hispanic or Latino,A
P03343,F,1986-09-06,Black,Not Hispanic or Latino,A
P03344,F,1945-03-06,Asian,Hispanic or Latino,A
P03345,M,1976-01-19,Native Hawaiian/Pacific Islander,Not Hispanic or Latino,A
P03346,F,1965-01-30,Asian,Hispanic or Latino,C
P03347,M,2001-12-31,Black,Not Hispanic or Latino,A
P03348,M,1941-04-12,White,Not Hispanic or Latino,A
P03349,F,1984-12-21,Native Hawaiian/Pacific Islander,Not Hispanic or Latino,B
P03350,M,1977-07-16,American Indian/Alaska Native,Not Hispanic or Latino,C
P03351,F,1940-10-26,Black,Not Hispanic or Latino,B
P03352,F,1977-07-12,American Indian/Alaska Native,Not Hispanic or Latino,C
P03353,F,1961-01-07,White,Not Hispanic or Latino,A
P03354,M,1994-02-03,Asian,Not Hispanic or Latino,B
P03355,M,1997-11-25,Native Hawaiian/Pacific Islander,Not Hispanic or Latino,C
P03356,M,1944-10-18,Asian,Hispanic or Latino,B
P03357,M,1943-01-27,Asian,Not Hispanic or Latino,C
P03358,F,1969-01-03,Asian,Not Hispanic or Latino,B
P03359,M,1982-06-12,White,Not Hispanic or Latino,C
P03360,F,1985-05-21,Black,Hispanic or Latino,A
P03361,F,1978-09-18,White,Not Hispanic or Latino,C
P03362,M,1942-05-28,Black,Not Hispanic or Latino,B
P03363,F,1977-07-31,Asian,Not Hispanic or Latino,A
P03364,F,1953-07-27,White,Not Hispanic or Latino,B
P03365,M,1981-12-20,Black,Not Hispanic or Latino,C
P03366,M,1972-06-11,White,Not Hispanic or Latino,A
P03367,F,1995-01-30,Asian,Not Hispanic or Latino,C
P03368,F,1994-05-14,American Indian/Alaska Native,Not Hispanic or Latino,A
P03369,F,1944-02-01,Asian,Not Hispanic or Latino,A
P03370,M,1994-09-04,Native Hawaiian/Pacific Islander,Not Hispanic or Latino,A
P03371,M,1989-09-12,American Indian/Alaska Native,Not Hispanic or Latino,B
P03372,F,1963-07-09,American Indian/Alaska Native,Not Hispanic or Latino,C
P03373,F,1958-02-14,White,Hispanic or Latino,B
P03374,M,1960-10-13,American Indian/Alaska Native,Not Hispanic or Latino,A
P03375,M,1968-10-10,White,Not Hispanic or Latino,A
P03376,M,1992-11-28,American Indian/Alaska Native,Not Hispanic or Latino,A
P03377,M,1973-06-30,American Indian/Alaska Native,Not Hispanic or Latino,B
P03378,M,1980-03-07,White,Not Hispanic or Latino,A
P03379,F,1966-01-11,Black,Not Hispanic or Latino,A
P03380,M,2001-01-10,Black,Hispanic or Latino,A
P03381,F,1952-04-16,Asian,Not Hispanic or Latino,B
P03382,F,1978-07-03,Native Hawaiian/Pacific Islander,Not Hispanic or Latino,A
P03383,M,1946-12-13,Native Hawaiian/Pacific Islander,Not Hispanic or Latino,C
P03384,F,1951-03-23,Native Hawaiian/Pacific Islander,Not Hispanic or Latino,C
P03385,F,1958-12-26,Asian,Not Hispanic or Latino,B
P03386,M,2002-12-23,Black,Not Hispanic or Latino,C
P03387,M,1998-01-16,American Indian/Alaska Native,Not Hispanic or Latino,B
P03388,M,1989-09-10,American Indian/Alaska Native,Hispanic or Latino,A
P03389,F,2002-05-05,American Indian/Alaska Native,Not Hispanic or Latino,C
P03390,F,1959-11-24,American Indian/Alaska Native,Not Hispanic or Latino,A
P03391,F,1957-02-19,Native Hawaiian/Pacific Islander,Not Hispanic or Latino,B
P03392,F,1949-01-20,White,Hispanic or Latino,B
P03393,M,1968-09-20,Asian,Not Hispanic or Latino,A
P03394,F,1943-06-04,Asian,Not Hispanic or Latino,C
P03395,M,1999-02-27,Native Hawaiian/Pacific Islander,Not Hispanic or Latino,A
P03396,F,1961-11-15,American Indian/Alaska Native,Not Hispanic or Latino,A
P03397,M,1991-10-22,Asian,Hispanic or Latino,C
P03398,M,1972-05-08,Native Hawaiian/Pacific Islander,Not Hispanic or Latino,B
P03399,M,1956-10-22,Native Hawaiian/Pacific Islander,Hispanic or Latino,A
P03400,M,1956-11-20,White,Not Hispanic or Latino,C
P03401,M,1992-02-02,Native Hawaiian/Pacific Islander,Hispanic or Latino,C
P03402,M,1965-10-24,Native Hawaiian/Pacific Islander,Not Hispanic or Latino,C
P03403,F,1977-06-28,Asian,Hispanic or Latino,B
P03404,M,1959-06-19,White,Hispanic or Latino,C
P03405,M,1964-04-18,American Indian/Alaska Native,Not Hispanic or Latino,C
P03406,M,1987-06-14,White,Not Hispanic or Latino,C
P03407,F,2002-01-23,Asian,Not Hispanic or Latino,B
P03408,F,1946-07-18,White,Not Hispanic or Latino,B
P03409,M,1986-06-13,American Indian/Alaska Native,Not Hispanic or Latino,B
P03410,F,1984-04-03,Black,Not Hispanic or Latino,B
P03411,M,1946-06-24,Asian,Not Hispanic or Latino,B
P03412,F,2001-09-30,White,Hispanic or Latino,C
P03413,F,1956-10-14,Black,Not Hispanic or Latino,C
P03414,F,1941-12-30,Asian,Hispanic or Latino,A
P03415,F,2001-05-31,Asian,Not Hispanic or Latino,A
P03416,F,1982-12-01,White,Not Hispanic or Latino,A
P03417,M,2002-11-10,Black,Not Hispanic or Latino,B
P03418,F,1999-08-02,American Indian/Alaska Native,Not Hispanic or Latino,B
P03419,F,1942-12-22,White,Not Hispanic or Latino,A
P03420,F,1979-10-07,White,Not Hispanic or Latino,C
P03421,F,1945-01-25,Native Hawaiian/Pacific Islander,Not Hispanic or Latino,C
P03422,M,1993-08-28,White,Not Hispanic or Latino,C
P03423,M,1955-06-19,Black,Hispanic or Latino,C
P03424,M,1948-02-12,Native Hawaiian/Pacific Islander,Not Hispanic or Latino,B
P03425,F,1946-08-08,American Indian/Alaska Native,Not Hispanic or Latino,B
P03426,M,1953-10-17,Native Hawaiian/Pacific Islander,Not Hispanic or Latino,B
P03427,M,1970-01-11,Native Hawaiian/Pacific Islander,Hispanic or Latino,A
P03428,F,1967-07-01,American Indian/Alaska Native,Not Hispanic or Latino,C
P03429,M,1940-06-04,Asian,Not Hispanic or Latino,C
P03430,F,1969-06-30,Black,Hispanic or Latino,C
P03431,M,1978-12-28,Black,Not Hispanic or Latino,B
P03432,F,1969-07-26,Black,Not Hispanic or Latino,B
P03433,M,1984-07-02,American Indian/Alaska Native,Hispanic or Latino,C
P03434,M,1982-09-29,Asian,Not Hispanic or Latino,C
P03435,F,1985-11-29,American Indian/Alaska Native,Not Hispanic or Latino,B
P03436,M,1960-08-16,Black,Not Hispanic or Latino,A
P03437,F,1972-10-02,Native Hawaiian/Pacific Islander,Not Hispanic or Latino,C
P03438,F,1987-10-25,Black,Hispanic or Latino,A
P03439,M,1961-07-23,White,Hispanic or Latino,B
P03440,M,1979-12-22,Native Hawaiian/Pacific Islander,Not Hispanic or Latino,B
P03441,M,1944-11-01,Asian,Not Hispanic or Latino,A
P03442,F,1971-03-30,Black,Not Hispanic or Latino,C
P03443,M,1993-05-19,Asian,Not Hispanic or Latino,A
P03444,F,1962-08-04,Black,Not Hispanic or Latino,A
P03445,F,1973-03-15,Native Hawaiian/Pacific Islander,Not Hispanic or Latino,B
P03446,F,1991-07-12,Native Hawaiian/Pacific Islander,Hispanic or Latino,A
P03447,M,1942-02-28,American Indian/Alaska Native,Not Hispanic or Latino,B
P03448,M,1956-08-11,White,Not Hispanic or Latino,A
P03449,M,1950-07-26,Native Hawaiian/Pacific Islander,Not Hispanic or Latino,B
P03450,F,1949-04-29,Black,Not Hispanic or Latino,B
P03451,M,1951-06-03,Black,Hispanic or Latino,B
P03452,M,1954-11-29,Native Hawaiian/Pacific Islander,Not Hispanic or Latino,A
P03453,F,1992-02-25,Native Hawaiian/Pacific Islander,Not Hispanic or Latino,A
P03454,F,1994-06-27,White,Not Hispanic or Latino,C
P03455,M,1995-03-03,Asian,Not Hispanic or Latino,C
P03456,F,1981-02-11,White,Not Hispanic or Latino,B
P03457,M,1980-10-09,Black,Not Hispanic or Latino,A
P03458,F,1974-01-24,American Indian/Alaska Native,Not Hispanic or Latino,B
P03459,M,1994-11-18,Black,Hispanic or Latino,B
P03460,F,1966-09-22,Black,Not Hispanic or Latino,B
P03461,F,1989-05-19,White,Not Hispanic or Latino,C
P03462,F,1944-05-04,American Indian/Alaska Native,Not Hispanic or Latino,B
P03463,F,1961-07-16,White,Not Hispanic or Latino,C
P03464,M,1978-05-24,American Indian/Alaska Native,Not Hispanic or Latino,A
P03465,F,1959-03-03,Black,Not Hispanic or Latino,A
P03466,F,1951-06-01,Black,Not Hispanic or Latino,B
P03467,M,1973-07-21,White,Not Hispanic or Latino,C
P03468,M,1962-04-16,American Indian/Alaska Native,Not Hispanic or Latino,A
P03469,F,1994-03-16,White,Not Hispanic or Latino,A
P03470,F,1949-05-27,Native Hawaiian/Pacific Islander,Hispanic or Latino,B
P03471,M,1986-09-11,Asian,Not Hispanic or Latino,A
P03472,F,1981-10-25,American Indian/Alaska Native,Hispanic or Latino,B
P03473,F,1959-07-12,Asian,Not Hispanic or Latino,A
P03474,F,1997-01-07,Asian,Not Hispanic or Latino,A
P03475,M,1956-11-04,Black,Not Hispanic or Latino,C
P03476,F,1962-10-17,Asian,Not Hispanic or Latino,A
P03477,M,1951-09-20,Native Hawaiian/Pacific Islander,Not Hispanic or Latino,C
P03478,F,1985-02-19,American Indian/Alaska Native,Hispanic or Latino,B
P03479,M,1975-04-11,Asian,Not Hispanic or Latino,A
P03480,M,1975-08-19,American Indian/Alaska Native,Not Hispanic or Latino,C
P03481,M,1971-08-14,Native Hawaiian/Pacific Islander,Not Hispanic or Latino,B
P03482,M,1956-08-05,White,Not Hispanic or Latino,C
P03483,F,1986-10-24,American Indian/Alaska Native,Hispanic or Latino,C
P03484,M,1987-06-09,Asian,Hispanic or Latino,B
P03485,M,1942-12-22,American Indian/Alaska Native,Not Hispanic or Latino,A
P03486,F,2001-12-04,Native Hawaiian/Pacific Islander,Not Hispanic or Latino,A
P03487,F,1940-11-29,Black,Not Hispanic or Latino,C
P03488,F,1976-06-09,American Indian/Alaska Native,Not Hispanic or Latino,A
P03489,M,1994-02-12,White,Not Hispanic or Latino,C
P03490,F,2002-10-30,American Indian/Alaska Native,Hispanic or Latino,B
P03491,F,1976-03-23,Native Hawaiian/Pacific Islander,Not Hispanic or Latino,C
P03492,F,1969-10-23,White,Not Hispanic or Latino,A
P03493,M,1992-03-01,American Indian/Alaska Native,Not Hispanic or Latino,C
P03494,F,1995-01-04,White,Not Hispanic or Latino,B
P03495,M,1943-04-14,Black,Not Hispanic or Latino,C
P03496,F,2002-01-12,Asian,Hispanic or Latino,C
P03497,M,1969-08-11,American Indian/Alaska Native,Not Hispanic or Latino,C
P03498,F,1965-02-17,White,Not Hispanic or Latino,C
P03499,M,1964-09-19,American Indian/Alaska Native,Not Hispanic or Latino,C
P03500,M,1947-07-11,Native Hawaiian/Pacific Islander,Not Hispanic or Latino,A
P03501,M,1954-02-23,Asian,Not Hispanic or Latino,A
P03502,M,1957-04-01,Asian,Not Hispanic or Latino,A
P03503,F,1963-08-26,Native Hawaiian/Pacific Islander,Not Hispanic or Latino,B
P03504,M,1950-01-25,Native Hawaiian/Pacific Islander,Not Hispanic or Latino,A
P03505,M,1981-01-10,Black,Not Hispanic or Latino,B
P03506,M,2001-05-23,Black,Not Hispanic or Latino,B
P03507,M,1951-12-06,Black,Not Hispanic or Latino,C
P03508,F,1966-04-17,American Indian/Alaska Native,Not Hispanic or Latino,B
P03509,M,1976-04-02,Asian,Hispanic or Latino,A
P03510,F,1941-03-26,Black,Hispanic or Latino,C
P03511,M,1999-07-02,American Indian/Alaska Native,Not Hispanic or Latino,C
P03512,M,1941-07-19,Black,Not Hispanic or Latino,B
P03513,M,1971-04-22,Asian,Not Hispanic or Latino,C
P03514,M,1950-06-21,American Indian/Alaska Native,Hispanic or Latino,B
P03515,M,1987-01-09,Asian,Not Hispanic or Latino,A
P03516,F,1986-12-01,American Indian/Alaska Native,Not Hispanic or Latino,A
P03517,F,1974-05-14,White,Not Hispanic or Latino,A
P03518,M,1951-02-16,White,Not Hispanic or Latino,B
P03519,F,1959-02-15,White,Not Hispanic or Latino,B
P03520,F,1970-07-30,Native Hawaiian/Pacific Islander,Not Hispanic or Latino,C
P03521,M,1988-04-28,White,Hispanic or Latino,B
P03522,M,2001-04-12,Native Hawaiian/Pacific Islander,Hispanic or Latino,B
P03523,F,1990-01-08,Native Hawaiian/Pacific Islander,Not Hispanic or Latino,A
P03524,F,1986-04-22,Asian,Not Hispanic or Latino,A
P03525,F,1956-01-05,Native Hawaiian/Pacific Islander,Not Hispanic or Latino,C
P03526,F,1947-01-03,American Indian/Alaska Native,Not Hispanic or Latino,B
P03527,M,1983-08-12,Asian,Not Hispanic or Latino,A
P03528,F,1980-04-27,American Indian/Alaska Native,Not Hispanic or Latino,B
P03529,M,1973-04-29,Asian,Not Hispanic or Latino,B
P03530,F,1945-11-27,American Indian/Alaska Native,Not Hispanic or Latino,A
P03531,F,1997-07-04,Asian,Not Hispanic or Latino,B
P03532,F,1953-12-24,Native Hawaiian/Pacific Islander,Not Hispanic or Latino,A
P03533,F,1982-04-16,Asian,Not Hispanic or Latino,C
P03534,M,1954-07-14,Asian,Not Hispanic or Latino,C
P03535,F,1979-11-10,Black,Not Hispanic or Latino,A
P03536,M,1990-04-15,Native Hawaiian/Pacific Islander,Not Hispanic or Latino,B
P03537,F,1941-02-15,White,Hispanic or Latino,A
P03538,F,1985-05-25,Native Hawaiian/Pacific Islander,Hispanic or Latino,B
P03539,M,1954-01-09,Black,Not Hispanic or Latino,B
P03540,F,1964-12-29,American Indian/Alaska Native,Not Hispanic or Latino,A
P03541,F,2002-03-09,American Indian/Alaska Native,Hispanic or Latino,B
P03542,F,1962-09-19,Native Hawaiian/Pacific Islander,Not Hispanic or Latino,B
P03543,M,1987-10-20,Asian,Not Hispanic or Latino,A
P03544,M,1948-10-15,American Indian/Alaska Native,Not Hispanic or Latino,C
P03545,F,1997-05-06,White,Not Hispanic or Latino,B
P03546,M,1962-10-14,Native Hawaiian/Pacific Islander,Not Hispanic or Latino,A
P03547,M,1997-01-14,Native Hawaiian/Pacific Islander,Not Hispanic or Latino,C
P03548,M,1972-02-17,Black,Not Hispanic or Latino,A
P03549,M,1950-08-13,White,Not Hispanic or Latino,A
P03550,F,1989-01-05,Black,Not Hispanic or Latino,B
P03551,F,1998-02-08,Native Hawaiian/Pacific Islander,Not Hispanic or Latino,A
P03552,M,1956-08-02,American Indian/Alaska Native,Not Hispanic or Latino,A
P03553,M,1986-12-05,American Indian/Alaska Native,Not Hispanic or Latino,C
P03554,M,1943-09-17,White,Not Hispanic or Latino,C
P03555,F,1998-04-28,Asian,Not Hispanic or Latino,B
P03556,F,1973-09-04,White,Not Hispanic or Latino,B
P03557,M,1987-12-24,Asian,Not Hispanic or Latino,A
P03558,M,2001-09-06,Asian,Not Hispanic or Latino,B
P03559,F,1955-05-07,Native Hawaiian/Pacific Islander,Not Hispanic or Latino,C
P03560,M,1999-05-09,Native Hawaiian/Pacific Islander,Not Hispanic or Latino,A
P03561,F,1948-09-12,Native Hawaiian/Pacific Islander,Not Hispanic or Latino,A
P03562,F,1963-05-30,Native Hawaiian/Pacific Islander,Not Hispanic or Latino,A
P03563,F,1940-07-27,American Indian/Alaska Native,Not Hispanic or Latino,B
P03564,F,1952-09-09,American Indian/Alaska Native,Not Hispanic or Latino,B
P03565,M,1966-11-02,White,Hispanic or Latino,A
P03566,M,1940-08-05,White,Not Hispanic or Latino,A
P03567,M,1970-12-12,American Indian/Alaska Native,Not Hispanic or Latino,A
P03568,F,1975-10-30,Native Hawaiian/Pacific Islander,Not Hispanic or Latino,C
P03569,M,1961-01-29,American Indian/Alaska Native,Not Hispanic or Latino,C
P03570,M,1975-04-14,Native Hawaiian/Pacific Islander,Not Hispanic or Latino,B
P03571,F,1985-09-30,White,Not Hispanic or Latino,B
P03572,F,1945-07-16,Black,Not Hispanic or Latino,A
P03573,F,1951-08-22,American Indian/Alaska Native,Not Hispanic or Latino,C
P03574,F,1968-08-16,American Indian/Alaska Native,Not Hispanic or Latino,C
P03575,M,1962-09-03,American Indian/Alaska Native,Hispanic or Latino,A
P03576,M,1949-11-24,American Indian/Alaska Native,Hispanic or Latino,C
P03577,F,1971-09-19,Black,Not Hispanic or Latino,A
P03578,M,1966-06-22,White,Not Hispanic or Latino,B
P03579,F,2002-09-21,Native Hawaiian/Pacific Islander,Hispanic or Latino,A
P03580,M,1965-12-22,Asian,Not Hispanic or Latino,B
P03581,M,2000-01-18,Native Hawaiian/Pacific Islander,Not Hispanic or Latino,C
P03582,F,1966-01-29,White,Hispanic or Latino,A
P03583,M,2001-09-11,Black,Not Hispanic or Latino,B
P03584,F,1940-06-30,Native Hawaiian/Pacific Islander,Not Hispanic or Latino,B
P03585,M,1986-06-27,Native Hawaiian/Pacific Islander,Not Hispanic or Latino,C
P03586,M,1990-01-02,American Indian/Alaska Native,Not Hispanic or Latino,B
P03587,F,1959-10-19,Native Hawaiian/Pacific Islander,Not Hispanic or Latino,A
P03588,F,1974-07-02,Black,Not Hispanic or Latino,B
P03589,M,1987-06-23,American Indian/Alaska Native,Not Hispanic or Latino,B
P03590,F,2000-01-04,Asian,Not Hispanic or Latino,C
P03591,M,1951-08-17,White,Not Hispanic or Latino,C
P03592,M,1941-02-11,White,Not Hispanic or Latino,A
P03593,M,1975-07-13,Asian,Not Hispanic or Latino,A
P03594,M,1970-12-28,Asian,Hispanic or Latino,C
P03595,F,1984-05-14,White,Not Hispanic or Latino,B
P03596,F,1999-10-22,White,Not Hispanic or Latino,B
P03597,F,1967-02-26,Native Hawaiian/Pacific Islander,Not Hispanic or Latino,B
P03598,F,1960-06-12,White,Not Hispanic or Latino,C
P03599,M,1969-05-27,Black,Not Hispanic or Latino,A
P03600,M,1976-06-07,Black,Not Hispanic or Latino,B
P03601,M,1975-06-19,Asian,Not Hispanic or Latino,A
P03602,F,1942-10-20,White,Not Hispanic or Latino,B
P03603,F,1982-06-23,American Indian/Alaska Native,Not Hispanic or Latino,B
P03604,F,1975-04-29,Black,Not Hispanic or Latino,B
P03605,F,1946-08-14,American Indian/Alaska Native,Not Hispanic or Latino,B
P03606,F,1969-07-18,American Indian/Alaska Native,Not Hispanic or Latino,C
P03607,M,1982-06-11,White,Not Hispanic or Latino,C
P03608,M,1948-06-15,Asian,Not Hispanic or Latino,C
P03609,M,1941-08-31,Black,Not Hispanic or Latino,C
P03610,F,1996-07-11,Native Hawaiian/Pacific Islander,Not Hispanic or Latino,B
P03611,M,1960-05-26,American Indian/Alaska Native,Hispanic or Latino,C
P03612,F,1987-08-02,American Indian/Alaska Native,Hispanic or Latino,C
P03613,M,1942-01-26,American Indian/Alaska Native,Not Hispanic or Latino,B
P03614,M,1991-09-09,Native Hawaiian/Pacific Islander,Not Hispanic or Latino,B
P03615,F,1949-05-03,Native Hawaiian/Pacific Islander,Hispanic or Latino,C
P03616,M,1984-04-27,White,Not Hispanic or Latino,B
P03617,F,1961-02-12,Asian,Not Hispanic or Latino,B
P03618,M,1983-12-23,Native Hawaiian/Pacific Islander,Not Hispanic or Latino,C
P03619,M,1956-12-24,Asian,Hispanic or Latino,C
P03620,F,1952-01-05,American Indian/Alaska Native,Not Hispanic or Latino,B
P03621,M,1989-03-11,Native Hawaiian/Pacific Islander,Not Hispanic or Latino,A
P03622,M,1980-07-02,Asian,Not Hispanic or Latino,A
P03623,M,1961-01-19,American Indian/Alaska Native,Hispanic or Latino,B
P03624,M,1952-12-08,Black,Hispanic or Latino,A
P03625,M,1988-03-23,White,Hispanic or Latino,A
P03626,M,1987-10-03,Black,Hispanic or Latino,B
P03627,M,1965-06-08,American Indian/Alaska Native,Hispanic or Latino,C
P03628,F,1951-03-05,American Indian/Alaska Native,Not Hispanic or Latino,A
P03629,F,1956-10-10,Black,Not Hispanic or Latino,C
P03630,M,1951-02-28,Asian,Hispanic or Latino,B
P03631,F,1978-12-06,White,Not Hispanic or Latino,C
P03632,M,1992-07-10,Native Hawaiian/Pacific Islander,Not Hispanic or Latino,A
P03633,F,1980-06-09,White,Not Hispanic or Latino,B
P03634,M,1987-01-03,White,Not Hispanic or Latino,B
P03635,M,1964-09-13,Asian,Not Hispanic or Latino,A
P03636,M,1976-10-28,Native Hawaiian/Pacific Islander,Not Hispanic or Latino,A
P03637,M,1991-12-26,American Indian/Alaska Native,Not Hispanic or Latino,C
P03638,F,1947-08-05,American Indian/Alaska Native,Not Hispanic or Latino,A
P03639,M,1989-11-24,American Indian/Alaska Native,Hispanic or Latino,C
P03640,F,1984-12-21,Black,Hispanic or Latino,A
P03641,F,1999-04-03,Black,Not Hispanic or Latino,A
P03642,M,1982-03-10,Native Hawaiian/Pacific Islander,Not Hispanic or Latino,B
P03643,M,1995-10-05,Black,Not Hispanic or Latino,A
P03644,M,1958-03-15,Asian,Not Hispanic or Latino,A
P03645,M,1948-08-19,Native Hawaiian/Pacific Islander,Not Hispanic or Latino,B
P03646,F,1973-06-12,Asian,Not Hispanic or Latino,A
P03647,M,1956-12-22,Asian,Hispanic or Latino,A
P03648,M,1941-12-27,Asian,Hispanic or Latino,A
P03649,M,1986-11-01,Native Hawaiian/Pacific Islander,Not Hispanic or Latino,C
P03650,F,1990-02-17,Native Hawaiian/Pacific Islander,Not Hispanic or Latino,C
P03651,F,1988-05-20,Native Hawaiian/Pacific Islander,Not Hispanic or Latino,B
P03652,F,1963-01-12,American Indian/Alaska Native,Not Hispanic or Latino,C
P03653,M,1996-12-13,Black,Not Hispanic or Latino,B
P03654,F,1982-08-29,Black,Not Hispanic or Latino,C
P03655,M,1942-10-21,Native Hawaiian/Pacific Islander,Hispanic or Latino,C
P03656,M,1949-05-19,Asian,Not Hispanic or Latino,A
P03657,F,1962-03-05,American Indian/Alaska Native,Not Hispanic or Latino,A
P03658,F,1954-01-15,American Indian/Alaska Native,Not Hispanic or Latino,A
P03659,F,1955-07-21,Asian,Not Hispanic or Latino,A
P03660,F,1940-03-12,Black,Not Hispanic or Latino,A
P03661,F,1978-11-01,White,Not Hispanic or Latino,A
P03662,F,1975-06-19,Asian,Not Hispanic or Latino,C
P03663,M,1946-11-27,Asian,Not Hispanic or Latino,B
P03664,F,1998-12-14,Native Hawaiian/Pacific Islander,Not Hispanic or Latino,A
P03665,M,1999-11-08,Native Hawaiian/Pacific Islander,Not Hispanic or Latino,B
P03666,F,2000-12-01,American Indian/Alaska Native,Not Hispanic or Latino,B
P03667,M,1971-07-28,American Indian/Alaska Native,Hispanic or Latino,C
P03668,F,1972-11-25,Black,Not Hispanic or Latino,B
P03669,F,1955-07-15,American Indian/Alaska Native,Not Hispanic or Latino,B
P03670,F,1951-10-11,Asian,Not Hispanic or Latino,B
P03671,F,1968-12-28,Native Hawaiian/Pacific Islander,Not Hispanic or Latino,A
P03672,F,1997-03-04,American Indian/Alaska Native,Not Hispanic or Latino,B
P03673,F,1981-06-01,White,Not Hispanic or Latino,A
P03674,F,1992-09-12,Asian,Hispanic or Latino,C
P03675,F,1965-11-10,White,Not Hispanic or Latino,A
P03676,M,1955-03-24,Black,Not Hispanic or Latino,B
P03677,M,1972-02-23,Native Hawaiian/Pacific Islander,Not Hispanic or Latino,A
P03678,M,2001-10-27,Asian,Hispanic or Latino,A
P03679,M,1997-11-27,American Indian/Alaska Native,Not Hispanic or Latino,A
P03680,F,1952-03-27,American Indian/Alaska Native,Not Hispanic or Latino,B
P03681,F,1974-12-12,Native Hawaiian/Pacific Islander,Not Hispanic or Latino,A
P03682,F,1946-08-22,Asian,Not Hispanic or Latino,B
P03683,F,1997-05-15,Black,Not Hispanic or Latino,A
P03684,F,1982-10-18,Native Hawaiian/Pacific Islander,Hispanic or Latino,C
P03685,M,1946-09-15,Native Hawaiian/Pacific Islander,Hispanic or Latino,B
P03686,F,1985-05-01,Asian,Not Hispanic or Latino,B
P03687,F,1996-08-14,White,Not Hispanic or Latino,A
P03688,F,1967-02-11,Asian,Not Hispanic or Latino,B
P03689,M,1948-11-21,White,Not Hispanic or Latino,A
P03690,F,1978-12-28,Asian,Hispanic or Latino,B
P03691,M,1992-09-10,Asian,Not Hispanic or Latino,B
P03692,F,1985-01-25,Black,Not Hispanic or Latino,C
P03693,F,1965-03-20,American Indian/Alaska Native,Not Hispanic or Latino,A
P03694,F,1961-08-21,Black,Not Hispanic or Latino,A
P03695,M,1985-11-21,Asian,Not Hispanic or Latino,B
P03696,M,1989-12-27,American Indian/Alaska Native,Not Hispanic or Latino,A
P03697,F,1968-03-13,Native Hawaiian/Pacific Islander,Not Hispanic or Latino,C
P03698,M,1983-05-08,Black,Not Hispanic or Latino,A
P03699,M,1952-06-17,Black,Hispanic or Latino,C
P03700,M,1945-04-22,Asian,Not Hispanic or Latino,A
P03701,F,1991-03-16,White,Not Hispanic or Latino,B
P03702,M,1999-04-03,Black,Hispanic or Latino,A
P03703,F,1982-05-31,Native Hawaiian/Pacific Islander,Not Hispanic or Latino,B
P03704,M,1999-04-18,Native Hawaiian/Pacific Islander,Not Hispanic or Latino,A
P03705,F,1975-05-30,American Indian/Alaska Native,Not Hispanic or Latino,A
P03706,F,1963-08-20,American Indian/Alaska Native,Not Hispanic or Latino,A
P03707,F,1995-03-09,Native Hawaiian/Pacific Islander,Not Hispanic or Latino,A
P03708,F,1946-04-30,Black,Not Hispanic or Latino,C
P03709,F,1966-04-17,Asian,Not Hispanic or Latino,A
P03710,M,1980-03-08,American Indian/Alaska Native,Hispanic or Latino,A
P03711,F,1988-06-06,White,Hispanic or Latino,B
P03712,M,1980-03-12,Asian,Hispanic or Latino,A
P03713,M,1956-04-09,American Indian/Alaska Native,Not Hispanic or Latino,C
P03714,M,1960-01-18,Asian,Not Hispanic or Latino,C
P03715,F,1952-08-15,American Indian/Alaska Native,Hispanic or Latino,B
P03716,F,2001-10-10,Asian,Hispanic or Latino,C
P03717,F,1998-04-02,White,Not Hispanic or Latino,B
P03718,M,1971-04-17,White,Not Hispanic or Latino,A
P03719,F,1994-06-15,Native Hawaiian/Pacific Islander,Not Hispanic or Latino,C
P03720,M,1946-03-22,Native Hawaiian/Pacific Islander,Hispanic or Latino,A
P03721,F,1997-08-28,White,Not Hispanic or Latino,A
P03722,M,1944-09-12,White,Not Hispanic or Latino,B
P03723,F,1948-03-11,White,Hispanic or Latino,A
P03724,F,1989-07-02,Black,Not Hispanic or Latino,B
P03725,F,1949-04-19,White,Not Hispanic or Latino,C
P03726,F,1948-10-13,American Indian/Alaska Native,Not Hispanic or Latino,A
P03727,M,1975-03-29,American Indian/Alaska Native,Hispanic or Latino,A
P03728,F,1950-11-16,Black,Not Hispanic or Latino,A
P03729,F,1993-08-27,Native Hawaiian/Pacific Islander,Not Hispanic or Latino,A
P03730,F,1948-06-02,White,Hispanic or Latino,A
P03731,M,1958-09-24,White,Not Hispanic or Latino,A
P03732,M,1975-06-06,White,Hispanic or Latino,A
P03733,M,2001-06-26,American Indian/Alaska Native,Not Hispanic or Latino,A
P03734,F,1988-09-03,Native Hawaiian/Pacific Islander,Not Hispanic or Latino,B
P03735,F,1950-11-11,Native Hawaiian/Pacific Islander,Not Hispanic or Latino,B
P03736,F,1946-07-10,Asian,Hispanic or Latino,B
P03737,M,1971-01-10,White,Not Hispanic or Latino,A
P03738,M,1996-06-10,Black,Not Hispanic or Latino,B
P03739,F,1983-02-07,Black,Not Hispanic or Latino,B
P03740,F,1984-05-27,Native Hawaiian/Pacific Islander,Not Hispanic or Latino,A
P03741,F,1959-03-27,White,Not Hispanic or Latino,B
P03742,F,1977-10-16,Asian,Not Hispanic or Latino,C
P03743,F,1970-06-09,Asian,Not Hispanic or Latino,A
P03744,M,1998-11-17,Asian,Hispanic or Latino,C
P03745,M,1998-10-05,Native Hawaiian/Pacific Islander,Hispanic or Latino,A
P03746,F,1991-06-17,Native Hawaiian/Pacific Islander,Not Hispanic or Latino,A
P03747,F,1967-12-07,White,Not Hispanic or Latino,A
P03748,M,1996-10-08,Asian,Not Hispanic or Latino,B
P03749,M,1946-08-03,Asian,Not Hispanic or Latino,B
P03750,F,1944-06-27,Asian,Not Hispanic or Latino,B
P03751,M,1960-01-14,Native Hawaiian/Pacific Islander,Not Hispanic or Latino,C
P03752,F,1953-03-19,Black,Hispanic or Latino,C
P03753,F,1985-01-24,White,Not Hispanic or Latino,A
P03754,F,1988-06-02,Black,Not Hispanic or Latino,B
P03755,M,1954-03-15,Native Hawaiian/Pacific Islander,Not Hispanic or Latino,A
P03756,M,1964-07-14,Native Hawaiian/Pacific Islander,Not Hispanic or Latino,A
P03757,M,1952-08-01,American Indian/Alaska Native,Not Hispanic or Latino,C
P03758,F,1960-04-06,Asian,Not Hispanic or Latino,B
P03759,F,1965-11-07,Native Hawaiian/Pacific Islander,Not Hispanic or Latino,B
P03760,M,1946-08-16,White,Not Hispanic or Latino,B
P03761,M,1969-01-26,White,Not Hispanic or Latino,B
P03762,F,1986-08-26,American Indian/Alaska Native,Not Hispanic or Latino,A
P03763,F,2002-09-09,Native Hawaiian/Pacific Islander,Not Hispanic or Latino,A
P03764,M,1971-09-01,Asian,Not Hispanic or Latino,B
P03765,F,1988-04-11,American Indian/Alaska Native,Not Hispanic or Latino,B
P03766,M,1987-04-28,Black,Not Hispanic or Latino,B
P03767,M,2001-06-14,Native Hawaiian/Pacific Islander,Not Hispanic or Latino,A
P03768,M,1966-07-06,Black,Not Hispanic or Latino,A
P03769,F,1969-09-11,White,Not Hispanic or Latino,B
P03770,M,1994-08-09,Black,Not Hispanic or Latino,A
P03771,M,1955-02-25,White,Not Hispanic or Latino,A
P03772,F,1970-12-12,Asian,Not Hispanic or Latino,B
P03773,M,1943-10-12,White,Not Hispanic or Latino,A
P03774,M,1966-02-04,Asian,Not Hispanic or Latino,A
P03775,F,1943-07-31,Black,Hispanic or Latino,C
P03776,F,1979-02-11,American Indian/Alaska Native,Not Hispanic or Latino,C
P03777,F,1994-03-16,American Indian/Alaska Native,Not Hispanic or Latino,A
P03778,F,1968-02-29,American Indian/Alaska Native,Not Hispanic or Latino,A
P03779,F,1976-11-27,White,Not Hispanic or Latino,A
P03780,F,1982-11-17,Native Hawaiian/Pacific Islander,Not Hispanic or Latino,C
P03781,F,1958-12-12,Asian,Not Hispanic or Latino,B
P03782,F,1976-03-29,Asian,Hispanic or Latino,C
P03783,F,1981-12-17,Native Hawaiian/Pacific Islander,Not Hispanic or Latino,A
P03784,F,1940-06-29,American Indian/Alaska Native,Not Hispanic or Latino,A
P03785,F,1961-02-03,Asian,Hispanic or Latino,C
P03786,M,1954-07-16,Asian,Not Hispanic or Latino,B
P03787,F,1970-01-26,American Indian/Alaska Native,Not Hispanic or Latino,A
P03788,F,1940-01-23,White,Not Hispanic or Latino,B
P03789,F,1960-11-13,American Indian/Alaska Native,Hispanic or Latino,C
P03790,F,1972-07-14,Native Hawaiian/Pacific Islander,Not Hispanic or Latino,A
P03791,F,1956-06-14,American Indian/Alaska Native,Not Hispanic or Latino,C
P03792,M,1944-08-06,Native Hawaiian/Pacific Islander,Hispanic or Latino,B
P03793,F,1954-09-24,White,Not Hispanic or Latino,B
P03794,M,1961-09-11,American Indian/Alaska Native,Not Hispanic or Latino,B
P03795,M,1974-07-05,Native Hawaiian/Pacific Islander,Not Hispanic or Latino,A
P03796,M,1972-07-03,White,Not Hispanic or Latino,A
P03797,M,1971-02-06,Asian,Not Hispanic or Latino,B
P03798,M,1956-12-23,White,Not Hispanic or Latino,B
P03799,F,1994-03-09,White,Hispanic or Latino,B
P03800,F,1966-11-09,Asian,Not Hispanic or Latino,B
P03801,F,1950-03-17,Black,Not Hispanic or Latino,B
P03802,M,1997-07-08,American Indian/Alaska Native,Not Hispanic or Latino,B
P03803,M,1962-03-07,Native Hawaiian/Pacific Islander,Not Hispanic or Latino,B
P03804,M,1943-10-17,Native Hawaiian/Pacific Islander,Not Hispanic or Latino,C
P03805,M,1952-10-09,Native Hawaiian/Pacific Islander,Hispanic or Latino,B
P03806,M,1940-04-09,Native Hawaiian/Pacific Islander,Not Hispanic or Latino,A
P03807,F,1949-12-26,Black,Not Hispanic or Latino,A
P03808,F,1982-12-21,Native Hawaiian/Pacific Islander,Hispanic or Latino,A
P03809,F,1972-01-03,American Indian/Alaska Native,Not Hispanic or Latino,C
P03810,M,1986-03-05,White,Not Hispanic or Latino,C
P03811,F,1956-09-04,American Indian/Alaska Native,Not Hispanic or Latino,B
P03812,F,1962-10-12,Native Hawaiian/Pacific Islander,Not Hispanic or Latino,B
P03813,F,1986-01-21,White,Not Hispanic or Latino,C
P03814,M,2001-02-22,Black,Not Hispanic or Latino,B
P03815,F,1959-12-23,White,Not Hispanic or Latino,A
P03816,F,1996-05-12,Asian,Not Hispanic or Latino,A
P03817,M,1945-10-21,White,Not Hispanic or Latino,B
P03818,M,1957-01-19,White,Not Hispanic or Latino,A
P03819,M,1997-07-25,Black,Not Hispanic or Latino,B
P03820,F,1986-08-01,Black,Not Hispanic or Latino,B
P03821,M,1946-09-27,White,Not Hispanic or Latino,C
P03822,M,1987-05-05,Black,Not Hispanic or Latino,C
P03823,F,1983-12-30,Black,Hispanic or Latino,A
P03824,M,1991-10-30,Black,Not Hispanic or Latino,C
P03825,F,1985-02-27,Asian,Hispanic or Latino,B
P03826,F,1943-08-08,Native Hawaiian/Pacific Islander,Hispanic or Latino,B
P03827,M,1969-08-02,White,Not Hispanic or Latino,C
P03828,M,1964-01-03,American Indian/Alaska Native,Not Hispanic or Latino,A
P03829,M,1966-01-17,Native Hawaiian/Pacific Islander,Not Hispanic or Latino,A
P03830,M,1998-05-01,White,Not Hispanic or Latino,A
P03831,F,1942-04-29,Asian,Not Hispanic or Latino,A
P03832,M,1962-01-25,Black,Not Hispanic or Latino,A
P03833,M,1978-09-07,American Indian/Alaska Native,Not Hispanic or Latino,C
P03834,M,1957-09-08,Asian,Not Hispanic or Latino,C
P03835,M,1949-05-08,Native Hawaiian/Pacific Islander,Not Hispanic or Latino,C
P03836,F,1946-10-22,Native Hawaiian/Pacific Islander,Not Hispanic or Latino,B
P03837,F,1974-10-28,White,Not Hispanic or Latino,A
P03838,M,1963-01-27,White,Not Hispanic or Latino,C
P03839,F,1987-11-11,White,Not Hispanic or Latino,A
P03840,M,1944-01-18,Native Hawaiian/Pacific Islander,Not Hispanic or Latino,C
P03841,F,1959-12-16,Black,Not Hispanic or Latino,C
P03842,M,1996-12-16,American Indian/Alaska Native,Not Hispanic or Latino,C
P03843,F,1947-04-09,American Indian/Alaska Native,Not Hispanic or Latino,B
P03844,F,2001-06-06,Native Hawaiian/Pacific Islander,Not Hispanic or Latino,B
P03845,M,1952-04-15,Native Hawaiian/Pacific Islander,Not Hispanic or Latino,C
P03846,F,1991-11-29,White,Not Hispanic or Latino,C
P03847,M,1997-04-22,White,Not Hispanic or Latino,B
P03848,M,1964-08-06,Native Hawaiian/Pacific Islander,Not Hispanic or Latino,B
P03849,F,1978-11-30,Native Hawaiian/Pacific Islander,Not Hispanic or Latino,B
P03850,M,1995-11-29,Asian,Not Hispanic or Latino,A
P03851,F,1940-08-03,Black,Hispanic or Latino,B
P03852,F,1993-08-12,Native Hawaiian/Pacific Islander,Not Hispanic or Latino,A
P03853,F,2000-04-12,American Indian/Alaska Native,Not Hispanic or Latino,A
P03854,M,1986-07-27,American Indian/Alaska Native,Not Hispanic or Latino,B
P03855,F,1950-08-28,Native Hawaiian/Pacific Islander,Hispanic or Latino,C
P03856,M,1944-12-13,Asian,Not Hispanic or Latino,A
P03857,M,1956-01-26,White,Not Hispanic or Latino,B
P03858,F,1984-01-31,American Indian/Alaska Native,Not Hispanic or Latino,A
P03859,M,1951-01-10,Asian,Not Hispanic or Latino,B
P03860,M,1943-02-12,Asian,Hispanic or Latino,A
P03861,F,1963-02-12,American Indian/Alaska Native,Not Hispanic or Latino,C
P03862,F,2002-07-29,White,Not Hispanic or Latino,B
P03863,F,1966-09-03,Black,Hispanic or Latino,C
P03864,F,1991-02-14,Native Hawaiian/Pacific Islander,Not Hispanic or Latino,A
P03865,M,1986-06-24,American Indian/Alaska Native,Not Hispanic or Latino,C
P03866,F,1963-11-18,White,Not Hispanic or Latino,A
P03867,F,1973-02-21,White,Not Hispanic or Latino,C
P03868,F,1985-06-23,American Indian/Alaska Native,Hispanic or Latino,A
P03869,M,1941-03-24,Asian,Not Hispanic or Latino,A
P03870,M,1973-08-19,White,Not Hispanic or Latino,C
P03871,M,1968-07-25,Asian,Not Hispanic or Latino,C
P03872,M,1979-10-20,Native Hawaiian/Pacific Islander,Not Hispanic or Latino,A
P03873,F,1953-03-17,Native Hawaiian/Pacific Islander,Hispanic or Latino,C
P03874,F,1964-03-31,American Indian/Alaska Native,Not Hispanic or Latino,A
P03875,M,1993-12-06,American Indian/Alaska Native,Not Hispanic or Latino,C
P03876,F,1944-01-06,American Indian/Alaska Native,Hispanic or Latino,B
P03877,F,1950-04-18,American Indian/Alaska Native,Not Hispanic or Latino,A
P03878,F,1973-07-20,Black,Not Hispanic or Latino,C
P03879,F,1984-09-02,American Indian/Alaska Native,Not Hispanic or Latino,C
P03880,F,1972-01-24,Asian,Hispanic or Latino,A
P03881,F,1941-08-08,White,Not Hispanic or Latino,A
P03882,M,1973-09-22,American Indian/Alaska Native,Not Hispanic or Latino,A
P03883,M,1996-04-01,Asian,Not Hispanic or Latino,A
P03884,M,1996-01-30,American Indian/Alaska Native,Hispanic or Latino,C
P03885,M,1963-04-03,American Indian/Alaska Native,Not Hispanic or Latino,C
P03886,M,2001-08-29,Black,Not Hispanic or Latino,B
P03887,F,1969-06-17,White,Not Hispanic or Latino,B
P03888,M,1949-03-17,Native Hawaiian/Pacific Islander,Not Hispanic or Latino,A
P03889,M,1959-02-01,Native Hawaiian/Pacific Islander,Not Hispanic or Latino,C
P03890,M,1952-07-10,Black,Hispanic or Latino,C
P03891,F,1965-12-26,Native Hawaiian/Pacific Islander,Not Hispanic or Latino,B
P03892,F,1994-06-08,White,Not Hispanic or Latino,B
P03893,F,1976-08-01,Asian,Not Hispanic or Latino,B
P03894,F,1957-01-08,American Indian/Alaska Native,Not Hispanic or Latino,B
P03895,M,1987-06-16,American Indian/Alaska Native,Not Hispanic or Latino,A
P03896,F,1944-12-20,American Indian/Alaska Native,Not Hispanic or Latino,A
P03897,F,1946-08-08,American Indian/Alaska Native,Not Hispanic or Latino,B
P03898,M,2001-06-27,Native Hawaiian/Pacific Islander,Not Hispanic or Latino,B
P03899,F,1999-11-18,White,Not Hispanic or Latino,A
P03900,M,1961-07-25,American Indian/Alaska Native,Not Hispanic or Latino,B
P03901,M,1974-01-02,Native Hawaiian/Pacific Islander,Not Hispanic or Latino,C
P03902,F,1940-01-20,White,Not Hispanic or Latino,C
P03903,M,1963-11-19,Native Hawaiian/Pacific Islander,Not Hispanic or Latino,A
P03904,F,1979-03-10,Asian,Not Hispanic or Latino,B
P03905,F,1973-11-24,Native Hawaiian/Pacific Islander,Not Hispanic or Latino,B
P03906,M,1997-09-30,Asian,Not Hispanic or Latino,B
P03907,M,1947-01-22,Asian,Hispanic or Latino,A
P03908,F,1998-10-31,White,Not Hispanic or Latino,C
P03909,F,1962-03-15,Asian,Hispanic or Latino,A
P03910,M,1943-08-22,Asian,Not Hispanic or Latino,B
P03911,M,1944-07-30,White,Not Hispanic or Latino,B
P03912,M,1979-01-27,American Indian/Alaska Native,Not Hispanic or Latino,A
P03913,F,1982-10-12,American Indian/Alaska Native,Not Hispanic or Latino,B
P03914,M,2000-06-26,Black,Not Hispanic or Latino,A
P03915,M,1959-04-01,White,Hispanic or Latino,C
P03916,F,1977-05-18,Native Hawaiian/Pacific Islander,Not Hispanic or Latino,A
P03917,F,1959-07-20,Asian,Hispanic or Latino,A
P03918,F,1982-04-21,American Indian/Alaska Native,Not Hispanic or Latino,C
P03919,M,1974-10-21,Asian,Not Hispanic or Latino,A
P03920,F,1973-11-20,Asian,Not Hispanic or Latino,B
P03921,M,1954-06-23,White,Hispanic or Latino,A
P03922,M,1986-07-05,White,Not Hispanic or Latino,A
P03923,M,1994-11-07,Native Hawaiian/Pacific Islander,Not Hispanic or Latino,A
P03924,M,1990-09-29,Native Hawaiian/Pacific Islander,Not Hispanic or Latino,A
P03925,F,1982-08-01,White,Not Hispanic or Latino,C
P03926,F,1994-08-10,Asian,Not Hispanic or Latino,B
P03927,M,1965-07-17,American Indian/Alaska Native,Hispanic or Latino,A
P03928,M,1994-08-11,American Indian/Alaska Native,Not Hispanic or Latino,B
P03929,M,1951-01-24,Native Hawaiian/Pacific Islander,Hispanic or Latino,A
P03930,F,1973-04-14,Native Hawaiian/Pacific Islander,Not Hispanic or Latino,A
P03931,F,1988-12-26,Black,Not Hispanic or Latino,A
P03932,F,1984-02-01,Native Hawaiian/Pacific Islander,Not Hispanic or Latino,C
P03933,F,1993-04-29,American Indian/Alaska Native,Not Hispanic or Latino,A
P03934,F,1956-08-20,White,Not Hispanic or Latino,B
P03935,M,1947-03-07,Asian,Not Hispanic or Latino,A
P03936,F,1995-07-13,White,Not Hispanic or Latino,A
P03937,M,1950-04-16,American Indian/Alaska Native,Not Hispanic or Latino,B
P03938,F,1996-05-10,White,Not Hispanic or Latino,C
P03939,F,1946-08-09,Asian,Not Hispanic or Latino,A
P03940,M,2002-10-23,Asian,Not Hispanic or Latino,B
P03941,M,1994-03-14,White,Not Hispanic or Latino,A
P03942,M,1987-10-03,Asian,Not Hispanic or Latino,B
P03943,M,1988-03-15,White,Not Hispanic or Latino,C
P03944,F,2002-10-11,White,Not Hispanic or Latino,B
P03945,F,1986-05-06,White,Not Hispanic or Latino,B
P03946,F,1942-11-18,American Indian/Alaska Native,Not Hispanic or Latino,A
P03947,F,1979-05-13,American Indian/Alaska Native,Hispanic or Latino,B
P03948,F,1945-03-06,Native Hawaiian/Pacific Islander,Not Hispanic or Latino,C
P03949,F,1958-01-16,Native Hawaiian/Pacific Islander,Hispanic or Latino,A
P03950,M,1941-04-09,White,Hispanic or Latino,A
P03951,M,1962-03-31,White,Not Hispanic or Latino,C
P03952,M,1988-06-28,Asian,Not Hispanic or Latino,A
P03953,M,1945-01-16,American Indian/Alaska Native,Hispanic or Latino,B
P03954,M,1940-12-03,Native Hawaiian/Pacific Islander,Not Hispanic or Latino,C
P03955,F,1962-10-31,White,Not Hispanic or Latino,B
P03956,M,1978-11-09,American Indian/Alaska Native,Not Hispanic or Latino,C
P03957,M,1969-11-30,Black,Not Hispanic or Latino,B
P03958,F,1967-11-26,Asian,Not Hispanic or Latino,B
P03959,F,1950-06-20,Black,Not Hispanic or Latino,B
P03960,F,1971-12-23,Black,Hispanic or Latino,C
P03961,M,1979-07-10,Black,Not Hispanic or Latino,C
P03962,F,1944-02-20,American Indian/Alaska Native,Not Hispanic or Latino,B
P03963,M,1950-03-27,White,Hispanic or Latino,B
P03964,M,1964-03-06,Native Hawaiian/Pacific Islander,Not Hispanic or Latino,B
P03965,F,1957-01-18,Asian,Not Hispanic or Latino,B
P03966,F,1941-10-29,American Indian/Alaska Native,Not Hispanic or Latino,A
P03967,F,1952-01-19,Black,Not Hispanic or Latino,C
P03968,M,1990-05-01,Black,Not Hispanic or Latino,B
P03969,M,1951-12-19,American Indian/Alaska Native,Not Hispanic or Latino,A
P03970,M,1986-08-08,Black,Not Hispanic or Latino,C
P03971,M,1994-02-20,Black,Not Hispanic or Latino,B
P03972,F,1998-06-03,Asian,Not Hispanic or Latino,B
P03973,M,1950-04-24,Asian,Hispanic or Latino,B
P03974,M,1980-07-26,Native Hawaiian/Pacific Islander,Hispanic or Latino,A
P03975,M,1944-08-06,White,Hispanic or Latino,A
P03976,M,1964-02-17,Native Hawaiian/Pacific Islander,Not Hispanic or Latino,B
P03977,M,1988-06-19,American Indian/Alaska Native,Not Hispanic or Latino,B
P03978,F,1986-05-21,Asian,Not Hispanic or Latino,A
P03979,M,1949-02-19,American Indian/Alaska Native,Not Hispanic or Latino,A
P03980,F,1979-04-17,Black,Not Hispanic or Latino,A
P03981,F,1947-02-19,White,Not Hispanic or Latino,B
P03982,F,1943-07-10,Asian,Hispanic or Latino,A
P03983,F,1989-04-19,American Indian/Alaska Native,Not Hispanic or Latino,B
P03984,F,1966-03-21,Asian,Not Hispanic or Latino,C
P03985,M,1959-04-02,White,Hispanic or Latino,A
P03986,F,1989-05-22,American Indian/Alaska Native,Not Hispanic or Latino,C
P03987,M,1973-01-14,Native Hawaiian/Pacific Islander,Not Hispanic or Latino,A
P03988,M,1995-11-27,Black,Not Hispanic or Latino,B
P03989,F,1984-12-02,White,Not Hispanic or Latino,B
P03990,M,1967-11-01,American Indian/Alaska Native,Not Hispanic or Latino,B
P03991,F,1974-12-18,American Indian/Alaska Native,Not Hispanic or Latino,C
P03992,F,2002-06-04,Native Hawaiian/Pacific Islander,Not Hispanic or Latino,B
P03993,M,1983-03-04,Asian,Not Hispanic or Latino,B
P03994,M,1975-09-20,Native Hawaiian/Pacific Islander,Hispanic or Latino,C
P03995,M,1984-04-14,American Indian/Alaska Native,Not Hispanic or Latino,A
P03996,M,1954-12-05,Asian,Not Hispanic or Latino,B
P03997,M,1998-12-16,White,Not Hispanic or Latino,C
P03998,M,1981-08-05,Native Hawaiian/Pacific Islander,Not Hispanic or Latino,B
P03999,F,1974-04-28,White,Not Hispanic or Latino,C
P04000,F,1998-11-20,Native Hawaiian/Pacific Islander,Not Hispanic or Latino,B
P04001,M,1973-09-29,Native Hawaiian/Pacific Islander,Not Hispanic or Latino,A
P04002,F,1964-09-13,American Indian/Alaska Native,Not Hispanic or Latino,B
P04003,M,1949-08-29,White,Not Hispanic or Latino,A
P04004,F,1983-12-18,Native Hawaiian/Pacific Islander,Not Hispanic or Latino,A
P04005,M,1955-05-31,Asian,Hispanic or Latino,C
P04006,F,1985-10-12,Asian,Not Hispanic or Latino,A
P04007,F,1943-08-28,Black,Not Hispanic or Latino,B
P04008,M,1948-08-23,Native Hawaiian/Pacific Islander,Not Hispanic or Latino,A
P04009,M,1947-07-05,Native Hawaiian/Pacific Islander,Not Hispanic or Latino,B
P04010,F,1949-03-17,American Indian/Alaska Native,Not Hispanic or Latino,C
P04011,F,1965-07-23,Asian,Not Hispanic or Latino,A
P04012,F,1946-10-10,American Indian/Alaska Native,Not Hispanic or Latino,C
P04013,F,1947-04-01,White,Not Hispanic or Latino,B
P04014,F,1983-12-29,White,Not Hispanic or Latino,C
P04015,M,1986-05-08,Asian,Not Hispanic or Latino,C
P04016,M,1964-04-02,Black,Not Hispanic or Latino,B
P04017,M,1971-07-17,Black,Not Hispanic or Latino,C
P04018,M,1999-01-11,Native Hawaiian/Pacific Islander,Not Hispanic or Latino,A
P04019,F,1969-05-10,Native Hawaiian/Pacific Islander,Not Hispanic or Latino,B
P04020,F,1973-08-05,Black,Not Hispanic or Latino,C
P04021,F,1975-06-02,Asian,Not Hispanic or Latino,B
P04022,F,1971-07-06,Asian,Hispanic or Latino,B
P04023,F,1976-08-17,Asian,Not Hispanic or Latino,A
P04024,F,1967-07-19,Black,Not Hispanic or Latino,B
P04025,M,1999-08-25,White,Not Hispanic or Latino,C
P04026,F,1954-01-07,Asian,Not Hispanic or Latino,A
P04027,F,1940-02-09,White,Not Hispanic or Latino,C
P04028,M,1988-10-01,Black,Hispanic or Latino,A
P04029,M,1989-09-13,American Indian/Alaska Native,Hispanic or Latino,B
P04030,M,1948-09-09,American Indian/Alaska Native,Not Hispanic or Latino,B
P04031,F,1962-10-13,White,Not Hispanic or Latino,C
P04032,F,1968-05-17,Native Hawaiian/Pacific Islander,Not Hispanic or Latino,C
P04033,M,1946-01-30,Black,Not Hispanic or Latino,C
P04034,F,1965-03-28,American Indian/Alaska Native,Not Hispanic or Latino,A
P04035,M,1995-10-28,Asian,Hispanic or Latino,C
P04036,F,2001-05-14,Asian,Not Hispanic or Latino,A
P04037,M,1950-09-24,White,Hispanic or Latino,A
P04038,M,1957-07-12,Black,Not Hispanic or Latino,A
P04039,M,1985-11-15,Black,Not Hispanic or Latino,B
P04040,F,1964-12-17,White,Hispanic or Latino,A
P04041,M,1968-10-04,American Indian/Alaska Native,Not Hispanic or Latino,A
P04042,F,1966-03-31,White,Not Hispanic or Latino,C
P04043,M,1974-05-12,White,Not Hispanic or Latino,C
P04044,F,1946-12-31,American Indian/Alaska Native,Not Hispanic or Latino,A
P04045,M,1943-04-23,Black,Not Hispanic or Latino,C
P04046,F,1993-09-03,Native Hawaiian/Pacific Islander,Not Hispanic or Latino,A
P04047,M,1973-01-22,Black,Not Hispanic or Latino,A
P04048,F,1953-11-29,White,Not Hispanic or Latino,C
P04049,F,2000-01-18,Native Hawaiian/Pacific Islander,Not Hispanic or Latino,A
P04050,M,1946-06-14,Native Hawaiian/Pacific Islander,Not Hispanic or Latino,B
P04051,F,1986-12-28,White,Not Hispanic or Latino,A
P04052,F,1995-09-28,American Indian/Alaska Native,Hispanic or Latino,A
P04053,M,1978-12-20,Native Hawaiian/Pacific Islander,Not Hispanic or Latino,B
P04054,M,1995-01-18,Black,Not Hispanic or Latino,B
P04055,F,1941-08-01,Native Hawaiian/Pacific Islander,Not Hispanic or Latino,C
P04056,M,1993-04-15,Asian,Not Hispanic or Latino,A
P04057,M,1948-06-18,Black,Not Hispanic or Latino,A
P04058,M,2002-08-24,White,Hispanic or Latino,B
P04059,F,2000-09-27,Black,Not Hispanic or Latino,A
P04060,M,1943-06-07,White,Not Hispanic or Latino,A
P04061,M,1981-04-20,Black,Not Hispanic or Latino,A
P04062,M,1994-03-15,Black,Not Hispanic or Latino,C
P04063,F,1993-09-19,Black,Not Hispanic or Latino,B
P04064,F,1999-04-13,American Indian/Alaska Native,Not Hispanic or Latino,C
P04065,M,1965-11-17,American Indian/Alaska Native,Not Hispanic or Latino,A
P04066,F,1996-01-25,White,Hispanic or Latino,C
P04067,M,1998-05-13,White,Not Hispanic or Latino,B
P04068,M,1959-06-26,Black,Not Hispanic or Latino,C
P04069,M,1948-02-08,Native Hawaiian/Pacific Islander,Not Hispanic or Latino,A
P04070,M,2001-09-02,Native Hawaiian/Pacific Islander,Not Hispanic or Latino,B
P04071,M,1979-10-18,White,Hispanic or Latino,A
P04072,F,1954-11-20,White,Not Hispanic or Latino,C
P04073,M,1984-02-08,American Indian/Alaska Native,Not Hispanic or Latino,B
P04074,M,1992-05-16,White,Not Hispanic or Latino,B
P04075,M,1945-05-23,White,Hispanic or Latino,B
P04076,F,1973-02-13,Asian,Hispanic or Latino,C
P04077,F,1972-12-08,Black,Not Hispanic or Latino,C
P04078,M,1961-05-04,Native Hawaiian/Pacific Islander,Hispanic or Latino,B
P04079,F,1960-12-22,White,Hispanic or Latino,B
P04080,M,1982-04-23,American Indian/Alaska Native,Not Hispanic or Latino,A
P04081,M,1995-09-23,American Indian/Alaska Native,Not Hispanic or Latino,B
P04082,M,1957-11-19,American Indian/Alaska Native,Not Hispanic or Latino,B
P04083,M,1992-01-15,Asian,Not Hispanic or Latino,C
P04084,M,2002-07-10,Native Hawaiian/Pacific Islander,Hispanic or Latino,B
P04085,F,1968-11-16,White,Hispanic or Latino,A
P04086,M,1952-04-25,Asian,Not Hispanic or Latino,B
P04087,F,1940-10-03,American Indian/Alaska Native,Hispanic or Latino,A
P04088,M,1957-07-15,White,Hispanic or Latino,B
P04089,F,1958-03-01,American Indian/Alaska Native,Not Hispanic or Latino,A
P04090,F,1990-01-15,White,Not Hispanic or Latino,B
P04091,F,1944-09-13,Asian,Not Hispanic or Latino,A
P04092,M,1949-06-23,American Indian/Alaska Native,Not Hispanic or Latino,A
P04093,M,1942-09-23,Asian,Not Hispanic or Latino,A
P04094,F,1960-04-08,White,Not Hispanic or Latino,B
P04095,F,1955-07-07,White,Hispanic or Latino,A
P04096,F,1950-05-03,Native Hawaiian/Pacific Islander,Not Hispanic or Latino,B
P04097,M,1989-06-21,American Indian/Alaska Native,Not Hispanic or Latino,B
P04098,F,1994-02-21,White,Not Hispanic or Latino,B
P04099,F,1949-01-24,Asian,Hispanic or Latino,A
P04100,F,1995-11-24,Black,Hispanic or Latino,B
P04101,F,1961-09-16,Asian,Not Hispanic or Latino,B
P04102,F,1981-12-13,Native Hawaiian/Pacific Islander,Hispanic or Latino,B
P04103,F,1996-09-28,Asian,Not Hispanic or Latino,A
P04104,F,1996-12-27,White,Not Hispanic or Latino,C
P04105,F,1959-11-26,American Indian/Alaska Native,Hispanic or Latino,A
P04106,M,1977-04-21,Black,Hispanic or Latino,A
P04107,F,1944-02-21,Asian,Hispanic or Latino,C
P04108,F,1982-05-11,White,Not Hispanic or Latino,C
P04109,M,1960-11-29,Native Hawaiian/Pacific Islander,Hispanic or Latino,A
P04110,F,1948-10-16,Black,Not Hispanic or Latino,B
P04111,M,1997-03-21,Native Hawaiian/Pacific Islander,Not Hispanic or Latino,C
P04112,F,1949-03-01,American Indian/Alaska Native,Not Hispanic or Latino,A
P04113,F,1988-08-05,Native Hawaiian/Pacific Islander,Not Hispanic or Latino,C
P04114,M,1967-06-19,Asian,Hispanic or Latino,C
P04115,F,1993-06-07,White,Hispanic or Latino,B
P04116,M,1961-07-07,Black,Not Hispanic or Latino,A
P04117,F,1994-09-17,Asian,Not Hispanic or Latino,B
P04118,M,1998-06-05,Black,Hispanic or Latino,A
P04119,M,1949-09-01,American Indian/Alaska Native,Not Hispanic or Latino,A
P04120,F,1997-05-19,Asian,Not Hispanic or Latino,B
P04121,M,1940-04-11,Native Hawaiian/Pacific Islander,Not Hispanic or Latino,A
P04122,F,1971-07-04,Black,Not Hispanic or Latino,A
P04123,M,1962-11-07,Native Hawaiian/Pacific Islander,Not Hispanic or Latino,C
P04124,M,1964-01-04,White,Not Hispanic or Latino,C
P04125,M,1999-04-10,Black,Not Hispanic or Latino,B
P04126,M,1945-10-12,Asian,Hispanic or Latino,C
P04127,M,1960-02-18,Asian,Not Hispanic or Latino,A
P04128,M,1984-09-19,Asian,Not Hispanic or Latino,A
P04129,F,1965-10-13,White,Not Hispanic or Latino,C
P04130,F,1996-04-12,American Indian/Alaska Native,Not Hispanic or Latino,B
P04131,F,1988-04-24,White,Not Hispanic or Latino,C
P04132,M,1982-01-06,Asian,Not Hispanic or Latino,A
P04133,M,1949-05-21,Black,Not Hispanic or Latino,C
P04134,F,1991-06-12,American Indian/Alaska Native,Not Hispanic or Latino,A
P04135,F,1973-11-08,Native Hawaiian/Pacific Islander,Not Hispanic or Latino,A
P04136,F,1985-04-24,American Indian/Alaska Native,Not Hispanic or Latino,C
P04137,F,1985-08-24,American Indian/Alaska Native,Not Hispanic or Latino,A
P04138,M,1997-01-15,Asian,Not Hispanic or Latino,A
P04139,M,1958-04-13,White,Not Hispanic or Latino,C
P04140,F,1986-12-11,Native Hawaiian/Pacific Islander,Not Hispanic or Latino,B
P04141,F,1950-08-14,American Indian/Alaska Native,Hispanic or Latino,C
P04142,M,1941-05-02,Black,Hispanic or Latino,B
P04143,F,1994-11-02,Asian,Not Hispanic or Latino,B
P04144,M,1971-03-26,White,Not Hispanic or Latino,C
P04145,F,1992-11-28,White,Hispanic or Latino,A
P04146,F,1975-10-08,American Indian/Alaska Native,Hispanic or Latino,A
P04147,F,1949-03-19,Asian,Not Hispanic or Latino,C
P04148,M,2000-10-18,White,Not Hispanic or Latino,C
P04149,M,1961-10-17,Asian,Not Hispanic or Latino,C
P04150,F,1966-01-20,Asian,Hispanic or Latino,A
P04151,M,1977-01-03,White,Not Hispanic or Latino,A
P04152,M,1960-12-13,Asian,Not Hispanic or Latino,B
P04153,M,1999-10-16,White,Not Hispanic or Latino,A
P04154,M,1961-08-09,Asian,Not Hispanic or Latino,B
P04155,M,1980-05-11,Native Hawaiian/Pacific Islander,Not Hispanic or Latino,B
P04156,F,1960-09-10,American Indian/Alaska Native,Not Hispanic or Latino,B
P04157,M,1982-11-24,Black,Not Hispanic or Latino,C
P04158,M,1942-03-04,Native Hawaiian/Pacific Islander,Not Hispanic or Latino,C
P04159,F,1996-10-08,American Indian/Alaska Native,Not Hispanic or Latino,B
P04160,M,1968-07-05,Asian,Not Hispanic or Latino,A
P04161,M,1978-05-11,White,Not Hispanic or Latino,B
P04162,M,1951-09-15,American Indian/Alaska Native,Not Hispanic or Latino,A
P04163,M,1983-06-29,Asian,Not Hispanic or Latino,A
P04164,F,1987-06-05,American Indian/Alaska Native,Not Hispanic or Latino,A
P04165,M,1963-03-17,American Indian/Alaska Native,Not Hispanic or Latino,B
P04166,M,1997-07-19,Asian,Not Hispanic or Latino,A
P04167,M,1993-06-23,American Indian/Alaska Native,Not Hispanic or Latino,B
P04168,F,1944-08-30,Black,Not Hispanic or Latino,B
P04169,M,1977-08-14,American Indian/Alaska Native,Not Hispanic or Latino,A
P04170,F,1975-11-17,Black,Not Hispanic or Latino,B
P04171,F,1995-07-28,Native Hawaiian/Pacific Islander,Hispanic or Latino,A
P04172,F,1956-04-05,American Indian/Alaska Native,Not Hispanic or Latino,A
P04173,M,1959-11-25,White,Hispanic or Latino,C
P04174,F,1960-03-23,American Indian/Alaska Native,Not Hispanic or Latino,C
P04175,F,2002-03-21,American Indian/Alaska Native,Not Hispanic or Latino,B
P04176,M,1985-08-05,Asian,Not Hispanic or Latino,A
P04177,M,1984-06-01,American Indian/Alaska Native,Not Hispanic or Latino,A
P04178,F,1955-08-12,Native Hawaiian/Pacific Islander,Not Hispanic or Latino,A
P04179,M,1962-12-02,Native Hawaiian/Pacific Islander,Not Hispanic or Latino,C
P04180,M,2000-09-20,White,Not Hispanic or Latino,B
P04181,F,2001-09-13,White,Not Hispanic or Latino,C
P04182,F,1990-04-10,American Indian/Alaska Native,Not Hispanic or Latino,A
P04183,M,1944-01-28,Native Hawaiian/Pacific Islander,Not Hispanic or Latino,C
P04184,F,1971-11-02,White,Not Hispanic or Latino,B
P04185,F,1961-12-18,American Indian/Alaska Native,Not Hispanic or Latino,A
P04186,M,1981-09-01,American Indian/Alaska Native,Not Hispanic or Latino,A
P04187,M,1962-05-24,Black,Hispanic or Latino,B
P04188,F,1968-08-25,Black,Not Hispanic or Latino,A
P04189,F,2001-07-10,Asian,Hispanic or Latino,A
P04190,F,1983-11-07,American Indian/Alaska Native,Hispanic or Latino,B
P04191,F,1997-05-10,Black,Not Hispanic or Latino,A
P04192,M,1974-11-29,Asian,Hispanic or Latino,C
P04193,F,1995-08-04,White,Not Hispanic or Latino,A
P04194,M,1950-10-19,White,Not Hispanic or Latino,A
P04195,F,1969-12-08,Asian,Not Hispanic or Latino,B
P04196,F,1972-06-13,Black,Not Hispanic or Latino,C
P04197,F,1945-07-13,American Indian/Alaska Native,Not Hispanic or Latino,C
P04198,M,1975-04-30,Native Hawaiian/Pacific Islander,Not Hispanic or Latino,B
P04199,M,1970-07-19,Asian,Hispanic or Latino,C
P04200,M,1997-06-19,American Indian/Alaska Native,Not Hispanic or Latino,A
P04201,F,1995-08-01,Black,Not Hispanic or Latino,B
P04202,F,1984-08-20,White,Not Hispanic or Latino,B
P04203,M,1950-10-30,Native Hawaiian/Pacific Islander,Not Hispanic or Latino,C
P04204,F,1941-06-29,Native Hawaiian/Pacific Islander,Not Hispanic or Latino,B
P04205,M,1980-07-18,White,Not Hispanic or Latino,A
P04206,F,1948-10-02,Black,Hispanic or Latino,A
P04207,M,1962-09-06,White,Not Hispanic or Latino,A
P04208,M,1963-09-06,Black,Not Hispanic or Latino,B
P04209,M,1994-06-12,Black,Not Hispanic or Latino,A
P04210,F,1968-03-18,Asian,Not Hispanic or Latino,C
P04211,F,1953-01-04,Black,Not Hispanic or Latino,B
P04212,F,1991-08-23,American Indian/Alaska Native,Not Hispanic or Latino,A
P04213,M,1957-07-27,Black,Not Hispanic or Latino,C
P04214,M,1945-04-17,White,Not Hispanic or Latino,A
P04215,F,1988-04-01,American Indian/Alaska Native,Not Hispanic or Latino,B
P04216,M,1950-04-29,American Indian/Alaska Native,Hispanic or Latino,A
P04217,M,1967-11-11,Asian,Not Hispanic or Latino,B
P04218,F,1986-01-11,American Indian/Alaska Native,Hispanic or Latino,C
P04219,M,1989-02-16,Black,Not Hispanic or Latino,C
P04220,F,1994-10-07,Native Hawaiian/Pacific Islander,Not Hispanic or Latino,C
P04221,F,1979-08-14,White,Hispanic or Latino,A
P04222,F,1973-01-23,Asian,Not Hispanic or Latino,A
P04223,M,1965-10-18,Black,Not Hispanic or Latino,B
P04224,M,1942-02-15,American Indian/Alaska Native,Not Hispanic or Latino,A
P04225,F,1975-08-29,Native Hawaiian/Pacific Islander,Not Hispanic or Latino,A
P04226,F,1944-07-28,Black,Hispanic or Latino,B
P04227,F,1993-02-28,Native Hawaiian/Pacific Islander,Not Hispanic or Latino,A
P04228,F,1966-09-26,American Indian/Alaska Native,Not Hispanic or Latino,B
P04229,F,1995-08-24,American Indian/Alaska Native,Not Hispanic or Latino,B
P04230,M,1997-11-22,Native Hawaiian/Pacific Islander,Hispanic or Latino,B
P04231,F,1942-02-22,Black,Not Hispanic or Latino,A
P04232,M,2001-02-07,American Indian/Alaska Native,Not Hispanic or Latino,B
P04233,M,1978-11-12,Black,Not Hispanic or Latino,C
P04234,M,1987-01-09,White,Not Hispanic or Latino,C
P04235,M,1973-03-05,Black,Not Hispanic or Latino,A
P04236,M,1973-11-26,Black,Hispanic or Latino,C
P04237,M,1940-12-02,Black,Not Hispanic or Latino,C
P04238,F,1955-03-20,Asian,Not Hispanic or Latino,C
P04239,F,1970-09-27,Asian,Not Hispanic or Latino,C
P04240,M,1981-04-02,American Indian/Alaska Native,Not Hispanic or Latino,A
P04241,M,1965-08-28,Black,Hispanic or Latino,C
P04242,F,1979-02-13,American Indian/Alaska Native,Hispanic or Latino,A
P04243,M,1951-06-01,Black,Not Hispanic or Latino,A
P04244,F,1980-10-07,Native Hawaiian/Pacific Islander,Not Hispanic or Latino,A
P04245,F,1961-08-18,Native Hawaiian/Pacific Islander,Not Hispanic or Latino,B
P04246,M,1989-02-17,American Indian/Alaska Native,Not Hispanic or Latino,C
P04247,M,1975-06-09,White,Not Hispanic or Latino,B
P04248,F,1978-08-29,White,Not Hispanic or Latino,C
P04249,M,1949-07-10,White,Not Hispanic or Latino,C
P04250,M,1999-05-09,Native Hawaiian/Pacific Islander,Not Hispanic or Latino,B
P04251,M,1974-12-19,Native Hawaiian/Pacific Islander,Not Hispanic or Latino,A
P04252,F,1989-11-03,Asian,Not Hispanic or Latino,B
P04253,M,1987-07-17,Native Hawaiian/Pacific Islander,Not Hispanic or Latino,A
P04254,F,1957-08-02,Asian,Hispanic or Latino,B
P04255,F,1964-02-11,Black,Not Hispanic or Latino,C
P04256,M,1998-03-24,Black,Not Hispanic or Latino,B
P04257,M,1949-08-25,Black,Hispanic or Latino,C
P04258,F,1946-04-23,Black,Not Hispanic or Latino,C
P04259,F,1966-02-04,Black,Not Hispanic or Latino,B
P04260,F,1970-07-16,Native Hawaiian/Pacific Islander,Hispanic or Latino,B
P04261,F,1982-03-31,Native Hawaiian/Pacific Islander,Not Hispanic or Latino,B
P04262,F,1963-07-15,American Indian/Alaska Native,Not Hispanic or Latino,C
P04263,F,1962-08-25,American Indian/Alaska Native,Not Hispanic or Latino,A
P04264,F,1968-03-21,White,Not Hispanic or Latino,A
P04265,F,1983-11-12,Native Hawaiian/Pacific Islander,Not Hispanic or Latino,C
P04266,M,1982-01-20,American Indian/Alaska Native,Not Hispanic or Latino,A
P04267,F,1940-04-11,American Indian/Alaska Native,Not Hispanic or Latino,A
P04268,F,1945-11-09,Native Hawaiian/Pacific Islander,Not Hispanic or Latino,B
P04269,M,1949-03-24,American Indian/Alaska Native,Not Hispanic or Latino,A
P04270,M,1987-04-30,White,Not Hispanic or Latino,B
P04271,F,1981-10-23,White,Not Hispanic or Latino,C
P04272,F,1950-11-01,Asian,Not Hispanic or Latino,C
P04273,F,1972-05-25,Native Hawaiian/Pacific Islander,Not Hispanic or Latino,B
P04274,F,1987-04-23,Native Hawaiian/Pacific Islander,Not Hispanic or Latino,C
P04275,M,1990-11-02,Asian,Hispanic or Latino,B
P04276,F,1987-03-13,White,Not Hispanic or Latino,A
P04277,M,1973-05-14,White,Not Hispanic or Latino,C
P04278,F,1962-03-25,American Indian/Alaska Native,Not Hispanic or Latino,A
P04279,F,1981-03-05,White,Not Hispanic or Latino,A
P04280,M,1988-02-22,White,Hispanic or Latino,C
P04281,M,1946-12-26,Black,Hispanic or Latino,A
P04282,M,1983-11-07,American Indian/Alaska Native,Not Hispanic or Latino,A
P04283,F,1965-12-21,Black,Not Hispanic or Latino,A
P04284,F,1966-07-08,White,Not Hispanic or Latino,C
P04285,F,1965-12-23,Black,Hispanic or Latino,C
P04286,M,1986-05-21,Black,Not Hispanic or Latino,A
P04287,F,1965-09-18,Asian,Not Hispanic or Latino,C
P04288,F,1966-08-12,Native Hawaiian/Pacific Islander,Not Hispanic or Latino,B
P04289,F,1985-11-20,American Indian/Alaska Native,Not Hispanic or Latino,B
P04290,F,1945-03-10,Black,Not Hispanic or Latino,A
P04291,M,1960-04-21,American Indian/Alaska Native,Not Hispanic or Latino,A
P04292,M,1977-01-28,Black,Hispanic or Latino,C
P04293,M,1967-01-31,Black,Not Hispanic or Latino,A
P04294,F,1972-06-16,American Indian/Alaska Native,Not Hispanic or Latino,A
P04295,M,1968-10-23,Native Hawaiian/Pacific Islander,Not Hispanic or Latino,A
P04296,F,1965-09-22,Black,Not Hispanic or Latino,C
P04297,F,1947-06-03,American Indian/Alaska Native,Not Hispanic or Latino,A
P04298,M,1972-10-29,Native Hawaiian/Pacific Islander,Not Hispanic or Latino,B
P04299,F,1996-08-18,Asian,Not Hispanic or Latino,C
P04300,M,1992-02-17,Black,Not Hispanic or Latino,C
P04301,M,1983-10-18,Asian,Not Hispanic or Latino,C
P04302,M,1951-11-30,American Indian/Alaska Native,Hispanic or Latino,B
P04303,F,1951-01-23,American Indian/Alaska Native,Not Hispanic or Latino,C
P04304,M,1957-02-07,Black,Not Hispanic or Latino,B
P04305,M,1943-01-04,Asian,Not Hispanic or Latino,C
P04306,F,1942-02-10,Native Hawaiian/Pacific Islander,Not Hispanic or Latino,B
P04307,M,1962-11-19,Black,Not Hispanic or Latino,C
P04308,F,1967-11-20,White,Not Hispanic or Latino,A
P04309,M,1943-03-22,Asian,Not Hispanic or Latino,C
P04310,F,1946-08-29,Asian,Hispanic or Latino,C
P04311,M,1943-07-27,White,Not Hispanic or Latino,C
P04312,F,1940-09-03,Asian,Hispanic or Latino,A
P04313,F,1955-11-19,American Indian/Alaska Native,Hispanic or Latino,A
P04314,F,1969-06-16,Asian,Not Hispanic or Latino,A
P04315,F,1988-07-23,White,Not Hispanic or Latino,C
P04316,M,1999-06-30,Black,Not Hispanic or Latino,B
P04317,M,1955-02-13,Black,Hispanic or Latino,B
P04318,M,1986-04-14,American Indian/Alaska Native,Not Hispanic or Latino,B
P04319,M,1999-05-03,White,Not Hispanic or Latino,C
P04320,F,1961-11-01,American Indian/Alaska Native,Not Hispanic or Latino,C
P04321,M,1959-01-04,Black,Not Hispanic or Latino,C
P04322,M,1954-10-01,Asian,Hispanic or Latino,C
P04323,F,1993-02-02,White,Hispanic or Latino,B
P04324,M,1991-02-19,Black,Not Hispanic or Latino,B
P04325,M,1948-10-17,Black,Not Hispanic or Latino,C
P04326,F,1983-11-21,Asian,Not Hispanic or Latino,C
P04327,M,2002-12-09,Black,Not Hispanic or Latino,A
P04328,M,1988-10-17,Black,Not Hispanic or Latino,B
P04329,M,1952-07-10,Native Hawaiian/Pacific Islander,Not Hispanic or Latino,C
P04330,F,1947-05-21,Native Hawaiian/Pacific Islander,Not Hispanic or Latino,A
P04331,F,1999-06-28,Native Hawaiian/Pacific Islander,Not Hispanic or Latino,A
P04332,F,1968-12-20,Asian,Hispanic or Latino,B
P04333,M,1967-07-30,Black,Not Hispanic or Latino,A
P04334,F,1988-12-26,Native Hawaiian/Pacific Islander,Not Hispanic or Latino,A
P04335,F,1941-03-18,American Indian/Alaska Native,Hispanic or Latino,C
P04336,F,1970-08-11,Native Hawaiian/Pacific Islander,Hispanic or Latino,A
P04337,M,1943-06-14,Asian,Not Hispanic or Latino,A
P04338,F,1970-05-22,Native Hawaiian/Pacific Islander,Not Hispanic or Latino,B
P04339,M,1992-09-17,White,Hispanic or Latino,B
P04340,F,1985-01-12,Native Hawaiian/Pacific Islander,Hispanic or Latino,A
P04341,F,1997-07-10,White,Hispanic or Latino,A
P04342,F,1949-04-17,White,Hispanic or Latino,A
P04343,F,1985-04-17,American Indian/Alaska Native,Hispanic or Latino,A
P04344,F,1998-02-18,Asian,Not Hispanic or Latino,A
P04345,M,1986-05-12,White,Not Hispanic or Latino,C
P04346,M,1970-04-13,Native Hawaiian/Pacific Islander,Not Hispanic or Latino,A
P04347,F,1947-12-09,American Indian/Alaska Native,Not Hispanic or Latino,A
P04348,M,1957-05-19,Black,Hispanic or Latino,C
P04349,M,1956-10-12,Native Hawaiian/Pacific Islander,Not Hispanic or Latino,A
P04350,M,1992-04-04,White,Not Hispanic or Latino,A
P04351,F,1942-10-28,Black,Not Hispanic or Latino,B
P04352,F,1967-11-10,White,Not Hispanic or Latino,C
P04353,F,1946-02-12,Native Hawaiian/Pacific Islander,Not Hispanic or Latino,C
P04354,M,1998-07-10,Black,Not Hispanic or Latino,A
P04355,F,1944-01-21,White,Hispanic or Latino,C
P04356,F,1989-11-13,Asian,Not Hispanic or Latino,A
P04357,M,1940-06-22,Black,Not Hispanic or Latino,A
P04358,M,1966-03-12,Native Hawaiian/Pacific Islander,Not Hispanic or Latino,A
P04359,F,1981-03-10,White,Not Hispanic or Latino,B
P04360,F,1983-05-14,American Indian/Alaska Native,Not Hispanic or Latino,A
P04361,F,1976-05-18,Native Hawaiian/Pacific Islander,Not Hispanic or Latino,A
P04362,F,1997-01-22,Black,Not Hispanic or Latino,A
P04363,F,1974-03-12,Native Hawaiian/Pacific Islander,Not Hispanic or Latino,B
P04364,F,1983-01-21,White,Not Hispanic or Latino,B
P04365,F,1962-12-10,American Indian/Alaska Native,Not Hispanic or Latino,A
P04366,M,1969-07-03,Black,Hispanic or Latino,A
P04367,M,1996-02-09,American Indian/Alaska Native,Not Hispanic or Latino,B
P04368,F,1953-04-20,White,Not Hispanic or Latino,B
P04369,M,1958-05-15,American Indian/Alaska Native,Not Hispanic or Latino,B
P04370,F,1966-11-26,Black,Not Hispanic or Latino,C
P04371,F,1979-08-10,American Indian/Alaska Native,Not Hispanic or Latino,A
P04372,M,1945-10-02,White,Not Hispanic or Latino,C
P04373,M,1996-04-23,American Indian/Alaska Native,Hispanic or Latino,A
P04374,F,1983-09-10,White,Not Hispanic or Latino,C
P04375,F,1963-04-16,Black,Not Hispanic or Latino,C
P04376,F,1963-12-29,Black,Not Hispanic or Latino,C
P04377,M,1947-10-25,Asian,Not Hispanic or Latino,A
P04378,M,1980-03-08,American Indian/Alaska Native,Not Hispanic or Latino,B
P04379,M,1952-05-13,Native Hawaiian/Pacific Islander,Not Hispanic or Latino,A
P04380,F,1953-07-30,Black,Not Hispanic or Latino,B
P04381,F,1960-07-18,White,Not Hispanic or Latino,C
P04382,F,1947-12-22,American Indian/Alaska Native,Not Hispanic or Latino,B
P04383,F,1955-01-20,Native Hawaiian/Pacific Islander,Not Hispanic or Latino,C
P04384,F,1965-07-04,Asian,Not Hispanic or Latino,A
P04385,M,1996-05-28,Native Hawaiian/Pacific Islander,Not Hispanic or Latino,A
P04386,M,1957-12-03,Black,Not Hispanic or Latino,A
P04387,F,1962-03-11,Asian,Not Hispanic or Latino,A
P04388,M,1954-04-27,Black,Not Hispanic or Latino,B
P04389,F,1988-06-08,Native Hawaiian/Pacific Islander,Not Hispanic or Latino,B
P04390,F,1991-12-31,Native Hawaiian/Pacific Islander,Not Hispanic or Latino,B
P04391,M,1949-08-18,Native Hawaiian/Pacific Islander,Not Hispanic or Latino,B
P04392,F,1948-06-29,White,Not Hispanic or Latino,B
P04393,M,1941-09-19,Asian,Not Hispanic or Latino,A
P04394,M,1973-05-03,American Indian/Alaska Native,Not Hispanic or Latino,A
P04395,F,1997-11-20,Native Hawaiian/Pacific Islander,Not Hispanic or Latino,A
P04396,F,1960-04-14,American Indian/Alaska Native,Hispanic or Latino,B
P04397,F,1950-11-04,White,Not Hispanic or Latino,A
P04398,F,1955-06-07,Native Hawaiian/Pacific Islander,Not Hispanic or Latino,C
P04399,M,1950-09-26,Black,Not Hispanic or Latino,C
P04400,F,1983-01-18,American Indian/Alaska Native,Not Hispanic or Latino,B
P04401,M,1954-08-09,Native Hawaiian/Pacific Islander,Not Hispanic or Latino,C
P04402,F,1951-12-31,American Indian/Alaska Native,Hispanic or Latino,A
P04403,F,1977-04-27,White,Not Hispanic or Latino,C
P04404,M,1950-12-24,American Indian/Alaska Native,Hispanic or Latino,C
P04405,M,1995-07-04,Asian,Not Hispanic or Latino,B
P04406,F,1954-07-31,White,Hispanic or Latino,B
P04407,F,1946-04-11,American Indian/Alaska Native,Hispanic or Latino,A
P04408,F,1943-09-13,Native Hawaiian/Pacific Islander,Not Hispanic or Latino,B
P04409,F,1997-05-05,Black,Not Hispanic or Latino,A
P04410,M,1952-09-20,Asian,Not Hispanic or Latino,B
P04411,M,1971-08-09,Native Hawaiian/Pacific Islander,Not Hispanic or Latino,A
P04412,M,1978-01-25,Asian,Not Hispanic or Latino,B
P04413,M,1943-09-19,Native Hawaiian/Pacific Islander,Not Hispanic or Latino,C
P04414,M,1967-10-17,Black,Hispanic or Latino,B
P04415,M,1996-05-24,Native Hawaiian/Pacific Islander,Not Hispanic or Latino,C
P04416,M,1954-05-21,American Indian/Alaska Native,Not Hispanic or Latino,A
P04417,F,1987-04-15,White,Not Hispanic or Latino,A
P04418,F,1994-03-18,Native Hawaiian/Pacific Islander,Not Hispanic or Latino,B
P04419,F,1988-02-11,American Indian/Alaska Native,Not Hispanic or Latino,B
P04420,M,1942-08-04,American Indian/Alaska Native,Hispanic or Latino,B
P04421,F,1951-02-03,White,Not Hispanic or Latino,C
P04422,F,1974-12-07,Black,Not Hispanic or Latino,C
P04423,F,1946-07-04,American Indian/Alaska Native,Not Hispanic or Latino,A
P04424,F,1975-07-18,Asian,Not Hispanic or Latino,A
P04425,M,1992-10-07,American Indian/Alaska Native,Not Hispanic or Latino,B
P04426,M,1983-07-26,Asian,Hispanic or Latino,C
P04427,M,1952-03-22,Black,Not Hispanic or Latino,A
P04428,F,1977-10-28,Asian,Not Hispanic or Latino,B
P04429,F,1987-02-21,Asian,Not Hispanic or Latino,B
P04430,F,1985-02-06,White,Not Hispanic or Latino,B
P04431,M,1943-06-29,Asian,Not Hispanic or Latino,B
P04432,F,1970-03-06,Asian,Not Hispanic or Latino,C
P04433,M,1975-09-11,American Indian/Alaska Native,Not Hispanic or Latino,C
P04434,M,1968-11-19,Native Hawaiian/Pacific Islander,Hispanic or Latino,B
P04435,F,1977-09-28,Native Hawaiian/Pacific Islander,Not Hispanic or Latino,B
P04436,M,1954-02-20,Native Hawaiian/Pacific Islander,Not Hispanic or Latino,B
P04437,M,1955-05-29,White,Not Hispanic or Latino,B
P04438,M,1991-05-10,American Indian/Alaska Native,Not Hispanic or Latino,C
P04439,F,1980-04-10,American Indian/Alaska Native,Not Hispanic or Latino,C
P04440,M,1995-05-31,Asian,Not Hispanic or Latino,A
P04441,F,1943-10-13,American Indian/Alaska Native,Not Hispanic or Latino,A
P04442,M,1949-12-08,Native Hawaiian/Pacific Islander,Not Hispanic or Latino,B
P04443,M,1953-02-05,Asian,Not Hispanic or Latino,A
P04444,M,1960-10-18,White,Not Hispanic or Latino,B
P04445,F,1959-10-27,Asian,Not Hispanic or Latino,A
P04446,M,1946-03-10,White,Not Hispanic or Latino,A
P04447,F,1984-12-20,Native Hawaiian/Pacific Islander,Hispanic or Latino,A
P04448,M,1988-05-24,Asian,Not Hispanic or Latino,C
P04449,F,1980-08-19,American Indian/Alaska Native,Not Hispanic or Latino,B
P04450,M,1970-01-18,White,Not Hispanic or Latino,B
P04451,M,1951-05-08,White,Not Hispanic or Latino,A
P04452,F,1979-07-12,White,Not Hispanic or Latino,A
P04453,M,1941-07-29,White,Hispanic or Latino,A
P04454,M,1983-12-11,Black,Not Hispanic or Latino,B
P04455,F,1982-09-14,White,Not Hispanic or Latino,B
P04456,M,1959-09-14,Native Hawaiian/Pacific Islander,Not Hispanic or Latino,A
P04457,F,1995-08-21,Native Hawaiian/Pacific Islander,Not Hispanic or Latino,A
P04458,F,1998-03-27,White,Not Hispanic or Latino,A
P04459,F,1960-06-25,Asian,Not Hispanic or Latino,A
P04460,F,1999-01-17,Black,Not Hispanic or Latino,B
P04461,M,1994-08-02,American Indian/Alaska Native,Not Hispanic or Latino,B
P04462,M,1942-04-25,White,Not Hispanic or Latino,A
P04463,F,1945-12-07,Asian,Not Hispanic or Latino,B
P04464,F,1975-03-15,Asian,Not Hispanic or Latino,C
P04465,F,1982-05-23,American Indian/Alaska Native,Not Hispanic or Latino,C
P04466,M,1992-12-05,Black,Not Hispanic or Latino,B
P04467,F,1990-12-22,White,Hispanic or Latino,A
P04468,F,1958-11-30,American Indian/Alaska Native,Hispanic or Latino,A
P04469,F,1993-04-24,Black,Not Hispanic or Latino,B
P04470,F,1992-01-04,American Indian/Alaska Native,Not Hispanic or Latino,C
P04471,F,1995-07-31,White,Not Hispanic or Latino,B
P04472,M,1995-07-09,Native Hawaiian/Pacific Islander,Not Hispanic or Latino,A
P04473,M,1982-11-17,Native Hawaiian/Pacific Islander,Hispanic or Latino,A
P04474,M,2002-01-09,Asian,Not Hispanic or Latino,A
P04475,M,1960-08-09,White,Not Hispanic or Latino,B
P04476,F,1957-01-02,American Indian/Alaska Native,Not Hispanic or Latino,A
P04477,M,1957-03-28,White,Not Hispanic or Latino,C
P04478,M,1961-09-23,Asian,Not Hispanic or Latino,C
P04479,M,1967-06-22,White,Not Hispanic or Latino,B
P04480,M,1948-11-05,Black,Not Hispanic or Latino,B
P04481,M,1984-06-06,Black,Not Hispanic or Latino,A
P04482,M,1945-03-26,Native Hawaiian/Pacific Islander,Not Hispanic or Latino,A
P04483,F,1970-06-19,White,Not Hispanic or Latino,C
P04484,F,1955-02-25,American Indian/Alaska Native,Hispanic or Latino,A
P04485,M,1967-03-29,American Indian/Alaska Native,Not Hispanic or Latino,B
P04486,F,1945-12-31,White,Not Hispanic or Latino,B
P04487,M,1946-11-25,American Indian/Alaska Native,Not Hispanic or Latino,C
P04488,F,1975-02-08,Native Hawaiian/Pacific Islander,Not Hispanic or Latino,B
P04489,M,1965-09-09,Black,Not Hispanic or Latino,B
P04490,F,1975-06-17,White,Not Hispanic or Latino,B
P04491,F,1960-07-16,Black,Not Hispanic or Latino,C
P04492,M,1994-11-28,White,Not Hispanic or Latino,B
P04493,F,1976-03-13,Black,Hispanic or Latino,C
P04494,F,1992-03-19,American Indian/Alaska Native,Not Hispanic or Latino,C
P04495,F,1949-04-30,American Indian/Alaska Native,Not Hispanic or Latino,B
P04496,M,1955-06-22,American Indian/Alaska Native,Not Hispanic or Latino,B
P04497,M,1983-03-19,Black,Not Hispanic or Latino,B
P04498,F,1941-10-21,Black,Not Hispanic or Latino,B
P04499,M,1987-10-19,Black,Not Hispanic or Latino,B
P04500,M,1989-10-10,White,Not Hispanic or Latino,A
P04501,F,1998-02-23,Black,Not Hispanic or Latino,C
P04502,M,1998-07-02,White,Not Hispanic or Latino,B
P04503,M,1988-02-22,Black,Not Hispanic or Latino,A
P04504,M,1974-12-27,Black,Not Hispanic or Latino,B
P04505,F,1974-04-22,Black,Not Hispanic or Latino,A
P04506,F,2000-09-06,American Indian/Alaska Native,Not Hispanic or Latino,B
P04507,F,1977-08-15,American Indian/Alaska Native,Not Hispanic or Latino,A
P04508,M,1949-05-23,American Indian/Alaska Native,Not Hispanic or Latino,C
P04509,M,1940-10-05,American Indian/Alaska Native,Not Hispanic or Latino,C
P04510,F,1973-11-12,Asian,Hispanic or Latino,C
P04511,F,1947-09-13,Black,Not Hispanic or Latino,C
P04512,F,2002-09-16,Asian,Not Hispanic or Latino,B
P04513,M,1998-01-08,Black,Not Hispanic or Latino,B
P04514,F,1943-02-05,Asian,Not Hispanic or Latino,A
P04515,F,1982-01-01,Black,Hispanic or Latino,A
P04516,M,1991-12-16,Black,Not Hispanic or Latino,A
P04517,M,2001-10-09,White,Not Hispanic or Latino,A
P04518,M,1954-10-10,Black,Hispanic or Latino,B
P04519,M,1953-12-05,White,Not Hispanic or Latino,A
P04520,M,1966-03-27,Native Hawaiian/Pacific Islander,Not Hispanic or Latino,A
P04521,F,1967-10-18,American Indian/Alaska Native,Not Hispanic or Latino,A
P04522,F,1974-01-30,Native Hawaiian/Pacific Islander,Not Hispanic or Latino,C
P04523,F,1975-12-05,White,Not Hispanic or Latino,C
P04524,M,1945-11-24,White,Hispanic or Latino,B
P04525,M,1969-02-04,Black,Not Hispanic or Latino,B
P04526,F,1961-03-23,White,Not Hispanic or Latino,B
P04527,M,1980-02-24,American Indian/Alaska Native,Not Hispanic or Latino,A
P04528,F,1992-01-09,Black,Not Hispanic or Latino,B
P04529,M,1957-08-25,Native Hawaiian/Pacific Islander,Not Hispanic or Latino,A
P04530,F,1974-03-11,Black,Not Hispanic or Latino,B
P04531,F,1957-09-01,White,Hispanic or Latino,C
P04532,M,1969-11-24,American Indian/Alaska Native,Not Hispanic or Latino,B
P04533,M,1995-12-21,Asian,Not Hispanic or Latino,B
P04534,F,1957-09-21,White,Not Hispanic or Latino,C
P04535,F,2002-02-05,Native Hawaiian/Pacific Islander,Not Hispanic or Latino,B
P04536,F,1975-11-04,Black,Not Hispanic or Latino,C
P04537,M,1985-01-30,Native Hawaiian/Pacific Islander,Hispanic or Latino,B
P04538,M,1983-11-26,White,Not Hispanic or Latino,C
P04539,F,1984-05-02,Native Hawaiian/Pacific Islander,Not Hispanic or Latino,A
P04540,F,1991-02-01,Native Hawaiian/Pacific Islander,Not Hispanic or Latino,C
P04541,F,1998-10-09,Black,Not Hispanic or Latino,B
P04542,F,1954-03-01,American Indian/Alaska Native,Hispanic or Latino,C
P04543,F,1995-01-31,Asian,Not Hispanic or Latino,B
P04544,F,1952-08-20,American Indian/Alaska Native,Not Hispanic or Latino,B
P04545,M,1960-11-14,Native Hawaiian/Pacific Islander,Hispanic or Latino,A
P04546,F,1989-03-17,American Indian/Alaska Native,Hispanic or Latino,C
P04547,M,1989-01-28,Native Hawaiian/Pacific Islander,Not Hispanic or Latino,A
P04548,M,1977-08-25,Native Hawaiian/Pacific Islander,Not Hispanic or Latino,B
P04549,F,1963-01-19,Native Hawaiian/Pacific Islander,Not Hispanic or Latino,A
P04550,M,1947-06-20,Native Hawaiian/Pacific Islander,Not Hispanic or Latino,A
P04551,F,1955-12-20,White,Not Hispanic or Latino,B
P04552,F,1946-05-04,Asian,Hispanic or Latino,A
P04553,F,1974-06-21,Native Hawaiian/Pacific Islander,Not Hispanic or Latino,A
P04554,M,1997-07-11,American Indian/Alaska Native,Not Hispanic or Latino,C
P04555,F,1982-03-25,American Indian/Alaska Native,Hispanic or Latino,A
P04556,F,1988-02-20,White,Not Hispanic or Latino,B
P04557,F,1940-10-03,Asian,Hispanic or Latino,B
P04558,M,1949-01-25,Native Hawaiian/Pacific Islander,Not Hispanic or Latino,A
P04559,M,1985-01-20,Native Hawaiian/Pacific Islander,Hispanic or Latino,A
P04560,F,1968-07-10,White,Not Hispanic or Latino,B
P04561,F,1975-12-12,Native Hawaiian/Pacific Islander,Not Hispanic or Latino,A
P04562,M,1949-11-26,American Indian/Alaska Native,Hispanic or Latino,C
P04563,F,1992-02-15,Asian,Not Hispanic or Latino,C
P04564,M,1973-09-19,Native Hawaiian/Pacific Islander,Not Hispanic or Latino,B
P04565,M,1947-03-25,American Indian/Alaska Native,Not Hispanic or Latino,B
P04566,F,1977-10-26,Asian,Not Hispanic or Latino,B
P04567,M,1982-06-09,American Indian/Alaska Native,Not Hispanic or Latino,A
P04568,F,1971-11-06,Black,Not Hispanic or Latino,B
P04569,F,1976-03-24,Asian,Not Hispanic or Latino,B
P04570,M,1972-02-15,American Indian/Alaska Native,Not Hispanic or Latino,B
P04571,F,1997-08-04,White,Hispanic or Latino,A
P04572,M,1968-01-18,American Indian/Alaska Native,Not Hispanic or Latino,B
P04573,F,1989-06-03,Asian,Not Hispanic or Latino,C
P04574,F,1948-01-20,American Indian/Alaska Native,Not Hispanic or Latino,A
P04575,F,1986-05-19,American Indian/Alaska Native,Not Hispanic or Latino,A
P04576,F,1995-01-26,Black,Hispanic or Latino,B
P04577,F,1995-12-24,White,Hispanic or Latino,C
P04578,M,1953-01-23,Native Hawaiian/Pacific Islander,Not Hispanic or Latino,B
P04579,F,1945-02-03,American Indian/Alaska Native,Not Hispanic or Latino,C
P04580,F,1948-09-14,White,Not Hispanic or Latino,A
P04581,F,1975-07-31,Native Hawaiian/Pacific Islander,Not Hispanic or Latino,C
P04582,F,1940-06-25,American Indian/Alaska Native,Hispanic or Latino,B
P04583,F,1979-04-08,Native Hawaiian/Pacific Islander,Hispanic or Latino,B
P04584,M,1951-09-29,American Indian/Alaska Native,Not Hispanic or Latino,B
P04585,F,1951-09-08,Asian,Hispanic or Latino,C
P04586,M,1986-05-22,Native Hawaiian/Pacific Islander,Not Hispanic or Latino,B
P04587,M,1961-12-01,Asian,Not Hispanic or Latino,A
P04588,M,1970-02-02,White,Not Hispanic or Latino,C
P04589,M,1992-04-21,Black,Not Hispanic or Latino,C
P04590,F,1972-04-24,Black,Not Hispanic or Latino,A
P04591,F,1970-08-22,Asian,Not Hispanic or Latino,B
P04592,M,1988-02-19,Black,Not Hispanic or Latino,C
P04593,F,1999-04-04,Black,Hispanic or Latino,B
P04594,M,1986-05-15,Asian,Not Hispanic or Latino,B
P04595,F,1941-06-03,Asian,Not Hispanic or Latino,A
P04596,M,1950-10-22,White,Not Hispanic or Latino,B
P04597,F,1980-05-21,Black,Not Hispanic or Latino,B
P04598,F,1998-08-12,American Indian/Alaska Native,Not Hispanic or Latino,A
P04599,F,1993-07-25,Black,Not Hispanic or Latino,C
P04600,F,1942-01-17,Black,Not Hispanic or Latino,A
P04601,F,1960-09-03,White,Hispanic or Latino,B
P04602,M,2001-06-05,Native Hawaiian/Pacific Islander,Not Hispanic or Latino,B
P04603,F,1991-06-01,Asian,Not Hispanic or Latino,C
P04604,F,1996-05-18,White,Hispanic or Latino,B
P04605,M,1989-07-27,Black,Hispanic or Latino,A
P04606,M,1962-05-31,Native Hawaiian/Pacific Islander,Not Hispanic or Latino,C
P04607,M,1989-01-14,Black,Not Hispanic or Latino,C
P04608,M,1970-03-25,American Indian/Alaska Native,Not Hispanic or Latino,A
P04609,F,1956-02-08,American Indian/Alaska Native,Not Hispanic or Latino,A
P04610,F,1985-11-24,Asian,Not Hispanic or Latino,A
P04611,M,1990-12-12,Asian,Not Hispanic or Latino,B
P04612,F,1986-01-17,White,Not Hispanic or Latino,B
P04613,F,1964-05-04,Black,Not Hispanic or Latino,A
P04614,F,2000-02-24,Asian,Not Hispanic or Latino,A
P04615,M,1948-07-31,Native Hawaiian/Pacific Islander,Not Hispanic or Latino,A
P04616,M,1949-05-13,American Indian/Alaska Native,Not Hispanic or Latino,A
P04617,F,1976-09-22,White,Not Hispanic or Latino,B
P04618,F,1985-07-18,Black,Not Hispanic or Latino,A
P04619,F,1998-04-17,Asian,Hispanic or Latino,B
P04620,F,1943-03-27,American Indian/Alaska Native,Not Hispanic or Latino,B
P04621,F,1991-08-28,White,Not Hispanic or Latino,C
P04622,F,1971-02-18,White,Not Hispanic or Latino,C
P04623,M,1970-03-05,Black,Hispanic or Latino,A
P04624,M,1979-02-27,Native Hawaiian/Pacific Islander,Hispanic or Latino,B
P04625,M,1956-09-27,American Indian/Alaska Native,Hispanic or Latino,A
P04626,F,1990-12-19,Black,Not Hispanic or Latino,C
P04627,F,1957-01-23,White,Not Hispanic or Latino,A
P04628,M,1963-04-13,American Indian/Alaska Native,Not Hispanic or Latino,B
P04629,M,1989-11-26,Asian,Not Hispanic or Latino,A
P04630,M,1945-07-06,Black,Not Hispanic or Latino,B
P04631,F,1980-02-03,Native Hawaiian/Pacific Islander,Hispanic or Latino,A
P04632,F,1941-03-06,Native Hawaiian/Pacific Islander,Not Hispanic or Latino,A
P04633,M,1959-02-03,Asian,Not Hispanic or Latino,B
P04634,F,1989-03-26,White,Not Hispanic or Latino,B
P04635,M,2002-05-22,White,Not Hispanic or Latino,A
P04636,F,1943-08-08,American Indian/Alaska Native,Not Hispanic or Latino,A
P04637,M,1977-01-25,Native Hawaiian/Pacific Islander,Not Hispanic or Latino,A
P04638,M,1948-03-09,Native Hawaiian/Pacific Islander,Not Hispanic or Latino,C
P04639,F,1960-01-11,White,Not Hispanic or Latino,A
P04640,M,1997-06-04,Black,Hispanic or Latino,A
P04641,M,1940-08-13,White,Not Hispanic or Latino,C
P04642,F,1980-05-16,White,Not Hispanic or Latino,A
P04643,M,2002-05-08,White,Not Hispanic or Latino,A
P04644,M,1989-04-16,Black,Not Hispanic or Latino,A
P04645,M,1966-06-17,Black,Not Hispanic or Latino,B
P04646,M,2001-02-01,Native Hawaiian/Pacific Islander,Not Hispanic or Latino,B
P04647,M,1996-07-18,Black,Not Hispanic or Latino,C
P04648,M,1972-11-28,Asian,Not Hispanic or Latino,A
P04649,F,1941-12-17,Asian,Not Hispanic or Latino,B
P04650,M,1957-12-30,Native Hawaiian/Pacific Islander,Not Hispanic or Latino,B
P04651,M,2000-08-24,Native Hawaiian/Pacific Islander,Not Hispanic or Latino,C
P04652,F,1982-03-05,American Indian/Alaska Native,Not Hispanic or Latino,B
P04653,F,1963-09-10,White,Hispanic or Latino,C
P04654,F,1946-04-13,Asian,Not Hispanic or Latino,A
P04655,M,1959-02-18,Native Hawaiian/Pacific Islander,Not Hispanic or Latino,A
P04656,M,1941-01-23,American Indian/Alaska Native,Not Hispanic or Latino,A
P04657,F,1948-08-07,White,Not Hispanic or Latino,B
P04658,F,1995-04-04,Native Hawaiian/Pacific Islander,Not Hispanic or Latino,B
P04659,M,1988-12-08,Asian,Not Hispanic or Latino,A
P04660,F,1954-04-27,Asian,Not Hispanic or Latino,A
P04661,F,1987-07-19,Black,Not Hispanic or Latino,A
P04662,M,1970-07-09,Black,Not Hispanic or Latino,B
P04663,M,1976-10-17,Native Hawaiian/Pacific Islander,Hispanic or Latino,C
P04664,M,1996-02-24,White,Not Hispanic or Latino,A
P04665,M,1978-03-30,Black,Not Hispanic or Latino,A
P04666,M,1995-02-10,White,Not Hispanic or Latino,A
P04667,M,1999-09-14,White,Not Hispanic or Latino,C
P04668,F,1941-07-08,Native Hawaiian/Pacific Islander,Not Hispanic or Latino,B
P04669,M,1954-09-07,Native Hawaiian/Pacific Islander,Not Hispanic or Latino,B
P04670,M,1956-07-23,American Indian/Alaska Native,Not Hispanic or Latino,C
P04671,M,1979-03-27,American Indian/Alaska Native,Not Hispanic or Latino,A
P04672,F,1997-12-26,Native Hawaiian/Pacific Islander,Not Hispanic or Latino,A
P04673,F,1992-03-19,American Indian/Alaska Native,Not Hispanic or Latino,A
P04674,F,1960-02-03,Asian,Hispanic or Latino,C
P04675,M,1981-03-29,Native Hawaiian/Pacific Islander,Not Hispanic or Latino,B
P04676,F,1987-06-13,White,Hispanic or Latino,A
P04677,M,1991-07-21,Asian,Not Hispanic or Latino,C
P04678,F,1972-04-26,Asian,Not Hispanic or Latino,B
P04679,F,2001-04-05,White,Not Hispanic or Latino,A
P04680,F,1991-12-02,Native Hawaiian/Pacific Islander,Not Hispanic or Latino,C
P04681,F,1973-06-02,American Indian/Alaska Native,Not Hispanic or Latino,A
P04682,F,1966-10-11,Black,Not Hispanic or Latino,B
P04683,F,2002-06-07,Asian,Not Hispanic or Latino,C
P04684,M,1972-06-10,American Indian/Alaska Native,Hispanic or Latino,C
P04685,F,1974-12-14,Black,Not Hispanic or Latino,B
P04686,F,1970-07-26,Asian,Not Hispanic or Latino,B
P04687,M,1950-08-03,Asian,Hispanic or Latino,A
P04688,F,1953-10-13,White,Not Hispanic or Latino,A
P04689,F,1993-11-01,American Indian/Alaska Native,Not Hispanic or Latino,C
P04690,F,1964-09-19,Asian,Not Hispanic or Latino,A
P04691,M,1962-11-08,White,Hispanic or Latino,A
P04692,M,1964-09-07,Native Hawaiian/Pacific Islander,Not Hispanic or Latino,A
P04693,F,1996-02-25,Black,Not Hispanic or Latino,A
P04694,M,1994-01-30,White,Hispanic or Latino,C
P04695,F,1957-06-03,American Indian/Alaska Native,Not Hispanic or Latino,A
P04696,M,1997-11-16,White,Not Hispanic or Latino,A
P04697,F,2001-06-29,White,Not Hispanic or Latino,C
P04698,F,1950-03-09,Black,Not Hispanic or Latino,A
P04699,M,1972-03-15,Asian,Not Hispanic or Latino,C
P04700,M,1974-05-16,White,Not Hispanic or Latino,B
P04701,F,1960-06-16,White,Hispanic or Latino,C
P04702,F,1957-08-16,Asian,Not Hispanic or Latino,A
P04703,F,1965-10-30,White,Not Hispanic or Latino,A
P04704,F,2000-11-15,Native Hawaiian/Pacific Islander,Hispanic or Latino,B
P04705,M,1965-04-27,American Indian/Alaska Native,Hispanic or Latino,C
P04706,F,1998-12-27,White,Hispanic or Latino,A
P04707,F,1977-11-07,Asian,Hispanic or Latino,B
P04708,F,1974-10-14,Native Hawaiian/Pacific Islander,Not Hispanic or Latino,C
P04709,M,1946-10-10,White,Not Hispanic or Latino,A
P04710,M,1942-10-02,American Indian/Alaska Native,Not Hispanic or Latino,C
P04711,M,1977-12-05,Asian,Not Hispanic or Latino,B
P04712,M,1969-04-05,Black,Not Hispanic or Latino,B
P04713,M,1999-03-21,Native Hawaiian/Pacific Islander,Not Hispanic or Latino,A
P04714,F,1968-07-23,American Indian/Alaska Native,Not Hispanic or Latino,B
P04715,F,1984-04-13,Native Hawaiian/Pacific Islander,Not Hispanic or Latino,C
P04716,F,1953-01-27,Asian,Not Hispanic or Latino,B
P04717,F,1953-07-31,American Indian/Alaska Native,Hispanic or Latino,A
P04718,M,1980-02-14,Black,Not Hispanic or Latino,B
P04719,M,1994-07-28,Native Hawaiian/Pacific Islander,Not Hispanic or Latino,A
P04720,M,1962-05-09,Native Hawaiian/Pacific Islander,Not Hispanic or Latino,C
P04721,F,1971-09-10,White,Not Hispanic or Latino,A
P04722,F,1948-03-23,White,Not Hispanic or Latino,A
P04723,M,2002-05-13,White,Hispanic or Latino,C
P04724,M,1992-10-18,White,Not Hispanic or Latino,A
P04725,M,1962-05-16,Asian,Not Hispanic or Latino,C
P04726,F,1966-05-23,American Indian/Alaska Native,Not Hispanic or Latino,A
P04727,M,1972-11-08,Asian,Not Hispanic or Latino,C
P04728,F,1995-11-24,Black,Not Hispanic or Latino,B
P04729,M,1970-09-14,White,Not Hispanic or Latino,C
P04730,M,1978-05-23,Native Hawaiian/Pacific Islander,Hispanic or Latino,B
P04731,F,1942-12-10,Asian,Hispanic or Latino,B
P04732,M,1956-02-13,American Indian/Alaska Native,Not Hispanic or Latino,B
P04733,M,1996-07-14,American Indian/Alaska Native,Not Hispanic or Latino,A
P04734,F,1940-10-02,Asian,Not Hispanic or Latino,B
P04735,M,1945-10-07,Asian,Not Hispanic or Latino,C
P04736,M,1984-08-08,Native Hawaiian/Pacific Islander,Not Hispanic or Latino,A
P04737,F,1947-07-14,American Indian/Alaska Native,Not Hispanic or Latino,B
P04738,F,1987-03-16,Native Hawaiian/Pacific Islander,Not Hispanic or Latino,B
P04739,F,1978-08-29,Black,Not Hispanic or Latino,B
P04740,F,1988-05-08,Black,Not Hispanic or Latino,B
P04741,M,1992-11-24,Native Hawaiian/Pacific Islander,Not Hispanic or Latino,A
P04742,M,1964-03-25,Native Hawaiian/Pacific Islander,Not Hispanic or Latino,A
P04743,F,1963-10-10,Black,Not Hispanic or Latino,A
P04744,M,1971-08-07,American Indian/Alaska Native,Not Hispanic or Latino,A
P04745,M,1952-12-31,Black,Not Hispanic or Latino,A
P04746,M,1951-06-24,Asian,Not Hispanic or Latino,C
P04747,M,1962-05-06,Black,Not Hispanic or Latino,A
P04748,F,1978-04-19,Asian,Hispanic or Latino,A
P04749,F,1987-08-10,Asian,Not Hispanic or Latino,B
P04750,M,1977-02-01,Black,Not Hispanic or Latino,A
P04751,F,1994-11-05,Native Hawaiian/Pacific Islander,Not Hispanic or Latino,B
P04752,F,2002-10-03,Asian,Not Hispanic or Latino,B
P04753,M,1960-01-11,White,Not Hispanic or Latino,A
P04754,F,1954-05-10,White,Not Hispanic or Latino,B
P04755,F,1950-09-25,American Indian/Alaska Native,Not Hispanic or Latino,A
P04756,M,1972-01-31,Black,Not Hispanic or Latino,C
P04757,F,1961-12-28,Asian,Not Hispanic or Latino,B
P04758,F,1967-03-17,White,Not Hispanic or Latino,A
P04759,F,1951-10-15,American Indian/Alaska Native,Hispanic or Latino,B
P04760,F,2002-09-27,American Indian/Alaska Native,Hispanic or Latino,C
P04761,F,1962-12-16,Asian,Not Hispanic or Latino,B
P04762,F,1993-03-14,White,Hispanic or Latino,B
P04763,F,1980-01-31,White,Not Hispanic or Latino,A
P04764,F,1980-01-11,American Indian/Alaska Native,Not Hispanic or Latino,A
P04765,M,1997-11-26,Asian,Not Hispanic or Latino,A
P04766,F,1981-04-04,Asian,Not Hispanic or Latino,C
P04767,F,1995-07-28,Native Hawaiian/Pacific Islander,Not Hispanic or Latino,C
P04768,M,1993-04-21,Asian,Not Hispanic or Latino,C
P04769,M,1975-03-22,White,Not Hispanic or Latino,A
P04770,F,1992-03-25,White,Not Hispanic or Latino,A
P04771,F,1991-06-08,Black,Not Hispanic or Latino,A
P04772,M,1978-10-08,Black,Not Hispanic or Latino,C
P04773,M,1991-07-19,American Indian/Alaska Native,Not Hispanic or Latino,B
P04774,F,1947-09-27,White,Not Hispanic or Latino,B
P04775,F,1996-11-18,Native Hawaiian/Pacific Islander,Not Hispanic or Latino,C
P04776,F,1986-11-21,Black,Not Hispanic or Latino,C
P04777,F,1977-09-13,Asian,Hispanic or Latino,C
P04778,F,1963-08-26,Native Hawaiian/Pacific Islander,Not Hispanic or Latino,C
P04779,M,1995-07-11,White,Not Hispanic or Latino,B
P04780,M,1959-09-10,Black,Hispanic or Latino,B
P04781,M,1986-01-09,Native Hawaiian/Pacific Islander,Not Hispanic or Latino,B
P04782,F,1950-05-13,White,Hispanic or Latino,C
P04783,F,1990-07-21,Black,Not Hispanic or Latino,B
P04784,M,1959-08-30,Native Hawaiian/Pacific Islander,Not Hispanic or Latino,A
P04785,M,1964-08-05,Native Hawaiian/Pacific Islander,Not Hispanic or Latino,B
P04786,F,1955-01-27,Native Hawaiian/Pacific Islander,Not Hispanic or Latino,A
P04787,F,1994-11-13,Native Hawaiian/Pacific Islander,Not Hispanic or Latino,B
P04788,F,1944-01-16,Black,Hispanic or Latino,B
P04789,F,1970-02-10,Black,Hispanic or Latino,A
P04790,F,1947-08-06,White,Hispanic or Latino,C
P04791,F,1987-05-03,Native Hawaiian/Pacific Islander,Not Hispanic or Latino,C
P04792,F,1986-11-18,American Indian/Alaska Native,Not Hispanic or Latino,A
P04793,F,2001-12-10,Asian,Not Hispanic or Latino,A
P04794,M,1956-02-12,Asian,Hispanic or Latino,B
P04795,F,1940-10-04,Asian,Not Hispanic or Latino,C
P04796,M,1985-09-05,Native Hawaiian/Pacific Islander,Not Hispanic or Latino,A
P04797,M,1953-06-25,White,Not Hispanic or Latino,A
P04798,M,1960-07-13,American Indian/Alaska Native,Not Hispanic or Latino,A
P04799,M,1975-09-03,Black,Not Hispanic or Latino,C
P04800,M,1969-12-28,Native Hawaiian/Pacific Islander,Hispanic or Latino,C
P04801,M,1975-08-21,American Indian/Alaska Native,Not Hispanic or Latino,B
P04802,F,1988-11-05,White,Not Hispanic or Latino,C
P04803,F,1941-11-26,White,Hispanic or Latino,A
P04804,M,1988-12-31,American Indian/Alaska Native,Not Hispanic or Latino,C
P04805,F,2001-10-16,Native Hawaiian/Pacific Islander,Not Hispanic or Latino,C
P04806,F,1947-05-11,Black,Not Hispanic or Latino,A
P04807,F,1992-04-02,Native Hawaiian/Pacific Islander,Not Hispanic or Latino,B
P04808,F,1953-05-08,American Indian/Alaska Native,Not Hispanic or Latino,A
P04809,M,1994-02-15,White,Not Hispanic or Latino,A
P04810,F,1984-02-26,White,Not Hispanic or Latino,B
P04811,F,1953-11-24,Asian,Not Hispanic or Latino,C
P04812,F,1992-04-08,Black,Hispanic or Latino,A
P04813,F,1950-12-19,American Indian/Alaska Native,Hispanic or Latino,C
P04814,M,1964-06-11,Black,Not Hispanic or Latino,A
P04815,M,1960-05-10,Black,Not Hispanic or Latino,C
P04816,F,1984-10-29,Asian,Not Hispanic or Latino,B
P04817,M,1976-01-30,White,Not Hispanic or Latino,B
P04818,F,1975-08-17,Asian,Not Hispanic or Latino,B
P04819,M,1958-06-23,Asian,Not Hispanic or Latino,C
P04820,M,1961-01-21,American Indian/Alaska Native,Not Hispanic or Latino,B
P04821,F,1959-02-13,Native Hawaiian/Pacific Islander,Not Hispanic or Latino,B
P04822,F,1995-11-08,Black,Not Hispanic or Latino,A
P04823,M,1994-11-29,Native Hawaiian/Pacific Islander,Hispanic or Latino,B
P04824,M,2002-05-17,Native Hawaiian/Pacific Islander,Not Hispanic or Latino,A
P04825,M,1953-01-11,Asian,Not Hispanic or Latino,A
P04826,M,1964-09-09,American Indian/Alaska Native,Not Hispanic or Latino,A
P04827,M,1979-01-09,American Indian/Alaska Native,Not Hispanic or Latino,B
P04828,F,1973-03-11,White,Not Hispanic or Latino,C
P04829,F,1995-09-19,Asian,Not Hispanic or Latino,A
P04830,F,1940-07-21,White,Not Hispanic or Latino,A
P04831,F,1959-07-31,Native Hawaiian/Pacific Islander,Not Hispanic or Latino,B
P04832,F,1978-10-04,Asian,Not Hispanic or Latino,B
P04833,F,1963-11-19,Asian,Not Hispanic or Latino,B
P04834,M,2002-09-30,Black,Not Hispanic or Latino,C
P04835,M,1979-03-25,Asian,Not Hispanic or Latino,A
P04836,F,2002-04-28,American Indian/Alaska Native,Not Hispanic or Latino,B
P04837,M,1994-07-19,Black,Not Hispanic or Latino,B
P04838,M,1979-03-24,Black,Not Hispanic or Latino,A
P04839,F,1981-04-06,White,Hispanic or Latino,A
P04840,M,1980-09-04,Black,Not Hispanic or Latino,A
P04841,F,1984-12-30,American Indian/Alaska Native,Hispanic or Latino,A
P04842,M,1949-03-17,Asian,Not Hispanic or Latino,B
P04843,F,1949-07-08,Black,Not Hispanic or Latino,B
P04844,F,1996-05-22,American Indian/Alaska Native,Not Hispanic or Latino,C
P04845,M,2002-08-07,Black,Not Hispanic or Latino,B
P04846,F,1983-05-16,Native Hawaiian/Pacific Islander,Not Hispanic or Latino,C
P04847,M,1998-08-10,White,Not Hispanic or Latino,A
P04848,M,1985-03-27,American Indian/Alaska Native,Not Hispanic or Latino,B
P04849,F,1975-05-12,Black,Not Hispanic or Latino,C
P04850,M,1956-11-22,American Indian/Alaska Native,Not Hispanic or Latino,A
P04851,F,1992-11-06,American Indian/Alaska Native,Not Hispanic or Latino,B
P04852,M,1945-01-12,Native Hawaiian/Pacific Islander,Not Hispanic or Latino,B
P04853,F,1969-03-09,American Indian/Alaska Native,Hispanic or Latino,B
P04854,M,1951-09-04,Black,Not Hispanic or Latino,C
P04855,M,1941-07-22,Native Hawaiian/Pacific Islander,Not Hispanic or Latino,A
P04856,F,1953-02-08,Black,Not Hispanic or Latino,B
P04857,F,1974-12-05,American Indian/Alaska Native,Not Hispanic or Latino,C
P04858,M,1949-11-14,Asian,Not Hispanic or Latino,A
P04859,F,1968-11-27,Black,Hispanic or Latino,C
P04860,M,2001-01-13,Asian,Not Hispanic or Latino,B
P04861,M,1953-12-12,White,Hispanic or Latino,A
P04862,F,1996-04-10,Black,Not Hispanic or Latino,A
P04863,M,1971-05-03,American Indian/Alaska Native,Not Hispanic or Latino,A
P04864,F,1970-03-20,Native Hawaiian/Pacific Islander,Not Hispanic or Latino,B
P04865,M,1981-04-14,White,Hispanic or Latino,A
P04866,M,1971-10-07,White,Not Hispanic or Latino,B
P04867,M,1952-12-22,American Indian/Alaska Native,Not Hispanic or Latino,B
P04868,F,1984-12-14,Black,Not Hispanic or Latino,B
P04869,M,1948-02-02,American Indian/Alaska Native,Not Hispanic or Latino,A
P04870,M,1969-05-12,Asian,Not Hispanic or Latino,B
P04871,F,1973-07-30,American Indian/Alaska Native,Not Hispanic or Latino,B
P04872,M,1966-05-10,Native Hawaiian/Pacific Islander,Not Hispanic or Latino,C
P04873,F,1946-11-11,Black,Not Hispanic or Latino,A
P04874,F,1980-04-06,White,Not Hispanic or Latino,C
P04875,F,1947-04-06,Asian,Hispanic or Latino,A
P04876,M,1989-12-23,Black,Not Hispanic or Latino,B
P04877,F,1972-01-07,White,Not Hispanic or Latino,A
P04878,M,1953-09-29,Native Hawaiian/Pacific Islander,Not Hispanic or Latino,A
P04879,M,1969-12-17,Native Hawaiian/Pacific Islander,Not Hispanic or Latino,C
P04880,F,1996-02-10,Black,Hispanic or Latino,A
P04881,M,1942-12-10,White,Not Hispanic or Latino,C
P04882,M,2002-04-18,American Indian/Alaska Native,Not Hispanic or Latino,B
P04883,F,2000-03-20,Asian,Not Hispanic or Latino,A
P04884,M,1971-05-07,Asian,Not Hispanic or Latino,C
P04885,F,1966-01-09,Native Hawaiian/Pacific Islander,Not Hispanic or Latino,C
P04886,M,1999-11-14,Black,Not Hispanic or Latino,A
P04887,M,1974-10-09,Asian,Not Hispanic or Latino,A
P04888,F,1962-07-20,American Indian/Alaska Native,Hispanic or Latino,C
P04889,M,1990-09-06,Asian,Not Hispanic or Latino,A
P04890,F,1990-12-13,Asian,Not Hispanic or Latino,A
P04891,M,1956-06-10,American Indian/Alaska Native,Not Hispanic or Latino,A
P04892,M,1963-05-14,Black,Not Hispanic or Latino,A
P04893,M,1966-12-13,Black,Not Hispanic or Latino,B
P04894,M,1954-12-19,American Indian/Alaska Native,Not Hispanic or Latino,C
P04895,M,1959-06-26,Black,Not Hispanic or Latino,C
P04896,F,1985-02-08,Native Hawaiian/Pacific Islander,Not Hispanic or Latino,A
P04897,M,1967-04-25,Asian,Not Hispanic or Latino,B
P04898,F,1951-12-29,Native Hawaiian/Pacific Islander,Not Hispanic or Latino,C
P04899,F,1960-02-19,Black,Hispanic or Latino,C
P04900,F,1965-05-23,American Indian/Alaska Native,Not Hispanic or Latino,C
P04901,F,1994-09-09,Black,Not Hispanic or Latino,A
P04902,M,1971-10-29,White,Not Hispanic or Latino,B
P04903,F,1975-11-12,Native Hawaiian/Pacific Islander,Not Hispanic or Latino,B
P04904,M,1977-06-24,Black,Not Hispanic or Latino,B
P04905,M,1968-10-06,Asian,Not Hispanic or Latino,C
P04906,M,1974-03-17,American Indian/Alaska Native,Not Hispanic or Latino,A
P04907,F,1982-08-12,Asian,Not Hispanic or Latino,B
P04908,M,1967-09-27,Black,Not Hispanic or Latino,B
P04909,F,1958-04-30,White,Hispanic or Latino,C
P04910,M,2000-06-06,Black,Hispanic or Latino,A
P04911,F,1976-11-05,Native Hawaiian/Pacific Islander,Not Hispanic or Latino,A
P04912,M,1959-01-13,American Indian/Alaska Native,Not Hispanic or Latino,A
P04913,F,1984-06-15,Native Hawaiian/Pacific Islander,Not Hispanic or Latino,A
P04914,M,1945-10-06,American Indian/Alaska Native,Not Hispanic or Latino,B
P04915,M,2000-04-21,Native Hawaiian/Pacific Islander,Not Hispanic or Latino,A
P04916,F,2002-10-25,Native Hawaiian/Pacific Islander,Not Hispanic or Latino,B
P04917,F,1988-08-27,White,Not Hispanic or Latino,C
P04918,F,1955-01-26,White,Not Hispanic or Latino,A
P04919,F,1958-01-15,American Indian/Alaska Native,Not Hispanic or Latino,B
P04920,M,1955-11-14,White,Not Hispanic or Latino,B
P04921,M,1967-04-18,American Indian/Alaska Native,Not Hispanic or Latino,B
P04922,M,1973-04-14,Native Hawaiian/Pacific Islander,Not Hispanic or Latino,A
P04923,F,1997-06-17,Asian,Not Hispanic or Latino,A
P04924,M,1957-09-09,American Indian/Alaska Native,Not Hispanic or Latino,B
P04925,F,1986-09-19,White,Not Hispanic or Latino,A
P04926,F,1954-06-26,Native Hawaiian/Pacific Islander,Not Hispanic or Latino,A
P04927,F,1966-10-02,American Indian/Alaska Native,Not Hispanic or Latino,A
P04928,F,1986-10-19,Native Hawaiian/Pacific Islander,Not Hispanic or Latino,C
P04929,M,1946-10-02,Native Hawaiian/Pacific Islander,Hispanic or Latino,A
P04930,M,1956-07-14,Black,Not Hispanic or Latino,A
P04931,F,1949-06-15,Native Hawaiian/Pacific Islander,Not Hispanic or Latino,C
P04932,F,1977-03-11,Native Hawaiian/Pacific Islander,Hispanic or Latino,B
P04933,F,1970-06-18,Asian,Not Hispanic or Latino,B
P04934,M,1974-04-13,Black,Not Hispanic or Latino,A
P04935,M,1970-05-13,American Indian/Alaska Native,Not Hispanic or Latino,B
P04936,F,1998-05-24,White,Not Hispanic or Latino,A
P04937,M,1992-01-21,Native Hawaiian/Pacific Islander,Not Hispanic or Latino,A
P04938,F,1967-03-27,Black,Not Hispanic or Latino,B
P04939,M,1960-06-10,American Indian/Alaska Native,Not Hispanic or Latino,A
P04940,F,1970-04-25,American Indian/Alaska Native,Not Hispanic or Latino,B
P04941,F,1960-05-21,American Indian/Alaska Native,Not Hispanic or Latino,A
P04942,M,1944-07-05,Asian,Not Hispanic or Latino,A
P04943,F,1980-01-06,American Indian/Alaska Native,Not Hispanic or Latino,C
P04944,F,1982-09-23,Asian,Not Hispanic or Latino,C
P04945,M,1954-05-21,Native Hawaiian/Pacific Islander,Not Hispanic or Latino,B
P04946,F,1941-08-23,Asian,Not Hispanic or Latino,C
P04947,F,1965-01-28,American Indian/Alaska Native,Not Hispanic or Latino,A
P04948,F,1968-07-21,Black,Not Hispanic or Latino,A
P04949,M,1943-11-28,Black,Not Hispanic or Latino,A
P04950,F,1994-01-12,Native Hawaiian/Pacific Islander,Not Hispanic or Latino,A
P04951,M,1968-03-26,Black,Not Hispanic or Latino,B
P04952,F,1970-06-05,White,Not Hispanic or Latino,B
P04953,M,2002-10-10,Asian,Not Hispanic or Latino,C
P04954,F,1948-07-06,American Indian/Alaska Native,Not Hispanic or Latino,A
P04955,M,1967-02-13,Native Hawaiian/Pacific Islander,Not Hispanic or Latino,B
P04956,M,1974-04-26,Native Hawaiian/Pacific Islander,Not Hispanic or Latino,A
P04957,F,1984-05-06,Native Hawaiian/Pacific Islander,Hispanic or Latino,A
P04958,M,1953-08-26,Native Hawaiian/Pacific Islander,Not Hispanic or Latino,B
P04959,M,1954-10-31,Black,Not Hispanic or Latino,B
P04960,F,1973-12-22,White,Not Hispanic or Latino,A
P04961,M,1965-10-28,Asian,Not Hispanic or Latino,B
P04962,F,1941-09-30,Black,Not Hispanic or Latino,C
P04963,F,2000-11-06,Asian,Not Hispanic or Latino,A
P04964,M,1946-05-20,Native Hawaiian/Pacific Islander,Hispanic or Latino,B
P04965,M,1963-06-10,Asian,Not Hispanic or Latino,B
P04966,M,1990-08-15,Black,Not Hispanic or Latino,C
P04967,F,1950-03-20,White,Not Hispanic or Latino,C
P04968,M,1981-01-09,American Indian/Alaska Native,Not Hispanic or Latino,A
P04969,M,1957-05-26,American Indian/Alaska Native,Hispanic or Latino,A
P04970,F,1952-02-28,White,Not Hispanic or Latino,A
P04971,M,1945-03-17,Black,Not Hispanic or Latino,A
P04972,M,1987-06-27,Native Hawaiian/Pacific Islander,Not Hispanic or Latino,B
P04973,M,1975-07-24,Black,Not Hispanic or Latino,C
P04974,M,1942-09-02,Asian,Not Hispanic or Latino,A
P04975,F,1968-11-04,White,Hispanic or Latino,C
P04976,M,1968-03-06,White,Not Hispanic or Latino,A
P04977,F,1961-04-12,Asian,Not Hispanic or Latino,B
P04978,M,1941-06-19,American Indian/Alaska Native,Not Hispanic or Latino,B
P04979,M,1961-01-17,Native Hawaiian/Pacific Islander,Not Hispanic or Latino,A
P04980,F,1982-08-14,Black,Not Hispanic or Latino,B
P04981,F,1980-05-14,Black,Hispanic or Latino,C
P04982,F,1944-11-01,Asian,Hispanic or Latino,B
P04983,F,1997-09-14,White,Not Hispanic or Latino,C
P04984,F,1942-09-18,White,Not Hispanic or Latino,A
P04985,M,1991-12-19,American Indian/Alaska Native,Not Hispanic or Latino,A
P04986,M,1960-08-31,White,Not Hispanic or Latino,B
P04987,F,1963-05-22,American Indian/Alaska Native,Not Hispanic or Latino,B
P04988,F,1959-11-12,Native Hawaiian/Pacific Islander,Not Hispanic or Latino,A
P04989,M,1985-11-13,American Indian/Alaska Native,Not Hispanic or Latino,A
P04990,F,1975-02-21,White,Not Hispanic or Latino,A
P04991,M,1969-02-07,Black,Not Hispanic or Latino,B
P04992,F,1996-06-12,Asian,Not Hispanic or Latino,A
P04993,F,1944-10-20,Black,Not Hispanic or Latino,B
P04994,M,1982-10-23,American Indian/Alaska Native,Not Hispanic or Latino,C
P04995,M,1990-08-30,Native Hawaiian/Pacific Islander,Not Hispanic or Latino,B
P04996,F,1987-08-25,Asian,Hispanic or Latino,C
P04997,M,1944-04-07,Asian,Not Hispanic or Latino,B
P04998,M,1970-01-16,Asian,Hispanic or Latino,C
P04999,F,1994-03-22,Black,Hispanic or Latino,A
P05000,M,1952-11-21,Asian,Not Hispanic or Latino,B
P05001,F,1960-09-13,White,Not Hispanic or Latino,A
P05002,F,1963-08-16,White,Hispanic or Latino,B
P05003,F,1954-05-09,American Indian/Alaska Native,Hispanic or Latino,B
P05004,M,1940-06-24,Native Hawaiian/Pacific Islander,Not Hispanic or Latino,B
P05005,M,1953-09-23,White,Not Hispanic or Latino,A
P05006,F,1993-08-01,Black,Not Hispanic or Latino,C
P05007,F,1998-07-23,Asian,Not Hispanic or Latino,C
P05008,M,1947-04-03,Asian,Hispanic or Latino,C
P05009,F,1942-10-09,Native Hawaiian/Pacific Islander,Not Hispanic or Latino,A
P05010,M,1992-05-28,White,Not Hispanic or Latino,C
P05011,F,1998-07-11,American Indian/Alaska Native,Not Hispanic or Latino,C
P05012,M,1961-12-15,Native Hawaiian/Pacific Islander,Not Hispanic or Latino,C
P05013,M,1987-01-23,Asian,Not Hispanic or Latino,A
P05014,F,1943-07-18,Asian,Not Hispanic or Latino,B
P05015,F,1999-11-03,Asian,Not Hispanic or Latino,C
P05016,F,1984-06-16,Native Hawaiian/Pacific Islander,Hispanic or Latino,C
P05017,F,1952-06-29,American Indian/Alaska Native,Not Hispanic or Latino,B
P05018,F,1972-02-20,Asian,Not Hispanic or Latino,A
P05019,F,1948-12-17,Native Hawaiian/Pacific Islander,Not Hispanic or Latino,B
P05020,M,1964-03-29,Native Hawaiian/Pacific Islander,Not Hispanic or Latino,A
P05021,F,1986-01-20,Native Hawaiian/Pacific Islander,Not Hispanic or Latino,B
P05022,F,1984-02-16,Black,Not Hispanic or Latino,B
P05023,F,1957-04-28,American Indian/Alaska Native,Not Hispanic or Latino,B
P05024,F,1953-03-02,White,Not Hispanic or Latino,B
P05025,M,1985-11-07,Asian,Not Hispanic or Latino,A
P05026,M,1979-11-08,Black,Not Hispanic or Latino,A
P05027,M,1980-12-06,American Indian/Alaska Native,Not Hispanic or Latino,A
P05028,F,1958-08-27,American Indian/Alaska Native,Not Hispanic or Latino,B
P05029,M,2002-01-11,American Indian/Alaska Native,Not Hispanic or Latino,A
P05030,F,1989-03-22,White,Not Hispanic or Latino,A
P05031,F,1994-08-26,Black,Hispanic or Latino,A
P05032,M,1977-01-10,White,Hispanic or Latino,A
P05033,M,1972-03-18,Native Hawaiian/Pacific Islander,Not Hispanic or Latino,B
P05034,M,1989-06-06,American Indian/Alaska Native,Not Hispanic or Latino,A
P05035,F,1942-12-09,Native Hawaiian/Pacific Islander,Not Hispanic or Latino,B
P05036,F,1990-09-17,White,Not Hispanic or Latino,A
P05037,M,1973-06-25,Black,Hispanic or Latino,C
P05038,M,1953-08-07,American Indian/Alaska Native,Not Hispanic or Latino,C
P05039,F,1979-05-01,American Indian/Alaska Native,Hispanic or Latino,B
P05040,M,2002-09-03,Native Hawaiian/Pacific Islander,Hispanic or Latino,A
P05041,M,1959-08-29,American Indian/Alaska Native,Not Hispanic or Latino,C
P05042,M,2000-11-11,Black,Not Hispanic or Latino,C
P05043,F,2002-06-20,Black,Not Hispanic or Latino,B
P05044,M,1965-07-25,Asian,Hispanic or Latino,A
P05045,M,1973-02-12,American Indian/Alaska Native,Hispanic or Latino,B
P05046,M,1940-06-01,American Indian/Alaska Native,Hispanic or Latino,B
P05047,F,1962-11-09,White,Hispanic or Latino,A
P05048,F,1984-12-14,Black,Not Hispanic or Latino,A
P05049,F,1981-05-23,Asian,Not Hispanic or Latino,A
P05050,F,1940-11-29,Black,Not Hispanic or Latino,B
P05051,F,1959-02-15,American Indian/Alaska Native,Not Hispanic or Latino,A
P05052,F,1998-08-26,American Indian/Alaska Native,Not Hispanic or Latino,A
P05053,F,1959-08-28,American Indian/Alaska Native,Not Hispanic or Latino,A
P05054,F,1969-06-09,White,Not Hispanic or Latino,A
P05055,F,1955-01-03,American Indian/Alaska Native,Not Hispanic or Latino,A
P05056,F,1999-10-04,Black,Not Hispanic or Latino,A
P05057,M,1990-04-25,American Indian/Alaska Native,Hispanic or Latino,B
P05058,F,2000-10-26,Black,Not Hispanic or Latino,C
P05059,M,1977-07-20,Native Hawaiian/Pacific Islander,Not Hispanic or Latino,A
P05060,M,1993-11-19,American Indian/Alaska Native,Not Hispanic or Latino,B
P05061,F,1946-06-18,Black,Not Hispanic or Latino,B
P05062,F,1943-05-05,American Indian/Alaska Native,Not Hispanic or Latino,A
P05063,M,1976-10-12,American Indian/Alaska Native,Hispanic or Latino,A
P05064,M,1975-07-09,American Indian/Alaska Native,Not Hispanic or Latino,C
P05065,M,1947-07-19,Black,Not Hispanic or Latino,C
P05066,M,1977-10-18,Black,Not Hispanic or Latino,A
P05067,M,1978-04-30,Native Hawaiian/Pacific Islander,Not Hispanic or Latino,A
P05068,M,1981-03-12,Black,Hispanic or Latino,B
P05069,M,1975-03-24,Black,Not Hispanic or Latino,C
P05070,M,1980-06-25,Asian,Not Hispanic or Latino,A
P05071,M,1979-06-05,Native Hawaiian/Pacific Islander,Not Hispanic or Latino,A
P05072,F,1970-09-10,Black,Hispanic or Latino,A
P05073,F,1974-11-05,Native Hawaiian/Pacific Islander,Not Hispanic or Latino,C
P05074,M,1956-11-22,Black,Not Hispanic or Latino,A
P05075,M,1984-05-12,American Indian/Alaska Native,Hispanic or Latino,A
P05076,M,1946-05-18,Black,Not Hispanic or Latino,A
P05077,M,1982-09-02,Asian,Not Hispanic or Latino,A
P05078,M,1990-02-08,White,Not Hispanic or Latino,B
P05079,M,1960-12-30,American Indian/Alaska Native,Not Hispanic or Latino,A
P05080,M,1945-12-04,Asian,Hispanic or Latino,C
P05081,F,1954-01-15,American Indian/Alaska Native,Not Hispanic or Latino,A
P05082,F,1981-10-08,Black,Not Hispanic or Latino,C
P05083,F,1980-02-20,American Indian/Alaska Native,Not Hispanic or Latino,A
P05084,F,1949-01-14,Native Hawaiian/Pacific Islander,Not Hispanic or Latino,A
P05085,M,1964-03-10,White,Not Hispanic or Latino,B
P05086,M,1971-08-09,Black,Not Hispanic or Latino,A
P05087,M,1955-05-30,White,Not Hispanic or Latino,B
P05088,M,1972-05-10,Asian,Hispanic or Latino,B
P05089,F,1974-01-14,Black,Hispanic or Latino,C
P05090,F,1979-01-05,Black,Not Hispanic or Latino,A
P05091,M,1951-02-22,Native Hawaiian/Pacific Islander,Not Hispanic or Latino,A
P05092,M,1963-05-12,White,Hispanic or Latino,B
P05093,F,1942-02-07,White,Not Hispanic or Latino,A
P05094,M,1961-05-15,White,Not Hispanic or Latino,A
P05095,F,1970-09-23,Native Hawaiian/Pacific Islander,Not Hispanic or Latino,B
P05096,M,1968-05-24,Asian,Hispanic or Latino,A
P05097,M,1984-04-10,Native Hawaiian/Pacific Islander,Not Hispanic or Latino,B
P05098,M,1960-10-02,White,Not Hispanic or Latino,A
P05099,F,1962-02-07,American Indian/Alaska Native,Not Hispanic or Latino,C
P05100,F,1990-03-31,Native Hawaiian/Pacific Islander,Hispanic or Latino,A
P05101,M,1968-06-05,American Indian/Alaska Native,Not Hispanic or Latino,C
P05102,F,1949-07-18,American Indian/Alaska Native,Not Hispanic or Latino,B
P05103,M,1985-02-03,Native Hawaiian/Pacific Islander,Not Hispanic or Latino,B
P05104,F,1968-12-09,Native Hawaiian/Pacific Islander,Not Hispanic or Latino,A
P05105,M,1944-08-27,Black,Not Hispanic or Latino,B
P05106,F,1993-11-25,Native Hawaiian/Pacific Islander,Hispanic or Latino,C
P05107,M,1998-08-28,Asian,Hispanic or Latino,B
P05108,F,1949-10-09,Native Hawaiian/Pacific Islander,Hispanic or Latino,A
P05109,F,1983-10-24,White,Not Hispanic or Latino,B
P05110,F,1995-07-07,American Indian/Alaska Native,Not Hispanic or Latino,C
P05111,M,1966-02-03,White,Not Hispanic or Latino,A
P05112,M,1961-01-19,White,Not Hispanic or Latino,C
P05113,F,1982-02-12,Asian,Not Hispanic or Latino,A
P05114,F,2000-11-07,Native Hawaiian/Pacific Islander,Not Hispanic or Latino,C
P05115,F,1943-07-29,White,Not Hispanic or Latino,A
P05116,M,1998-12-16,American Indian/Alaska Native,Not Hispanic or Latino,A
P05117,M,1976-03-04,Native Hawaiian/Pacific Islander,Hispanic or Latino,A
P05118,M,1966-09-16,American Indian/Alaska Native,Not Hispanic or Latino,A
P05119,F,1963-01-26,Asian,Hispanic or Latino,C
P05120,F,1976-06-14,White,Hispanic or Latino,B
P05121,M,1942-06-16,White,Not Hispanic or Latino,C
P05122,M,1972-03-30,American Indian/Alaska Native,Not Hispanic or Latino,A
P05123,M,1999-07-28,Asian,Not Hispanic or Latino,A
P05124,F,1994-07-31,American Indian/Alaska Native,Not Hispanic or Latino,A
P05125,F,1958-09-24,Asian,Not Hispanic or Latino,C
P05126,M,1978-06-13,Black,Not Hispanic or Latino,B
P05127,M,1970-09-06,Black,Not Hispanic or Latino,A
P05128,M,1948-07-29,Native Hawaiian/Pacific Islander,Not Hispanic or Latino,C
P05129,M,1990-01-11,White,Not Hispanic or Latino,C
P05130,F,1993-12-16,American Indian/Alaska Native,Not Hispanic or Latino,A
P05131,M,1975-05-11,American Indian/Alaska Native,Not Hispanic or Latino,A
P05132,F,1987-02-09,White,Not Hispanic or Latino,C
P05133,F,1973-03-31,Asian,Not Hispanic or Latino,A
P05134,F,1955-08-27,Native Hawaiian/Pacific Islander,Hispanic or Latino,B
P05135,M,1952-08-04,Black,Not Hispanic or Latino,B
P05136,M,1985-10-04,White,Not Hispanic or Latino,A
P05137,M,1948-11-16,Native Hawaiian/Pacific Islander,Not Hispanic or Latino,B
P05138,F,1970-01-23,Asian,Not Hispanic or Latino,A
P05139,M,1983-02-11,Asian,Hispanic or Latino,C
P05140,F,1996-12-02,Black,Hispanic or Latino,B
P05141,M,1944-10-17,Native Hawaiian/Pacific Islander,Not Hispanic or Latino,A
P05142,M,1998-11-26,Black,Not Hispanic or Latino,A
P05143,F,1985-07-31,Asian,Not Hispanic or Latino,B
P05144,M,1980-05-20,American Indian/Alaska Native,Hispanic or Latino,B
P05145,F,1999-01-08,American Indian/Alaska Native,Not Hispanic or Latino,C
P05146,M,1989-07-21,Black,Not Hispanic or Latino,B
P05147,M,1965-03-22,Native Hawaiian/Pacific Islander,Not Hispanic or Latino,A
P05148,F,1942-06-24,Native Hawaiian/Pacific Islander,Hispanic or Latino,C
P05149,F,1970-01-16,Asian,Not Hispanic or Latino,B
P05150,M,1981-12-28,Asian,Not Hispanic or Latino,A
P05151,F,1965-11-18,Asian,Hispanic or Latino,B
P05152,M,1992-01-05,Native Hawaiian/Pacific Islander,Hispanic or Latino,B
P05153,M,1952-12-14,American Indian/Alaska Native,Not Hispanic or Latino,A
P05154,M,1970-08-29,Asian,Not Hispanic or Latino,A
P05155,F,1945-04-11,American Indian/Alaska Native,Not Hispanic or Latino,A
P05156,F,1997-03-08,American Indian/Alaska Native,Not Hispanic or Latino,A
P05157,M,2002-11-26,Black,Not Hispanic or Latino,A
P05158,M,1955-11-14,White,Not Hispanic or Latino,A
P05159,M,1980-09-03,American Indian/Alaska Native,Hispanic or Latino,A
P05160,M,1989-02-09,American Indian/Alaska Native,Not Hispanic or Latino,B
P05161,M,2001-01-06,Native Hawaiian/Pacific Islander,Hispanic or Latino,A
P05162,M,1978-07-10,Native Hawaiian/Pacific Islander,Not Hispanic or Latino,A
P05163,M,1980-08-22,Asian,Not Hispanic or Latino,A
P05164,M,1948-07-14,Asian,Not Hispanic or Latino,C
P05165,M,1994-08-31,American Indian/Alaska Native,Not Hispanic or Latino,C
P05166,F,1988-09-26,White,Not Hispanic or Latino,C
P05167,M,1968-12-26,Native Hawaiian/Pacific Islander,Not Hispanic or Latino,B
P05168,F,1974-04-03,Asian,Not Hispanic or Latino,A
P05169,F,1955-08-21,Native Hawaiian/Pacific Islander,Not Hispanic or Latino,A
P05170,M,1988-02-03,Black,Not Hispanic or Latino,A
P05171,M,2001-12-21,American Indian/Alaska Native,Not Hispanic or Latino,A
P05172,F,1989-07-04,White,Hispanic or Latino,A
P05173,M,1955-04-23,Asian,Not Hispanic or Latino,C
P05174,F,1977-07-06,Asian,Not Hispanic or Latino,B
P05175,F,1988-07-26,White,Not Hispanic or Latino,B
P05176,M,1966-11-22,White,Not Hispanic or Latino,B
P05177,F,1978-05-25,Black,Not Hispanic or Latino,A
P05178,F,1974-01-26,Black,Not Hispanic or Latino,C
P05179,M,1957-03-26,White,Not Hispanic or Latino,B
P05180,F,1942-03-22,American Indian/Alaska Native,Not Hispanic or Latino,C
P05181,F,1948-12-14,White,Not Hispanic or Latino,C
P05182,F,1945-06-21,Asian,Not Hispanic or Latino,C
P05183,M,1946-04-09,American Indian/Alaska Native,Not Hispanic or Latino,A
P05184,F,1997-12-17,White,Not Hispanic or Latino,A
P05185,F,1941-03-24,Asian,Not Hispanic or Latino,C
P05186,F,1951-12-07,White,Hispanic or Latino,A
P05187,M,1992-03-14,American Indian/Alaska Native,Not Hispanic or Latino,C
P05188,F,1974-01-31,American Indian/Alaska Native,Hispanic or Latino,B
P05189,M,1979-06-23,Native Hawaiian/Pacific Islander,Not Hispanic or Latino,A
P05190,M,1994-02-20,Asian,Not Hispanic or Latino,A
P05191,F,1946-01-07,Asian,Not Hispanic or Latino,B
P05192,F,1952-09-11,Black,Not Hispanic or Latino,B
P05193,M,1945-01-07,American Indian/Alaska Native,Not Hispanic or Latino,B
P05194,M,1996-11-07,American Indian/Alaska Native,Not Hispanic or Latino,B
P05195,M,1986-02-24,White,Not Hispanic or Latino,C
P05196,F,1985-05-25,Native Hawaiian/Pacific Islander,Not Hispanic or Latino,C
P05197,F,1974-11-01,Native Hawaiian/Pacific Islander,Not Hispanic or Latino,B
P05198,F,1987-01-01,Black,Not Hispanic or Latino,C
P05199,M,1972-03-19,American Indian/Alaska Native,Not Hispanic or Latino,B
P05200,M,1974-11-23,Black,Not Hispanic or Latino,C
P05201,F,1944-07-22,American Indian/Alaska Native,Not Hispanic or Latino,C
P05202,F,1974-05-23,American Indian/Alaska Native,Not Hispanic or Latino,A
P05203,F,1954-03-01,Black,Not Hispanic or Latino,B
P05204,F,1949-09-27,White,Not Hispanic or Latino,C
P05205,F,1977-03-02,Native Hawaiian/Pacific Islander,Not Hispanic or Latino,A
P05206,F,1972-08-23,White,Not Hispanic or Latino,A
P05207,F,1974-02-03,White,Not Hispanic or Latino,A
P05208,F,1946-04-13,American Indian/Alaska Native,Not Hispanic or Latino,B
P05209,M,1947-08-30,Black,Not Hispanic or Latino,C
P05210,F,1975-05-20,Black,Not Hispanic or Latino,C
P05211,F,1946-04-30,White,Not Hispanic or Latino,C
P05212,M,1977-05-09,American Indian/Alaska Native,Not Hispanic or Latino,A
P05213,M,1983-01-06,Black,Not Hispanic or Latino,C
P05214,F,1994-04-13,Asian,Not Hispanic or Latino,A
P05215,M,1998-07-23,Native Hawaiian/Pacific Islander,Not Hispanic or Latino,C
P05216,M,1999-08-07,American Indian/Alaska Native,Not Hispanic or Latino,B
P05217,F,1956-02-11,Black,Not Hispanic or Latino,A
P05218,F,1962-02-02,American Indian/Alaska Native,Not Hispanic or Latino,B
P05219,F,1996-02-20,White,Not Hispanic or Latino,B
P05220,F,1952-06-09,White,Not Hispanic or Latino,C
P05221,F,2002-08-21,Native Hawaiian/Pacific Islander,Not Hispanic or Latino,B
P05222,F,1950-10-06,Native Hawaiian/Pacific Islander,Not Hispanic or Latino,C
P05223,F,1950-02-03,Black,Not Hispanic or Latino,B
P05224,M,2001-12-25,Black,Not Hispanic or Latino,A
P05225,M,1981-08-25,Native Hawaiian/Pacific Islander,Not Hispanic or Latino,B
P05226,F,1986-07-31,White,Hispanic or Latino,C
P05227,F,1977-10-22,Black,Not Hispanic or Latino,A
P05228,F,1999-05-08,Native Hawaiian/Pacific Islander,Not Hispanic or Latino,C
P05229,F,2001-11-19,Native Hawaiian/Pacific Islander,Not Hispanic or Latino,B
P05230,M,1982-09-12,Native Hawaiian/Pacific Islander,Not Hispanic or Latino,B
P05231,F,1968-12-18,White,Not Hispanic or Latino,C
P05232,F,1947-10-05,Black,Not Hispanic or Latino,B
P05233,F,1986-12-13,White,Not Hispanic or Latino,A
P05234,F,1985-03-02,Native Hawaiian/Pacific Islander,Hispanic or Latino,B
P05235,F,1973-08-16,White,Not Hispanic or Latino,C
P05236,M,1959-08-13,American Indian/Alaska Native,Hispanic or Latino,B
P05237,F,1952-08-05,Asian,Hispanic or Latino,B
P05238,M,1987-07-19,Black,Not Hispanic or Latino,A
P05239,M,1946-08-10,Native Hawaiian/Pacific Islander,Not Hispanic or Latino,A
P05240,F,1981-02-04,American Indian/Alaska Native,Not Hispanic or Latino,C
P05241,F,1976-08-02,White,Not Hispanic or Latino,C
P05242,M,1965-10-03,American Indian/Alaska Native,Not Hispanic or Latino,C
P05243,F,1952-02-27,Native Hawaiian/Pacific Islander,Not Hispanic or Latino,B
P05244,F,1988-12-10,Black,Not Hispanic or Latino,C
P05245,F,1942-11-17,Native Hawaiian/Pacific Islander,Not Hispanic or Latino,A
P05246,M,1987-04-24,Black,Not Hispanic or Latino,A
P05247,F,1941-03-13,Native Hawaiian/Pacific Islander,Not Hispanic or Latino,C
P05248,F,1941-06-19,Native Hawaiian/Pacific Islander,Not Hispanic or Latino,B
P05249,M,1951-12-30,White,Not Hispanic or Latino,B
P05250,F,1951-12-09,Native Hawaiian/Pacific Islander,Hispanic or Latino,B
P05251,M,1975-12-04,Black,Hispanic or Latino,A
P05252,M,1951-02-16,Black,Not Hispanic or Latino,A
P05253,M,1992-01-02,American Indian/Alaska Native,Hispanic or Latino,C
P05254,F,1981-04-26,Black,Hispanic or Latino,A
P05255,F,1982-02-24,White,Not Hispanic or Latino,A
P05256,M,1963-05-26,American Indian/Alaska Native,Not Hispanic or Latino,A
P05257,M,1942-06-07,Black,Hispanic or Latino,A
P05258,M,1976-01-21,Asian,Not Hispanic or Latino,A
P05259,M,1972-03-05,Black,Not Hispanic or Latino,B
P05260,M,1969-10-20,American Indian/Alaska Native,Not Hispanic or Latino,C
P05261,F,1984-10-29,American Indian/Alaska Native,Not Hispanic or Latino,B
P05262,M,1985-03-12,American Indian/Alaska Native,Not Hispanic or Latino,B
P05263,M,1980-04-06,Black,Not Hispanic or Latino,B
P05264,F,1967-03-09,Asian,Not Hispanic or Latino,B
P05265,M,1995-07-26,Black,Not Hispanic or Latino,A
P05266,M,1986-03-22,White,Not Hispanic or Latino,B
P05267,M,1998-04-08,White,Not Hispanic or Latino,A
P05268,M,1976-10-29,American Indian/Alaska Native,Not Hispanic or Latino,A
P05269,F,1979-04-24,Native Hawaiian/Pacific Islander,Not Hispanic or Latino,B
P05270,M,1976-06-11,White,Hispanic or Latino,A
P05271,M,1949-12-27,Black,Not Hispanic or Latino,B
P05272,M,1944-01-31,White,Hispanic or Latino,B
P05273,F,1979-11-14,American Indian/Alaska Native,Not Hispanic or Latino,C
P05274,F,1983-01-24,Native Hawaiian/Pacific Islander,Not Hispanic or Latino,B
P05275,F,1972-06-12,White,Not Hispanic or Latino,A
P05276,F,1954-01-09,Asian,Hispanic or Latino,B
P05277,F,1940-03-31,White,Not Hispanic or Latino,C
P05278,M,1950-10-17,Native Hawaiian/Pacific Islander,Not Hispanic or Latino,C
P05279,M,1982-04-01,American Indian/Alaska Native,Not Hispanic or Latino,B
P05280,F,1957-01-15,American Indian/Alaska Native,Not Hispanic or Latino,A
P05281,F,1978-07-23,Native Hawaiian/Pacific Islander,Not Hispanic or Latino,A
P05282,F,1974-05-13,Native Hawaiian/Pacific Islander,Not Hispanic or Latino,C
P05283,M,1962-04-29,White,Not Hispanic or Latino,B
P05284,M,1976-11-17,Asian,Not Hispanic or Latino,C
P05285,F,1971-08-17,White,Not Hispanic or Latino,A
P05286,F,1963-08-25,White,Hispanic or Latino,A
P05287,F,1979-12-16,American Indian/Alaska Native,Not Hispanic or Latino,C
P05288,F,1997-08-28,American Indian/Alaska Native,Not Hispanic or Latino,B
P05289,M,1968-08-19,Asian,Not Hispanic or Latino,A
P05290,M,1998-06-28,American Indian/Alaska Native,Hispanic or Latino,B
P05291,F,1981-08-29,Black,Not Hispanic or Latino,A
P05292,M,1991-03-20,Black,Not Hispanic or Latino,A
P05293,M,1946-07-21,Asian,Not Hispanic or Latino,A
P05294,M,1998-08-23,Asian,Not Hispanic or Latino,B
P05295,M,1985-09-02,Native Hawaiian/Pacific Islander,Not Hispanic or Latino,B
P05296,M,1955-03-09,American Indian/Alaska Native,Not Hispanic or Latino,C
P05297,F,1974-04-21,American Indian/Alaska Native,Not Hispanic or Latino,B
P05298,F,1949-05-19,Asian,Hispanic or Latino,B
P05299,F,1970-08-25,Asian,Not Hispanic or Latino,B
P05300,M,1978-05-22,Black,Not Hispanic or Latino,C
P05301,F,1996-10-12,Black,Hispanic or Latino,C
P05302,M,1980-10-27,Asian,Not Hispanic or Latino,A
P05303,F,1975-10-09,American Indian/Alaska Native,Not Hispanic or Latino,A
P05304,F,1977-06-09,White,Not Hispanic or Latino,B
P05305,F,1944-02-08,White,Not Hispanic or Latino,C
P05306,M,1943-01-02,American Indian/Alaska Native,Not Hispanic or Latino,A
P05307,M,1940-09-06,White,Hispanic or Latino,B
P05308,F,1941-07-17,White,Not Hispanic or Latino,B
P05309,F,1993-10-07,White,Not Hispanic or Latino,B
P05310,F,1953-06-17,Black,Not Hispanic or Latino,C
P05311,F,1975-06-05,Native Hawaiian/Pacific Islander,Not Hispanic or Latino,B
P05312,M,1960-04-17,Black,Hispanic or Latino,B
P05313,M,1979-07-13,American Indian/Alaska Native,Not Hispanic or Latino,A
P05314,M,1994-03-09,Asian,Not Hispanic or Latino,B
P05315,M,1976-12-04,American Indian/Alaska Native,Not Hispanic or Latino,C
P05316,M,1946-09-20,Black,Not Hispanic or Latino,B
P05317,F,1999-09-15,American Indian/Alaska Native,Not Hispanic or Latino,C
P05318,F,1979-07-04,White,Not Hispanic or Latino,A
P05319,F,1981-01-24,Asian,Not Hispanic or Latino,A
P05320,M,1992-05-11,American Indian/Alaska Native,Not Hispanic or Latino,A
P05321,M,1985-03-20,American Indian/Alaska Native,Hispanic or Latino,C
P05322,F,1962-05-28,White,Not Hispanic or Latino,B
P05323,M,1993-03-15,White,Not Hispanic or Latino,C
P05324,F,1941-09-07,Black,Not Hispanic or Latino,C
P05325,M,2001-01-08,Asian,Not Hispanic or Latino,B
P05326,F,1974-06-13,American Indian/Alaska Native,Not Hispanic or Latino,C
P05327,F,1990-06-07,White,Not Hispanic or Latino,A
P05328,F,2002-04-15,Black,Not Hispanic or Latino,B
P05329,F,1987-08-24,Asian,Hispanic or Latino,B
P05330,F,1982-11-03,Native Hawaiian/Pacific Islander,Not Hispanic or Latino,A
P05331,M,1967-09-24,White,Hispanic or Latino,B
P05332,F,1956-11-11,Asian,Not Hispanic or Latino,A
P05333,F,2000-12-06,Black,Not Hispanic or Latino,A
P05334,F,1965-09-13,Black,Not Hispanic or Latino,C
P05335,F,1976-11-17,White,Not Hispanic or Latino,A
P05336,F,1953-11-23,Native Hawaiian/Pacific Islander,Not Hispanic or Latino,A
P05337,F,1996-07-28,American Indian/Alaska Native,Not Hispanic or Latino,C
P05338,M,1944-08-29,White,Not Hispanic or Latino,B
P05339,M,1946-04-05,Black,Not Hispanic or Latino,B
P05340,F,1952-01-24,Native Hawaiian/Pacific Islander,Not Hispanic or Latino,C
P05341,F,1966-08-19,Native Hawaiian/Pacific Islander,Not Hispanic or Latino,C
P05342,M,1993-11-07,Black,Hispanic or Latino,C
P05343,F,1991-07-11,Black,Not Hispanic or Latino,B
P05344,M,2002-10-15,Asian,Hispanic or Latino,C
P05345,F,1988-07-03,Asian,Not Hispanic or Latino,A
P05346,F,1998-03-13,American Indian/Alaska Native,Not Hispanic or Latino,C
P05347,M,1971-12-07,Black,Not Hispanic or Latino,A
P05348,M,1976-08-21,Native Hawaiian/Pacific Islander,Not Hispanic or Latino,A
P05349,M,1970-05-17,Asian,Hispanic or Latino,C
P05350,F,1990-05-09,Asian,Not Hispanic or Latino,A
P05351,M,1998-02-22,Black,Not Hispanic or Latino,C
P05352,F,1970-06-01,Asian,Not Hispanic or Latino,A
P05353,M,1940-10-05,Asian,Not Hispanic or Latino,B
P05354,F,1981-12-05,White,Not Hispanic or Latino,C
P05355,M,1969-07-26,Native Hawaiian/Pacific Islander,Not Hispanic or Latino,C
P05356,M,1964-01-05,White,Hispanic or Latino,B
P05357,M,1976-08-07,Native Hawaiian/Pacific Islander,Not Hispanic or Latino,A
P05358,M,1986-06-30,Asian,Hispanic or Latino,B
P05359,F,1963-09-28,American Indian/Alaska Native,Not Hispanic or Latino,A
P05360,F,1978-01-31,Native Hawaiian/Pacific Islander,Not Hispanic or Latino,B
P05361,F,1944-04-18,American Indian/Alaska Native,Not Hispanic or Latino,B
P05362,F,1996-12-01,Asian,Not Hispanic or Latino,C
P05363,F,1960-11-01,Black,Not Hispanic or Latino,A
P05364,F,1982-10-05,American Indian/Alaska Native,Not Hispanic or Latino,B
P05365,F,1945-03-02,Native Hawaiian/Pacific Islander,Not Hispanic or Latino,C
P05366,M,1940-11-17,American Indian/Alaska Native,Not Hispanic or Latino,C
P05367,F,1951-09-08,Native Hawaiian/Pacific Islander,Not Hispanic or Latino,A
P05368,M,1978-03-19,White,Not Hispanic or Latino,A
P05369,F,1955-12-03,Native Hawaiian/Pacific Islander,Not Hispanic or Latino,A
P05370,F,1969-08-23,American Indian/Alaska Native,Not Hispanic or Latino,C
P05371,F,1980-10-27,White,Not Hispanic or Latino,C
P05372,F,1953-05-23,White,Not Hispanic or Latino,A
P05373,M,1966-03-08,Native Hawaiian/Pacific Islander,Not Hispanic or Latino,B
P05374,F,1951-06-24,White,Not Hispanic or Latino,A
P05375,M,1972-09-15,White,Hispanic or Latino,B
P05376,F,1977-06-08,Asian,Hispanic or Latino,C
P05377,F,1951-12-19,Native Hawaiian/Pacific Islander,Hispanic or Latino,C
P05378,F,1987-06-16,Asian,Not Hispanic or Latino,A
P05379,F,1945-02-18,Asian,Not Hispanic or Latino,A
P05380,M,1996-05-22,Black,Not Hispanic or Latino,C
P05381,F,1964-01-27,White,Not Hispanic or Latino,A
P05382,M,1965-04-21,Native Hawaiian/Pacific Islander,Not Hispanic or Latino,B
P05383,M,1950-09-21,White,Not Hispanic or Latino,C
P05384,F,1965-07-25,Asian,Not Hispanic or Latino,A
P05385,F,1999-09-17,White,Not Hispanic or Latino,A
P05386,M,1997-07-27,Native Hawaiian/Pacific Islander,Not Hispanic or Latino,C
P05387,F,1966-06-03,American Indian/Alaska Native,Hispanic or Latino,A
P05388,M,1954-02-27,Black,Not Hispanic or Latino,B
P05389,F,1947-12-14,American Indian/Alaska Native,Not Hispanic or Latino,C
P05390,F,1997-03-08,Native Hawaiian/Pacific Islander,Not Hispanic or Latino,A
P05391,F,1950-01-02,Black,Not Hispanic or Latino,B
P05392,F,1950-02-20,Black,Not Hispanic or Latino,C
P05393,F,1994-06-22,White,Hispanic or Latino,A
P05394,F,1975-02-11,American Indian/Alaska Native,Not Hispanic or Latino,A
P05395,M,1959-05-05,Black,Not Hispanic or Latino,C
P05396,F,1977-12-04,Black,Not Hispanic or Latino,A
P05397,F,2002-06-09,Native Hawaiian/Pacific Islander,Not Hispanic or Latino,C
P05398,M,1985-08-21,Black,Not Hispanic or Latino,A
P05399,F,1966-04-25,Black,Not Hispanic or Latino,B
P05400,M,1975-01-21,Black,Not Hispanic or Latino,B
P05401,F,1997-07-04,Black,Not Hispanic or Latino,B
P05402,F,1943-04-14,White,Not Hispanic or Latino,B
P05403,F,1981-04-14,Black,Not Hispanic or Latino,C
P05404,M,1948-09-02,American Indian/Alaska Native,Hispanic or Latino,A
P05405,F,1941-01-12,Asian,Not Hispanic or Latino,C
P05406,M,1955-05-08,Native Hawaiian/Pacific Islander,Not Hispanic or Latino,C
P05407,F,1998-03-31,Black,Not Hispanic or Latino,C
P05408,M,1973-06-09,American Indian/Alaska Native,Not Hispanic or Latino,B
P05409,M,1960-04-18,Black,Not Hispanic or Latino,A
P05410,F,1940-10-17,Black,Hispanic or Latino,B
P05411,F,1940-03-10,American Indian/Alaska Native,Not Hispanic or Latino,A
P05412,F,1942-10-22,Asian,Not Hispanic or Latino,C
P05413,F,1970-05-17,Black,Not Hispanic or Latino,B
P05414,F,1948-01-27,Black,Not Hispanic or Latino,C
P05415,M,1974-09-09,Black,Not Hispanic or Latino,B
P05416,M,1942-04-01,White,Not Hispanic or Latino,B
P05417,M,1978-02-18,Asian,Not Hispanic or Latino,C
P05418,M,1958-05-08,Black,Not Hispanic or Latino,A
P05419,M,1953-10-02,White,Not Hispanic or Latino,B
P05420,M,1971-08-27,Native Hawaiian/Pacific Islander,Not Hispanic or Latino,A
P05421,M,1988-10-23,White,Not Hispanic or Latino,C
P05422,F,1976-08-16,White,Not Hispanic or Latino,B
P05423,F,1960-08-16,American Indian/Alaska Native,Hispanic or Latino,B
P05424,F,1992-03-15,American Indian/Alaska Native,Not Hispanic or Latino,B
P05425,F,1984-03-05,Asian,Not Hispanic or Latino,B
P05426,F,1946-02-26,Native Hawaiian/Pacific Islander,Not Hispanic or Latino,C
P05427,M,1980-02-21,Black,Not Hispanic or Latino,B
P05428,M,1944-03-10,Native Hawaiian/Pacific Islander,Not Hispanic or Latino,A
P05429,M,1988-05-09,Asian,Not Hispanic or Latino,A
P05430,F,1962-06-30,Native Hawaiian/Pacific Islander,Not Hispanic or Latino,C
P05431,M,1990-04-24,White,Hispanic or Latino,B
P05432,F,1977-06-17,American Indian/Alaska Native,Not Hispanic or Latino,A
P05433,M,1948-12-07,American Indian/Alaska Native,Not Hispanic or Latino,B
P05434,F,1951-11-08,White,Not Hispanic or Latino,A
P05435,F,1971-05-21,White,Hispanic or Latino,A
P05436,F,1946-02-04,Asian,Not Hispanic or Latino,B
P05437,M,1991-12-27,American Indian/Alaska Native,Not Hispanic or Latino,C
P05438,M,1941-09-10,American Indian/Alaska Native,Not Hispanic or Latino,A
P05439,F,1966-06-26,Native Hawaiian/Pacific Islander,Not Hispanic or Latino,B
P05440,F,1990-06-28,Native Hawaiian/Pacific Islander,Not Hispanic or Latino,A
P05441,M,1989-08-30,Native Hawaiian/Pacific Islander,Not Hispanic or Latino,A
P05442,F,1972-10-05,American Indian/Alaska Native,Not Hispanic or Latino,A
P05443,F,1968-07-28,Native Hawaiian/Pacific Islander,Not Hispanic or Latino,A
P05444,M,1972-02-04,Native Hawaiian/Pacific Islander,Not Hispanic or Latino,C
P05445,M,1984-01-26,American Indian/Alaska Native,Not Hispanic or Latino,C
P05446,M,1961-01-22,White,Not Hispanic or Latino,C
P05447,F,1991-02-19,White,Not Hispanic or Latino,C
P05448,F,1956-10-22,Asian,Hispanic or Latino,B
P05449,M,1989-03-19,Asian,Hispanic or Latino,A
P05450,M,1954-06-20,American Indian/Alaska Native,Hispanic or Latino,B
P05451,M,1979-11-30,White,Not Hispanic or Latino,A
P05452,M,1994-11-02,Black,Not Hispanic or Latino,A
P05453,F,1983-08-16,White,Not Hispanic or Latino,A
P05454,F,2000-09-26,White,Hispanic or Latino,A
P05455,F,1994-09-15,Asian,Not Hispanic or Latino,A
P05456,F,1941-09-05,Black,Not Hispanic or Latino,C
P05457,F,1991-12-07,Asian,Not Hispanic or Latino,B
P05458,M,1989-06-13,White,Not Hispanic or Latino,B
P05459,M,1994-12-11,Native Hawaiian/Pacific Islander,Not Hispanic or Latino,B
P05460,M,1988-06-14,American Indian/Alaska Native,Not Hispanic or Latino,C
P05461,M,1946-09-30,Black,Not Hispanic or Latino,C
P05462,M,1942-01-30,Asian,Not Hispanic or Latino,B
P05463,F,1999-01-18,Native Hawaiian/Pacific Islander,Not Hispanic or Latino,C
P05464,F,1968-04-27,Asian,Not Hispanic or Latino,A
P05465,F,1947-02-02,White,Not Hispanic or Latino,A
P05466,F,1993-04-17,Native Hawaiian/Pacific Islander,Not Hispanic or Latino,B
P05467,F,1945-07-30,White,Not Hispanic or Latino,B
P05468,F,1984-12-09,Asian,Not Hispanic or Latino,B
P05469,M,1989-09-08,Native Hawaiian/Pacific Islander,Not Hispanic or Latino,A
P05470,F,1973-01-05,Asian,Not Hispanic or Latino,A
P05471,M,2002-01-08,Black,Not Hispanic or Latino,C
P05472,M,1955-02-03,White,Not Hispanic or Latino,C
P05473,M,1984-07-16,Native Hawaiian/Pacific Islander,Not Hispanic or Latino,B
P05474,M,1962-12-24,Native Hawaiian/Pacific Islander,Not Hispanic or Latino,B
P05475,M,1958-06-17,Native Hawaiian/Pacific Islander,Not Hispanic or Latino,B
P05476,M,1944-12-17,Asian,Not Hispanic or Latino,C
P05477,M,1992-07-24,White,Not Hispanic or Latino,A
P05478,F,1965-06-25,White,Not Hispanic or Latino,C
P05479,M,1948-05-08,American Indian/Alaska Native,Hispanic or Latino,C
P05480,M,1945-11-19,White,Hispanic or Latino,B
P05481,F,1969-12-13,Native Hawaiian/Pacific Islander,Not Hispanic or Latino,A
P05482,M,1955-04-27,Asian,Not Hispanic or Latino,A
P05483,M,1940-05-22,Asian,Hispanic or Latino,B
P05484,M,1955-07-04,White,Not Hispanic or Latino,B
P05485,M,1982-06-10,White,Not Hispanic or Latino,C
P05486,M,1952-01-27,American Indian/Alaska Native,Not Hispanic or Latino,A
P05487,M,1984-05-18,Black,Not Hispanic or Latino,A
P05488,M,1941-10-11,American Indian/Alaska Native,Not Hispanic or Latino,C
P05489,F,1959-06-17,American Indian/Alaska Native,Not Hispanic or Latino,A
P05490,F,1956-11-20,White,Not Hispanic or Latino,C
P05491,M,1949-11-13,Asian,Not Hispanic or Latino,A
P05492,M,1949-02-06,White,Not Hispanic or Latino,B
P05493,M,1944-09-26,White,Not Hispanic or Latino,A
P05494,M,1982-11-24,American Indian/Alaska Native,Not Hispanic or Latino,C
P05495,F,1999-12-14,White,Hispanic or Latino,B
P05496,F,2001-06-22,Black,Not Hispanic or Latino,A
P05497,M,1952-09-13,Black,Hispanic or Latino,B
P05498,M,1992-09-24,Black,Not Hispanic or Latino,B
P05499,M,1990-10-16,American Indian/Alaska Native,Not Hispanic or Latino,A
P05500,M,1979-12-27,White,Hispanic or Latino,B
P05501,M,1969-05-23,Black,Not Hispanic or Latino,B
P05502,F,1955-07-24,Asian,Hispanic or Latino,A
P05503,M,1996-04-22,White,Not Hispanic or Latino,A
P05504,M,1965-08-07,Asian,Not Hispanic or Latino,C
P05505,M,1990-08-30,White,Not Hispanic or Latino,C
P05506,F,1952-11-13,Asian,Not Hispanic or Latino,A
P05507,M,1950-02-13,Asian,Not Hispanic or Latino,B
P05508,M,1945-01-25,American Indian/Alaska Native,Not Hispanic or Latino,B
P05509,M,1974-08-08,Asian,Not Hispanic or Latino,A
P05510,F,1994-10-13,American Indian/Alaska Native,Not Hispanic or Latino,B
P05511,F,1996-09-20,Black,Not Hispanic or Latino,A
P05512,F,1979-03-18,Native Hawaiian/Pacific Islander,Not Hispanic or Latino,A
P05513,F,1995-10-31,Native Hawaiian/Pacific Islander,Not Hispanic or Latino,A
P05514,M,1970-04-05,Black,Not Hispanic or Latino,A
P05515,F,1986-04-20,Native Hawaiian/Pacific Islander,Not Hispanic or Latino,A
P05516,F,1962-02-27,American Indian/Alaska Native,Hispanic or Latino,A
P05517,M,1958-08-03,Black,Not Hispanic or Latino,B
P05518,M,1994-01-26,American Indian/Alaska Native,Not Hispanic or Latino,C
P05519,F,1982-03-23,American Indian/Alaska Native,Hispanic or Latino,A
P05520,F,1942-02-12,Black,Not Hispanic or Latino,B
P05521,M,1974-08-28,Black,Not Hispanic or Latino,A
P05522,F,1978-12-12,Black,Hispanic or Latino,B
P05523,M,1977-10-21,American Indian/Alaska Native,Not Hispanic or Latino,A
P05524,F,2001-11-19,Asian,Not Hispanic or Latino,B
P05525,F,1990-03-13,Native Hawaiian/Pacific Islander,Not Hispanic or Latino,C
P05526,M,1958-07-27,Native Hawaiian/Pacific Islander,Not Hispanic or Latino,A
P05527,M,1942-04-11,Black,Not Hispanic or Latino,C
P05528,F,1985-06-16,Native Hawaiian/Pacific Islander,Hispanic or Latino,B
P05529,F,1983-04-26,Black,Not Hispanic or Latino,A
P05530,M,1945-10-19,White,Not Hispanic or Latino,A
P05531,F,1955-11-29,White,Not Hispanic or Latino,A
P05532,M,1960-11-28,White,Not Hispanic or Latino,C
P05533,F,1961-06-02,Native Hawaiian/Pacific Islander,Not Hispanic or Latino,C
P05534,M,1978-05-15,Asian,Not Hispanic or Latino,B
P05535,F,1953-03-12,American Indian/Alaska Native,Not Hispanic or Latino,B
P05536,M,1956-10-07,American Indian/Alaska Native,Hispanic or Latino,A
P05537,F,1959-10-04,Black,Not Hispanic or Latino,B
P05538,F,1954-10-26,Native Hawaiian/Pacific Islander,Not Hispanic or Latino,B
P05539,F,1957-09-30,Asian,Not Hispanic or Latino,B
P05540,M,1964-04-07,Native Hawaiian/Pacific Islander,Hispanic or Latino,B
P05541,M,1952-03-17,Black,Not Hispanic or Latino,C
P05542,F,1941-11-18,Black,Not Hispanic or Latino,C
P05543,F,1965-04-02,White,Hispanic or Latino,C
P05544,M,1987-10-24,Black,Not Hispanic or Latino,A
P05545,M,1984-12-09,American Indian/Alaska Native,Hispanic or Latino,B
P05546,M,1984-01-08,White,Hispanic or Latino,A
P05547,M,1985-08-07,Asian,Not Hispanic or Latino,B
P05548,M,1942-01-31,American Indian/Alaska Native,Not Hispanic or Latino,A
P05549,M,1955-03-19,Black,Not Hispanic or Latino,B
P05550,F,1969-01-26,Asian,Not Hispanic or Latino,B
P05551,F,1983-09-12,Native Hawaiian/Pacific Islander,Not Hispanic or Latino,A
P05552,M,1994-05-04,Black,Not Hispanic or Latino,A
P05553,M,1954-09-24,Asian,Not Hispanic or Latino,C
P05554,F,1956-05-24,Native Hawaiian/Pacific Islander,Not Hispanic or Latino,A
P05555,F,1974-04-11,Asian,Not Hispanic or Latino,B
P05556,M,1974-09-13,Asian,Not Hispanic or Latino,B
P05557,M,1960-04-28,Black,Not Hispanic or Latino,B
P05558,F,1992-09-21,Native Hawaiian/Pacific Islander,Hispanic or Latino,A
P05559,M,1959-06-30,Asian,Not Hispanic or Latino,B
P05560,F,1957-05-12,Black,Not Hispanic or Latino,C
P05561,M,1947-12-14,Native Hawaiian/Pacific Islander,Not Hispanic or Latino,A
P05562,M,2001-11-23,Black,Not Hispanic or Latino,C
P05563,F,1959-01-24,Black,Hispanic or Latino,B
P05564,F,1962-06-10,Black,Hispanic or Latino,C
P05565,F,1992-09-09,White,Not Hispanic or Latino,B
P05566,M,1979-12-08,Native Hawaiian/Pacific Islander,Hispanic or Latino,C
P05567,M,1987-05-09,American Indian/Alaska Native,Not Hispanic or Latino,A
P05568,M,1971-04-12,Black,Not Hispanic or Latino,B
P05569,M,1967-12-31,Black,Not Hispanic or Latino,B
P05570,F,1957-05-17,Asian,Not Hispanic or Latino,A
P05571,F,1992-05-31,American Indian/Alaska Native,Not Hispanic or Latino,C
P05572,M,1963-02-18,American Indian/Alaska Native,Not Hispanic or Latino,C
P05573,M,1991-07-07,Asian,Not Hispanic or Latino,A
P05574,F,1988-04-06,Native Hawaiian/Pacific Islander,Not Hispanic or Latino,C
P05575,F,1980-01-09,Native Hawaiian/Pacific Islander,Not Hispanic or Latino,B
P05576,F,1943-02-25,Black,Not Hispanic or Latino,A
P05577,F,1955-04-05,Asian,Not Hispanic or Latino,A
P05578,F,1974-09-21,White,Not Hispanic or Latino,B
P05579,F,1989-03-06,Native Hawaiian/Pacific Islander,Not Hispanic or Latino,A
P05580,M,1979-02-15,Native Hawaiian/Pacific Islander,Not Hispanic or Latino,A
P05581,F,1992-04-23,White,Hispanic or Latino,B
P05582,F,1943-04-15,Asian,Not Hispanic or Latino,A
P05583,F,1980-03-03,Black,Not Hispanic or Latino,C
P05584,F,1954-11-07,Asian,Hispanic or Latino,C
P05585,M,1992-04-04,White,Not Hispanic or Latino,A
P05586,M,1990-07-07,White,Not Hispanic or Latino,B
P05587,M,1976-05-07,Asian,Not Hispanic or Latino,B
P05588,M,1965-10-18,Black,Not Hispanic or Latino,C
P05589,M,1947-04-29,Asian,Not Hispanic or Latino,C
P05590,F,1991-06-03,Asian,Not Hispanic or Latino,C
P05591,F,1949-09-11,White,Not Hispanic or Latino,B
P05592,F,1951-03-29,American Indian/Alaska Native,Not Hispanic or Latino,A
P05593,F,1953-02-12,Asian,Not Hispanic or Latino,B
P05594,M,1961-04-21,Native Hawaiian/Pacific Islander,Hispanic or Latino,B
P05595,F,1956-01-29,Asian,Not Hispanic or Latino,A
P05596,M,1972-08-01,American Indian/Alaska Native,Not Hispanic or Latino,C
P05597,M,1982-03-22,Native Hawaiian/Pacific Islander,Not Hispanic or Latino,A
P05598,F,2001-03-07,White,Not Hispanic or Latino,B
P05599,M,1941-02-04,Black,Not Hispanic or Latino,C
P05600,F,1973-07-04,White,Not Hispanic or Latino,B
P05601,M,1958-07-31,American Indian/Alaska Native,Not Hispanic or Latino,B
P05602,F,1941-11-27,White,Not Hispanic or Latino,B
P05603,F,1983-11-03,Black,Not Hispanic or Latino,B
P05604,F,1960-02-05,American Indian/Alaska Native,Hispanic or Latino,A
P05605,M,1984-04-11,Black,Not Hispanic or Latino,C
P05606,M,1951-02-17,White,Not Hispanic or Latino,B
P05607,M,1999-11-19,Black,Not Hispanic or Latino,B
P05608,M,1944-05-19,White,Not Hispanic or Latino,B
P05609,M,1988-10-26,Black,Not Hispanic or Latino,A
P05610,M,1949-08-15,White,Not Hispanic or Latino,A
P05611,M,1943-01-07,Black,Not Hispanic or Latino,A
P05612,M,1987-01-22,American Indian/Alaska Native,Not Hispanic or Latino,B
P05613,M,1977-06-02,Asian,Not Hispanic or Latino,B
P05614,M,1986-03-06,Asian,Hispanic or Latino,B
P05615,M,1972-08-15,American Indian/Alaska Native,Not Hispanic or Latino,B
P05616,F,1975-07-30,White,Not Hispanic or Latino,C
P05617,M,1961-02-09,Black,Not Hispanic or Latino,A
P05618,M,1985-11-15,Black,Hispanic or Latino,A
P05619,F,1993-02-14,Black,Not Hispanic or Latino,A
P05620,F,1989-12-14,Black,Not Hispanic or Latino,A
P05621,M,1947-07-31,American Indian/Alaska Native,Not Hispanic or Latino,A
P05622,F,1968-09-21,American Indian/Alaska Native,Not Hispanic or Latino,C
P05623,F,1976-03-17,American Indian/Alaska Native,Hispanic or Latino,B
P05624,F,2002-07-25,White,Not Hispanic or Latino,A
P05625,M,1995-03-16,Asian,Not Hispanic or Latino,B
P05626,F,1950-11-08,White,Hispanic or Latino,B
P05627,F,1965-12-24,American Indian/Alaska Native,Not Hispanic or Latino,B
P05628,M,1943-05-15,American Indian/Alaska Native,Not Hispanic or Latino,B
P05629,M,1976-04-02,Native Hawaiian/Pacific Islander,Hispanic or Latino,C
P05630,F,1979-08-22,Native Hawaiian/Pacific Islander,Not Hispanic or Latino,C
P05631,F,1965-01-24,Native Hawaiian/Pacific Islander,Hispanic or Latino,B
P05632,F,1953-06-20,American Indian/Alaska Native,Not Hispanic or Latino,A
P05633,M,1958-07-07,American Indian/Alaska Native,Not Hispanic or Latino,A
P05634,M,1964-12-20,Black,Not Hispanic or Latino,A
P05635,F,1979-06-13,Native Hawaiian/Pacific Islander,Not Hispanic or Latino,C
P05636,F,1989-05-29,White,Not Hispanic or Latino,A
P05637,M,1957-06-11,White,Hispanic or Latino,B
P05638,F,1977-06-11,Native Hawaiian/Pacific Islander,Hispanic or Latino,A
P05639,F,1952-03-13,Black,Not Hispanic or Latino,C
P05640,F,1961-02-09,Asian,Not Hispanic or Latino,A
P05641,M,1945-09-08,Asian,Hispanic or Latino,C
P05642,M,1944-09-14,Black,Not Hispanic or Latino,A
P05643,F,1949-02-27,Native Hawaiian/Pacific Islander,Hispanic or Latino,B
P05644,M,1952-07-22,Native Hawaiian/Pacific Islander,Not Hispanic or Latino,B
P05645,F,1976-09-27,Native Hawaiian/Pacific Islander,Not Hispanic or Latino,A
P05646,M,1998-04-08,White,Not Hispanic or Latino,A
P05647,M,1982-10-10,White,Not Hispanic or Latino,A
P05648,F,1984-05-05,Black,Not Hispanic or Latino,B
P05649,F,1947-10-01,Asian,Hispanic or Latino,C
P05650,M,1949-02-28,American Indian/Alaska Native,Not Hispanic or Latino,C
P05651,F,1946-05-31,White,Hispanic or Latino,C
P05652,F,1976-04-14,Asian,Not Hispanic or Latino,A
P05653,F,1985-11-27,American Indian/Alaska Native,Not Hispanic or Latino,B
P05654,F,1960-05-17,American Indian/Alaska Native,Not Hispanic or Latino,A
P05655,F,1994-12-25,Native Hawaiian/Pacific Islander,Hispanic or Latino,C
P05656,M,1953-11-04,Native Hawaiian/Pacific Islander,Hispanic or Latino,A
P05657,M,1978-05-29,Asian,Not Hispanic or Latino,B
P05658,F,1997-07-24,Asian,Not Hispanic or Latino,A
P05659,F,1972-04-23,Black,Not Hispanic or Latino,A
P05660,M,1987-12-05,White,Hispanic or Latino,B
P05661,M,1969-11-02,American Indian/Alaska Native,Not Hispanic or Latino,A
P05662,F,1957-04-07,Black,Not Hispanic or Latino,B
P05663,M,1993-08-02,Black,Hispanic or Latino,B
P05664,F,1950-04-23,American Indian/Alaska Native,Not Hispanic or Latino,A
P05665,F,1946-11-01,Asian,Not Hispanic or Latino,A
P05666,F,1948-02-11,Asian,Not Hispanic or Latino,A
P05667,M,1950-06-28,Black,Not Hispanic or Latino,B
P05668,F,1990-01-01,Asian,Not Hispanic or Latino,C
P05669,F,1997-06-08,Black,Not Hispanic or Latino,B
P05670,M,1947-06-05,White,Not Hispanic or Latino,C
P05671,F,1993-05-20,Asian,Not Hispanic or Latino,A
P05672,F,1985-04-29,American Indian/Alaska Native,Not Hispanic or Latino,B
P05673,M,1974-02-19,White,Not Hispanic or Latino,A
P05674,M,1983-04-11,American Indian/Alaska Native,Hispanic or Latino,A
P05675,M,2000-12-23,Asian,Not Hispanic or Latino,A
P05676,M,1973-06-06,Asian,Not Hispanic or Latino,C
P05677,M,1987-10-03,Black,Not Hispanic or Latino,B
P05678,F,1970-10-12,American Indian/Alaska Native,Not Hispanic or Latino,C
P05679,F,1985-08-09,Black,Not Hispanic or Latino,A
P05680,M,1940-03-06,Asian,Hispanic or Latino,C
P05681,M,1996-10-27,Native Hawaiian/Pacific Islander,Not Hispanic or Latino,B
P05682,F,1987-04-26,Black,Not Hispanic or Latino,A
P05683,F,1973-04-19,Asian,Not Hispanic or Latino,A
P05684,F,1947-11-28,White,Not Hispanic or Latino,C
P05685,F,1974-07-12,American Indian/Alaska Native,Not Hispanic or Latino,A
P05686,M,1965-04-10,White,Not Hispanic or Latino,A
P05687,F,1988-05-29,White,Not Hispanic or Latino,B
P05688,F,1982-01-20,American Indian/Alaska Native,Not Hispanic or Latino,C
P05689,F,1961-05-09,Asian,Not Hispanic or Latino,A
P05690,F,1941-05-09,White,Not Hispanic or Latino,A
P05691,M,1986-10-05,White,Not Hispanic or Latino,A
P05692,M,1982-01-27,Asian,Hispanic or Latino,B
P05693,F,2001-10-07,Native Hawaiian/Pacific Islander,Not Hispanic or Latino,B
P05694,F,1957-09-14,Asian,Not Hispanic or Latino,A
P05695,M,1966-09-01,Native Hawaiian/Pacific Islander,Not Hispanic or Latino,C
P05696,F,1986-01-31,Native Hawaiian/Pacific Islander,Not Hispanic or Latino,B
P05697,M,1958-05-13,Native Hawaiian/Pacific Islander,Not Hispanic or Latino,C
P05698,M,1955-05-13,Asian,Hispanic or Latino,A
P05699,M,1955-02-17,Black,Not Hispanic or Latino,B
P05700,F,1999-05-20,White,Not Hispanic or Latino,C
P05701,M,1984-11-21,American Indian/Alaska Native,Not Hispanic or Latino,C
P05702,M,1997-07-28,Asian,Hispanic or Latino,C
P05703,F,1980-03-21,Native Hawaiian/Pacific Islander,Not Hispanic or Latino,B
P05704,M,1957-01-06,White,Not Hispanic or Latino,A
P05705,M,1954-05-26,Native Hawaiian/Pacific Islander,Hispanic or Latino,B
P05706,F,1961-10-24,Black,Not Hispanic or Latino,A
P05707,M,1988-04-15,Native Hawaiian/Pacific Islander,Not Hispanic or Latino,B
P05708,F,1942-12-10,Asian,Hispanic or Latino,A
P05709,F,1985-05-11,Asian,Not Hispanic or Latino,B
P05710,F,1973-06-14,White,Not Hispanic or Latino,B
P05711,M,1996-12-07,White,Not Hispanic or Latino,B
P05712,F,1955-12-26,White,Hispanic or Latino,A
P05713,M,1983-03-21,Native Hawaiian/Pacific Islander,Not Hispanic or Latino,B
P05714,F,2002-11-26,American Indian/Alaska Native,Not Hispanic or Latino,B
P05715,M,1949-06-25,White,Not Hispanic or Latino,C
P05716,M,1954-01-16,White,Hispanic or Latino,A
P05717,M,1973-07-31,American Indian/Alaska Native,Not Hispanic or Latino,C
P05718,F,1985-02-18,White,Not Hispanic or Latino,B
P05719,M,1944-09-08,Asian,Hispanic or Latino,A
P05720,M,1974-06-13,Native Hawaiian/Pacific Islander,Not Hispanic or Latino,B
P05721,F,1993-10-22,Native Hawaiian/Pacific Islander,Hispanic or Latino,B
P05722,F,1969-09-11,Black,Hispanic or Latino,B
P05723,F,1981-06-02,White,Not Hispanic or Latino,C
P05724,F,1948-04-26,Black,Not Hispanic or Latino,B
P05725,F,1953-03-19,White,Not Hispanic or Latino,A
P05726,M,1973-08-02,Native Hawaiian/Pacific Islander,Not Hispanic or Latino,A
P05727,F,1948-05-12,Native Hawaiian/Pacific Islander,Not Hispanic or Latino,A
P05728,M,1979-10-08,Asian,Not Hispanic or Latino,A
P05729,F,1954-12-30,Black,Not Hispanic or Latino,A
P05730,M,1944-04-14,American Indian/Alaska Native,Not Hispanic or Latino,B
P05731,F,1986-07-25,American Indian/Alaska Native,Hispanic or Latino,B
P05732,M,1954-04-14,Native Hawaiian/Pacific Islander,Not Hispanic or Latino,A
P05733,M,1996-12-29,Asian,Not Hispanic or Latino,A
P05734,M,1982-02-11,White,Not Hispanic or Latino,A
P05735,M,2002-03-31,American Indian/Alaska Native,Not Hispanic or Latino,C
P05736,F,1987-03-21,Native Hawaiian/Pacific Islander,Not Hispanic or Latino,A
P05737,M,1998-04-16,Asian,Not Hispanic or Latino,A
P05738,M,1980-05-30,American Indian/Alaska Native,Not Hispanic or Latino,C
P05739,M,1970-12-09,Black,Hispanic or Latino,A
P05740,F,1985-12-09,Black,Not Hispanic or Latino,C
P05741,M,1976-02-04,Asian,Not Hispanic or Latino,B
P05742,M,1981-03-12,Native Hawaiian/Pacific Islander,Not Hispanic or Latino,B
P05743,F,1972-11-19,Black,Hispanic or Latino,A
P05744,F,1971-04-16,Black,Not Hispanic or Latino,B
P05745,M,1991-04-22,White,Not Hispanic or Latino,B
P05746,F,1949-04-18,Native Hawaiian/Pacific Islander,Not Hispanic or Latino,A
P05747,M,1984-01-01,White,Not Hispanic or Latino,B
P05748,F,1994-03-30,White,Not Hispanic or Latino,A
P05749,M,1976-09-18,American Indian/Alaska Native,Not Hispanic or Latino,B
P05750,F,1989-04-20,Native Hawaiian/Pacific Islander,Not Hispanic or Latino,A
P05751,F,1987-08-22,Asian,Not Hispanic or Latino,B
P05752,F,1998-05-14,Asian,Hispanic or Latino,A
P05753,M,1960-04-02,Native Hawaiian/Pacific Islander,Hispanic or Latino,A
P05754,F,1954-12-15,White,Not Hispanic or Latino,A
P05755,M,1998-06-27,American Indian/Alaska Native,Not Hispanic or Latino,A
P05756,F,1959-05-26,Black,Not Hispanic or Latino,B
P05757,M,1964-04-23,White,Not Hispanic or Latino,B
P05758,F,1940-10-16,American Indian/Alaska Native,Not Hispanic or Latino,A
P05759,M,1968-08-02,Asian,Not Hispanic or Latino,A
P05760,M,1954-12-25,Native Hawaiian/Pacific Islander,Not Hispanic or Latino,A
P05761,M,1977-04-30,American Indian/Alaska Native,Not Hispanic or Latino,C
P05762,M,1942-12-26,Black,Not Hispanic or Latino,B
P05763,M,1982-01-20,White,Not Hispanic or Latino,B
P05764,M,1988-08-10,Black,Not Hispanic or Latino,C
P05765,M,1977-12-01,Asian,Not Hispanic or Latino,C
P05766,M,1986-05-16,Native Hawaiian/Pacific Islander,Not Hispanic or Latino,A
P05767,F,1965-06-28,Black,Not Hispanic or Latino,C
P05768,F,2002-05-31,Native Hawaiian/Pacific Islander,Not Hispanic or Latino,B
P05769,F,1956-03-11,Asian,Hispanic or Latino,B
P05770,M,1958-07-28,White,Not Hispanic or Latino,C
P05771,F,1953-06-14,Native Hawaiian/Pacific Islander,Not Hispanic or Latino,A
P05772,F,1970-12-08,Black,Not Hispanic or Latino,A
P05773,F,1981-04-19,Native Hawaiian/Pacific Islander,Not Hispanic or Latino,A
P05774,F,2000-03-13,Asian,Not Hispanic or Latino,A
P05775,F,1966-10-24,Black,Not Hispanic or Latino,A
P05776,F,1964-04-17,Native Hawaiian/Pacific Islander,Not Hispanic or Latino,B
P05777,M,1946-09-23,American Indian/Alaska Native,Not Hispanic or Latino,C
P05778,M,1970-09-03,Black,Not Hispanic or Latino,B
P05779,M,1981-08-15,Asian,Not Hispanic or Latino,C
P05780,F,1992-06-11,Native Hawaiian/Pacific Islander,Not Hispanic or Latino,A
P05781,M,1985-01-06,Asian,Not Hispanic or Latino,B
P05782,M,1985-02-23,Native Hawaiian/Pacific Islander,Not Hispanic or Latino,B
P05783,F,1989-01-28,American Indian/Alaska Native,Not Hispanic or Latino,B
P05784,M,1971-01-27,Native Hawaiian/Pacific Islander,Not Hispanic or Latino,B
P05785,F,1976-08-08,Black,Not Hispanic or Latino,B
P05786,M,1963-06-21,Black,Not Hispanic or Latino,B
P05787,F,2000-02-25,Asian,Hispanic or Latino,B
P05788,M,1990-08-08,American Indian/Alaska Native,Not Hispanic or Latino,A
P05789,M,1941-01-13,Asian,Not Hispanic or Latino,C
P05790,F,1956-03-24,White,Not Hispanic or Latino,B
P05791,M,1975-07-16,Black,Not Hispanic or Latino,B
P05792,F,1947-06-21,Black,Not Hispanic or Latino,A
P05793,F,1975-03-25,American Indian/Alaska Native,Not Hispanic or Latino,C
P05794,F,1949-02-13,American Indian/Alaska Native,Not Hispanic or Latino,A
P05795,M,1983-10-26,Black,Not Hispanic or Latino,C
P05796,M,1964-07-19,White,Not Hispanic or Latino,B
P05797,M,1977-05-03,Black,Not Hispanic or Latino,B
P05798,M,1988-02-27,Black,Not Hispanic or Latino,A
P05799,F,1972-04-04,American Indian/Alaska Native,Not Hispanic or Latino,A
P05800,M,1940-09-14,American Indian/Alaska Native,Not Hispanic or Latino,B
P05801,F,1958-11-05,Asian,Not Hispanic or Latino,C
P05802,M,1976-11-24,American Indian/Alaska Native,Not Hispanic or Latino,B
P05803,M,1968-05-19,Black,Not Hispanic or Latino,A
P05804,F,1985-09-06,Native Hawaiian/Pacific Islander,Not Hispanic or Latino,A
P05805,M,1985-08-22,White,Not Hispanic or Latino,A
P05806,F,1987-05-19,Native Hawaiian/Pacific Islander,Not Hispanic or Latino,C
P05807,F,1957-11-17,Native Hawaiian/Pacific Islander,Not Hispanic or Latino,B
P05808,M,1948-07-31,Native Hawaiian/Pacific Islander,Not Hispanic or Latino,C
P05809,M,1990-12-07,Black,Not Hispanic or Latino,C
P05810,M,1964-12-14,Asian,Not Hispanic or Latino,B
P05811,M,1954-06-28,Native Hawaiian/Pacific Islander,Hispanic or Latino,B
P05812,M,1981-12-08,Native Hawaiian/Pacific Islander,Not Hispanic or Latino,A
P05813,F,1940-09-14,American Indian/Alaska Native,Not Hispanic or Latino,C
P05814,M,1942-11-10,Asian,Hispanic or Latino,A
P05815,M,1961-08-28,White,Not Hispanic or Latino,B
P05816,M,1942-02-23,White,Not Hispanic or Latino,B
P05817,M,1989-08-24,Asian,Not Hispanic or Latino,C
P05818,F,1991-11-08,Asian,Not Hispanic or Latino,C
P05819,F,1989-08-28,American Indian/Alaska Native,Not Hispanic or Latino,A
P05820,F,1981-10-03,American Indian/Alaska Native,Not Hispanic or Latino,C
P05821,F,1951-02-05,White,Not Hispanic or Latino,B
P05822,F,1948-09-03,Native Hawaiian/Pacific Islander,Not Hispanic or Latino,B
P05823,M,1940-09-25,American Indian/Alaska Native,Not Hispanic or Latino,C
P05824,M,1990-10-26,Asian,Hispanic or Latino,B
P05825,M,1942-09-24,Black,Not Hispanic or Latino,C
P05826,F,1972-07-15,American Indian/Alaska Native,Not Hispanic or Latino,A
P05827,F,1991-08-18,Black,Hispanic or Latino,B
P05828,M,1941-10-12,White,Not Hispanic or Latino,A
P05829,M,1977-03-18,American Indian/Alaska Native,Not Hispanic or Latino,A
P05830,F,1975-10-20,American Indian/Alaska Native,Not Hispanic or Latino,C
P05831,M,1955-07-06,American Indian/Alaska Native,Not Hispanic or Latino,C
P05832,M,1944-11-24,Black,Not Hispanic or Latino,B
P05833,M,1983-10-17,White,Not Hispanic or Latino,A
P05834,M,1960-10-26,Native Hawaiian/Pacific Islander,Not Hispanic or Latino,C
P05835,M,1992-08-05,American Indian/Alaska Native,Not Hispanic or Latino,A
P05836,F,1982-09-21,Black,Not Hispanic or Latino,B
P05837,M,1999-10-21,White,Not Hispanic or Latino,A
P05838,F,1997-03-02,Native Hawaiian/Pacific Islander,Not Hispanic or Latino,B
P05839,F,1985-05-23,White,Not Hispanic or Latino,C
P05840,M,1971-06-13,Asian,Not Hispanic or Latino,A
P05841,M,1983-03-08,Native Hawaiian/Pacific Islander,Not Hispanic or Latino,C
P05842,M,1941-03-31,American Indian/Alaska Native,Not Hispanic or Latino,A
P05843,M,1981-04-12,American Indian/Alaska Native,Not Hispanic or Latino,A
P05844,M,1958-05-03,Black,Hispanic or Latino,B
P05845,F,1984-05-21,Black,Not Hispanic or Latino,C
P05846,M,1966-06-29,American Indian/Alaska Native,Not Hispanic or Latino,A
P05847,F,1987-09-09,American Indian/Alaska Native,Not Hispanic or Latino,B
P05848,F,1988-01-05,Native Hawaiian/Pacific Islander,Not Hispanic or Latino,A
P05849,M,1979-05-08,Black,Not Hispanic or Latino,A
P05850,M,1986-11-25,Native Hawaiian/Pacific Islander,Not Hispanic or Latino,B
P05851,F,1990-11-02,Asian,Hispanic or Latino,B
P05852,M,1950-12-29,American Indian/Alaska Native,Hispanic or Latino,A
P05853,F,1980-03-15,White,Not Hispanic or Latino,A
P05854,M,1940-04-21,American Indian/Alaska Native,Not Hispanic or Latino,A
P05855,M,1980-05-19,White,Not Hispanic or Latino,C
P05856,M,1963-11-28,Native Hawaiian/Pacific Islander,Not Hispanic or Latino,C
P05857,M,2002-01-28,American Indian/Alaska Native,Not Hispanic or Latino,B
P05858,M,1979-01-18,American Indian/Alaska Native,Not Hispanic or Latino,B
P05859,M,1947-08-15,Native Hawaiian/Pacific Islander,Not Hispanic or Latino,A
P05860,F,1995-01-17,White,Not Hispanic or Latino,A
P05861,M,1970-12-02,White,Hispanic or Latino,B
P05862,M,1955-08-27,White,Not Hispanic or Latino,C
P05863,F,1983-07-30,Black,Not Hispanic or Latino,C
P05864,F,1953-04-19,American Indian/Alaska Native,Not Hispanic or Latino,B
P05865,F,1965-09-27,Black,Not Hispanic or Latino,B
P05866,M,1958-05-22,Asian,Not Hispanic or Latino,A
P05867,M,1987-08-23,Native Hawaiian/Pacific Islander,Not Hispanic or Latino,A
P05868,F,1948-10-18,White,Not Hispanic or Latino,A
P05869,M,1955-04-15,Asian,Not Hispanic or Latino,A
P05870,M,1963-05-21,Asian,Not Hispanic or Latino,B
P05871,M,1971-01-09,Asian,Not Hispanic or Latino,A
P05872,F,1944-07-15,White,Not Hispanic or Latino,B
P05873,M,1961-08-28,Asian,Not Hispanic or Latino,B
P05874,M,1966-10-14,Native Hawaiian/Pacific Islander,Not Hispanic or Latino,C
P05875,F,1950-11-09,Native Hawaiian/Pacific Islander,Hispanic or Latino,B
P05876,F,1984-06-28,Asian,Not Hispanic or Latino,B
P05877,F,1944-10-18,White,Not Hispanic or Latino,A
P05878,F,1964-11-17,Asian,Not Hispanic or Latino,B
P05879,M,1957-11-08,American Indian/Alaska Native,Not Hispanic or Latino,A
P05880,M,1944-08-16,Native Hawaiian/Pacific Islander,Not Hispanic or Latino,B
P05881,F,1950-07-10,White,Not Hispanic or Latino,B
P05882,F,1972-04-23,White,Not Hispanic or Latino,B
P05883,M,1993-12-08,Asian,Not Hispanic or Latino,A
P05884,F,1963-09-19,Asian,Not Hispanic or Latino,C
P05885,F,1990-11-24,Asian,Not Hispanic or Latino,A
P05886,F,1965-08-31,Native Hawaiian/Pacific Islander,Not Hispanic or Latino,A
P05887,F,1989-08-09,Native Hawaiian/Pacific Islander,Not Hispanic or Latino,C
P05888,M,1964-11-08,Asian,Not Hispanic or Latino,A
P05889,M,1953-12-04,American Indian/Alaska Native,Not Hispanic or Latino,A
P05890,F,1980-07-05,Native Hawaiian/Pacific Islander,Not Hispanic or Latino,B
P05891,M,1982-09-27,Black,Not Hispanic or Latino,B
P05892,F,1967-12-09,Native Hawaiian/Pacific Islander,Not Hispanic or Latino,B
P05893,F,2000-03-10,Asian,Not Hispanic or Latino,C
P05894,F,1973-08-15,Native Hawaiian/Pacific Islander,Not Hispanic or Latino,C
P05895,F,1978-04-11,Native Hawaiian/Pacific Islander,Not Hispanic or Latino,B
P05896,F,1997-04-16,White,Not Hispanic or Latino,C
P05897,F,1994-07-17,Asian,Hispanic or Latino,A
P05898,M,1993-12-20,Asian,Not Hispanic or Latino,B
P05899,F,1981-07-21,White,Not Hispanic or Latino,B
P05900,F,2000-08-04,Native Hawaiian/Pacific Islander,Not Hispanic or Latino,B
P05901,M,1954-07-14,White,Not Hispanic or Latino,B
P05902,F,1950-05-16,Asian,Not Hispanic or Latino,A
P05903,M,1992-06-24,American Indian/Alaska Native,Not Hispanic or Latino,A
P05904,M,1957-09-22,Black,Not Hispanic or Latino,A
P05905,M,1993-11-19,Asian,Not Hispanic or Latino,B
P05906,M,1945-09-02,American Indian/Alaska Native,Not Hispanic or Latino,C
P05907,M,1960-03-12,American Indian/Alaska Native,Hispanic or Latino,B
P05908,F,1969-10-14,Asian,Not Hispanic or Latino,A
P05909,M,1968-10-22,Asian,Hispanic or Latino,B
P05910,M,1952-06-28,American Indian/Alaska Native,Not Hispanic or Latino,C
P05911,F,1953-03-21,White,Not Hispanic or Latino,B
P05912,F,1978-12-21,Asian,Not Hispanic or Latino,A
P05913,F,1960-04-20,Black,Hispanic or Latino,B
P05914,F,1958-08-23,American Indian/Alaska Native,Hispanic or Latino,B
P05915,F,1986-03-05,Native Hawaiian/Pacific Islander,Not Hispanic or Latino,B
P05916,F,1962-04-28,Asian,Not Hispanic or Latino,B
P05917,F,1968-11-08,Native Hawaiian/Pacific Islander,Hispanic or Latino,C
P05918,M,1969-03-27,White,Hispanic or Latino,A
P05919,F,1942-04-03,Black,Not Hispanic or Latino,A
P05920,M,1941-02-21,Black,Not Hispanic or Latino,A
P05921,F,1956-07-15,American Indian/Alaska Native,Not Hispanic or Latino,C
P05922,F,1997-05-15,Black,Not Hispanic or Latino,A
P05923,F,1955-09-10,American Indian/Alaska Native,Not Hispanic or Latino,B
P05924,M,1974-01-30,Black,Not Hispanic or Latino,A
P05925,M,1981-01-29,Black,Not Hispanic or Latino,C
P05926,M,1963-07-13,Native Hawaiian/Pacific Islander,Not Hispanic or Latino,B
P05927,M,1967-08-13,Native Hawaiian/Pacific Islander,Hispanic or Latino,B
P05928,F,1971-02-26,White,Hispanic or Latino,A
P05929,F,1981-05-06,Black,Not Hispanic or Latino,A
P05930,M,1976-11-27,Native Hawaiian/Pacific Islander,Not Hispanic or Latino,A
P05931,M,1972-05-30,Asian,Hispanic or Latino,C
P05932,F,1959-08-14,Asian,Not Hispanic or Latino,A
P05933,F,1952-12-10,American Indian/Alaska Native,Not Hispanic or Latino,B
P05934,F,1970-02-15,White,Not Hispanic or Latino,C
P05935,M,1977-12-05,Native Hawaiian/Pacific Islander,Not Hispanic or Latino,B
P05936,F,1985-06-14,White,Not Hispanic or Latino,A
P05937,M,1959-03-27,Asian,Hispanic or Latino,B
P05938,F,1966-05-27,Native Hawaiian/Pacific Islander,Not Hispanic or Latino,C
P05939,M,1968-06-26,Asian,Not Hispanic or Latino,A
P05940,F,1977-05-24,White,Not Hispanic or Latino,B
P05941,M,1982-11-15,Black,Not Hispanic or Latino,B
P05942,M,1959-02-01,Black,Not Hispanic or Latino,C
P05943,F,1995-08-21,White,Not Hispanic or Latino,C
P05944,M,1963-03-03,White,Hispanic or Latino,A
P05945,M,1980-04-02,American Indian/Alaska Native,Not Hispanic or Latino,A
P05946,F,1955-07-02,American Indian/Alaska Native,Not Hispanic or Latino,A
P05947,M,1954-05-03,American Indian/Alaska Native,Not Hispanic or Latino,B
P05948,F,1973-10-02,White,Not Hispanic or Latino,C
P05949,F,1977-04-22,American Indian/Alaska Native,Hispanic or Latino,B
P05950,F,1998-07-26,Black,Hispanic or Latino,B
P05951,M,1961-04-27,Black,Not Hispanic or Latino,C
P05952,F,1980-12-09,American Indian/Alaska Native,Hispanic or Latino,B
P05953,F,1991-03-04,White,Not Hispanic or Latino,C
P05954,F,1941-11-11,Asian,Not Hispanic or Latino,A
P05955,F,1979-05-30,White,Not Hispanic or Latino,C
P05956,M,1997-08-26,American Indian/Alaska Native,Not Hispanic or Latino,C
P05957,M,1946-06-08,American Indian/Alaska Native,Not Hispanic or Latino,B
P05958,M,1980-11-26,Asian,Not Hispanic or Latino,A
P05959,M,1940-09-16,Black,Not Hispanic or Latino,B
P05960,M,1990-02-21,Asian,Not Hispanic or Latino,A
P05961,M,1951-12-30,Asian,Not Hispanic or Latino,B
P05962,M,1944-03-09,Native Hawaiian/Pacific Islander,Not Hispanic or Latino,A
P05963,M,1975-11-20,Asian,Not Hispanic or Latino,B
P05964,F,1995-02-21,Native Hawaiian/Pacific Islander,Not Hispanic or Latino,A
P05965,F,1995-02-05,White,Not Hispanic or Latino,C
P05966,M,1950-11-19,Native Hawaiian/Pacific Islander,Not Hispanic or Latino,B
P05967,M,1950-06-30,American Indian/Alaska Native,Hispanic or Latino,B
P05968,F,1984-02-20,American Indian/Alaska Native,Not Hispanic or Latino,A
P05969,F,1971-08-18,American Indian/Alaska Native,Not Hispanic or Latino,A
P05970,F,1962-09-11,Native Hawaiian/Pacific Islander,Not Hispanic or Latino,C
P05971,M,1957-08-17,Asian,Not Hispanic or Latino,B
P05972,M,1996-11-30,Native Hawaiian/Pacific Islander,Not Hispanic or Latino,A
P05973,M,1970-06-30,Native Hawaiian/Pacific Islander,Not Hispanic or Latino,A
P05974,F,1966-10-22,White,Not Hispanic or Latino,B
P05975,F,1944-08-01,American Indian/Alaska Native,Not Hispanic or Latino,B
P05976,F,1996-08-17,Asian,Not Hispanic or Latino,A
P05977,F,1980-08-04,Asian,Not Hispanic or Latino,A
P05978,M,1962-12-17,Asian,Not Hispanic or Latino,C
P05979,F,1973-12-16,Asian,Hispanic or Latino,B
P05980,F,1962-04-30,Black,Not Hispanic or Latino,A
P05981,M,1946-11-08,American Indian/Alaska Native,Not Hispanic or Latino,B
P05982,M,1984-12-19,American Indian/Alaska Native,Not Hispanic or Latino,B
P05983,F,1995-06-24,Native Hawaiian/Pacific Islander,Not Hispanic or Latino,C
P05984,M,1999-08-24,American Indian/Alaska Native,Not Hispanic or Latino,A
P05985,M,1994-03-17,White,Not Hispanic or Latino,A
P05986,F,1943-08-13,Black,Hispanic or Latino,B
P05987,M,1993-01-21,Asian,Not Hispanic or Latino,C
P05988,M,1996-08-16,Black,Not Hispanic or Latino,B
P05989,F,1964-02-15,White,Not Hispanic or Latino,A
P05990,F,1980-04-01,White,Not Hispanic or Latino,A
P05991,M,2002-05-01,White,Not Hispanic or Latino,B
P05992,M,1993-08-29,Asian,Not Hispanic or Latino,B
P05993,F,1965-05-05,Black,Not Hispanic or Latino,B
P05994,F,1968-01-21,Black,Not Hispanic or Latino,A
P05995,M,1951-08-04,Black,Hispanic or Latino,B
P05996,F,1999-07-24,American Indian/Alaska Native,Not Hispanic or Latino,C
P05997,F,1945-04-11,American Indian/Alaska Native,Not Hispanic or Latino,A
P05998,F,1968-02-29,Native Hawaiian/Pacific Islander,Hispanic or Latino,A
P05999,M,1963-04-15,American Indian/Alaska Native,Not Hispanic or Latino,B
P06000,M,1956-06-28,Native Hawaiian/Pacific Islander,Not Hispanic or Latino,B
